🚀 SysADL Integrated CLI Simulator
==================================================
Running transformer on sysadl-models/RobAFIS.complete.sysadl...
[TRANSFORMER] Found executable AST node: {
  name: 'DecideCommandEX',
  type: 'Executable',
  hasParameters: false,
  parametersType: 'undefined',
  parametersLength: 'N/A',
  hasInParameters: false,
  inParametersType: 'undefined',
  inParametersLength: 'N/A',
  keys: [
    'type',
    'name',
    'params',
    'returnType',
    'properties',
    'body',
    'location'
  ]
}
[TRANSFORMER] Final extracted params: [
  { name: 'pIn', type: 'MissionParameter', direction: 'in' },
  { name: 'colorIn', type: 'PieceType', direction: 'in' },
  { name: 'spePresenceIn', type: 'Boolean', direction: 'in' },
  { name: 'tPresenceIn', type: 'Boolean', direction: 'in' }
]
[TRANSFORMER] Found executable AST node: {
  name: 'ExtractDirEX',
  type: 'Executable',
  hasParameters: false,
  parametersType: 'undefined',
  parametersLength: 'N/A',
  hasInParameters: false,
  inParametersType: 'undefined',
  inParametersLength: 'N/A',
  keys: [
    'type',
    'name',
    'params',
    'returnType',
    'properties',
    'body',
    'location'
  ]
}
[TRANSFORMER] Final extracted params: [ { name: 'cmds', type: 'RobotCommands', direction: 'in' } ]
[TRANSFORMER] Found executable AST node: {
  name: 'ExtractGrabEX',
  type: 'Executable',
  hasParameters: false,
  parametersType: 'undefined',
  parametersLength: 'N/A',
  hasInParameters: false,
  inParametersType: 'undefined',
  inParametersLength: 'N/A',
  keys: [
    'type',
    'name',
    'params',
    'returnType',
    'properties',
    'body',
    'location'
  ]
}
[TRANSFORMER] Final extracted params: [ { name: 'cmds', type: 'RobotCommands', direction: 'in' } ]
[TRANSFORMER] Found executable AST node: {
  name: 'TranslateDirectionToColorEX',
  type: 'Executable',
  hasParameters: false,
  parametersType: 'undefined',
  parametersLength: 'N/A',
  hasInParameters: false,
  inParametersType: 'undefined',
  inParametersLength: 'N/A',
  keys: [
    'type',
    'name',
    'params',
    'returnType',
    'properties',
    'body',
    'location'
  ]
}
[TRANSFORMER] Final extracted params: [ { name: 'inDir', type: 'Direction', direction: 'in' } ]
[TRANSFORMER] Found executable AST node: {
  name: 'PassParameterEX',
  type: 'Executable',
  hasParameters: false,
  parametersType: 'undefined',
  parametersLength: 'N/A',
  hasInParameters: false,
  inParametersType: 'undefined',
  inParametersLength: 'N/A',
  keys: [
    'type',
    'name',
    'params',
    'returnType',
    'properties',
    'body',
    'location'
  ]
}
[TRANSFORMER] Final extracted params: [ { name: 'inParam', type: 'MissionParameter', direction: 'in' } ]
[TRANSFORMER] Found executable AST node: {
  name: 'PassPieceTypeEX',
  type: 'Executable',
  hasParameters: false,
  parametersType: 'undefined',
  parametersLength: 'N/A',
  hasInParameters: false,
  inParametersType: 'undefined',
  inParametersLength: 'N/A',
  keys: [
    'type',
    'name',
    'params',
    'returnType',
    'properties',
    'body',
    'location'
  ]
}
[TRANSFORMER] Final extracted params: [ { name: 'inColor', type: 'PieceType', direction: 'in' } ]
[TRANSFORMER] Found executable AST node: {
  name: 'PassPresenceEX',
  type: 'Executable',
  hasParameters: false,
  parametersType: 'undefined',
  parametersLength: 'N/A',
  hasInParameters: false,
  inParametersType: 'undefined',
  inParametersLength: 'N/A',
  keys: [
    'type',
    'name',
    'params',
    'returnType',
    'properties',
    'body',
    'location'
  ]
}
[TRANSFORMER] Final extracted params: [ { name: 'inPresence', type: 'Boolean', direction: 'in' } ]
[TRANSFORMER] Found executable AST node: {
  name: 'PassMotorCommandEX',
  type: 'Executable',
  hasParameters: false,
  parametersType: 'undefined',
  parametersLength: 'N/A',
  hasInParameters: false,
  inParametersType: 'undefined',
  inParametersLength: 'N/A',
  keys: [
    'type',
    'name',
    'params',
    'returnType',
    'properties',
    'body',
    'location'
  ]
}
[TRANSFORMER] Final extracted params: [ { name: 'inCmd', type: 'MotorCommand', direction: 'in' } ]
[TRANSFORMER] Found executable AST node: {
  name: 'PassMissionParameterEX',
  type: 'Executable',
  hasParameters: false,
  parametersType: 'undefined',
  parametersLength: 'N/A',
  hasInParameters: false,
  inParametersType: 'undefined',
  inParametersLength: 'N/A',
  keys: [
    'type',
    'name',
    'params',
    'returnType',
    'properties',
    'body',
    'location'
  ]
}
[TRANSFORMER] Final extracted params: [ { name: 'paramIn', type: 'MissionParameter', direction: 'in' } ]
[TRANSFORMER] Found executable AST node: {
  name: 'PassNavColorEX',
  type: 'Executable',
  hasParameters: false,
  parametersType: 'undefined',
  parametersLength: 'N/A',
  hasInParameters: false,
  inParametersType: 'undefined',
  inParametersLength: 'N/A',
  keys: [
    'type',
    'name',
    'params',
    'returnType',
    'properties',
    'body',
    'location'
  ]
}
[TRANSFORMER] Final extracted params: [ { name: 'colorIn', type: 'NavColor', direction: 'in' } ]
[TRANSFORMER] Found executable AST node: {
  name: 'PassMotorCommandEX',
  type: 'Executable',
  hasParameters: false,
  parametersType: 'undefined',
  parametersLength: 'N/A',
  hasInParameters: false,
  inParametersType: 'undefined',
  inParametersLength: 'N/A',
  keys: [
    'type',
    'name',
    'params',
    'returnType',
    'properties',
    'body',
    'location'
  ]
}
[TRANSFORMER] Final extracted params: [ { name: 'cmdIn', type: 'MotorCommand', direction: 'in' } ]
[TRANSFORMER] Found executable AST node: {
  name: 'PassPieceTypeEX',
  type: 'Executable',
  hasParameters: false,
  parametersType: 'undefined',
  parametersLength: 'N/A',
  hasInParameters: false,
  inParametersType: 'undefined',
  inParametersLength: 'N/A',
  keys: [
    'type',
    'name',
    'params',
    'returnType',
    'properties',
    'body',
    'location'
  ]
}
[TRANSFORMER] Final extracted params: [ { name: 'pieceIn', type: 'PieceType', direction: 'in' } ]
[TRANSFORMER] Found executable AST node: {
  name: null,
  type: 'ExecutableAllocation',
  hasParameters: false,
  parametersType: 'undefined',
  parametersLength: 'N/A',
  hasInParameters: false,
  inParametersType: 'undefined',
  inParametersLength: 'N/A',
  keys: [ 'type', 'source', 'target', 'location' ]
}
[TRANSFORMER] Final extracted params: []
[TRANSFORMER] Found executable AST node: {
  name: null,
  type: 'ExecutableAllocation',
  hasParameters: false,
  parametersType: 'undefined',
  parametersLength: 'N/A',
  hasInParameters: false,
  inParametersType: 'undefined',
  inParametersLength: 'N/A',
  keys: [ 'type', 'source', 'target', 'location' ]
}
[TRANSFORMER] Final extracted params: []
[TRANSFORMER] Found executable AST node: {
  name: null,
  type: 'ExecutableAllocation',
  hasParameters: false,
  parametersType: 'undefined',
  parametersLength: 'N/A',
  hasInParameters: false,
  inParametersType: 'undefined',
  inParametersLength: 'N/A',
  keys: [ 'type', 'source', 'target', 'location' ]
}
[TRANSFORMER] Final extracted params: []
[TRANSFORMER] Found executable AST node: {
  name: null,
  type: 'ExecutableAllocation',
  hasParameters: false,
  parametersType: 'undefined',
  parametersLength: 'N/A',
  hasInParameters: false,
  inParametersType: 'undefined',
  inParametersLength: 'N/A',
  keys: [ 'type', 'source', 'target', 'location' ]
}
[TRANSFORMER] Final extracted params: []
[TRANSFORMER] Found executable AST node: {
  name: null,
  type: 'ExecutableAllocation',
  hasParameters: false,
  parametersType: 'undefined',
  parametersLength: 'N/A',
  hasInParameters: false,
  inParametersType: 'undefined',
  inParametersLength: 'N/A',
  keys: [ 'type', 'source', 'target', 'location' ]
}
[TRANSFORMER] Final extracted params: []
[TRANSFORMER] Found executable AST node: {
  name: null,
  type: 'ExecutableAllocation',
  hasParameters: false,
  parametersType: 'undefined',
  parametersLength: 'N/A',
  hasInParameters: false,
  inParametersType: 'undefined',
  inParametersLength: 'N/A',
  keys: [ 'type', 'source', 'target', 'location' ]
}
[TRANSFORMER] Final extracted params: []
[TRANSFORMER] Found executable AST node: {
  name: null,
  type: 'ExecutableAllocation',
  hasParameters: false,
  parametersType: 'undefined',
  parametersLength: 'N/A',
  hasInParameters: false,
  inParametersType: 'undefined',
  inParametersLength: 'N/A',
  keys: [ 'type', 'source', 'target', 'location' ]
}
[TRANSFORMER] Final extracted params: []
[TRANSFORMER] Found executable AST node: {
  name: null,
  type: 'ExecutableAllocation',
  hasParameters: false,
  parametersType: 'undefined',
  parametersLength: 'N/A',
  hasInParameters: false,
  inParametersType: 'undefined',
  inParametersLength: 'N/A',
  keys: [ 'type', 'source', 'target', 'location' ]
}
[TRANSFORMER] Final extracted params: []
[TRANSFORMER] Found executable AST node: {
  name: null,
  type: 'ExecutableAllocation',
  hasParameters: false,
  parametersType: 'undefined',
  parametersLength: 'N/A',
  hasInParameters: false,
  inParametersType: 'undefined',
  inParametersLength: 'N/A',
  keys: [ 'type', 'source', 'target', 'location' ]
}
[TRANSFORMER] Final extracted params: []
[TRANSFORMER] Found executable AST node: {
  name: null,
  type: 'ExecutableAllocation',
  hasParameters: false,
  parametersType: 'undefined',
  parametersLength: 'N/A',
  hasInParameters: false,
  inParametersType: 'undefined',
  inParametersLength: 'N/A',
  keys: [ 'type', 'source', 'target', 'location' ]
}
[TRANSFORMER] Final extracted params: []
[TRANSFORMER] Found executable AST node: {
  name: null,
  type: 'ExecutableAllocation',
  hasParameters: false,
  parametersType: 'undefined',
  parametersLength: 'N/A',
  hasInParameters: false,
  inParametersType: 'undefined',
  inParametersLength: 'N/A',
  keys: [ 'type', 'source', 'target', 'location' ]
}
[TRANSFORMER] Final extracted params: []
Detected environment/scenario elements. Generating two files...
DEBUG: Processing equation for DecideCommandEQ, expression type: BinaryExpression
DEBUG: Transformed equation: (cmdsOut === cmdsOut)
DEBUG: Processing equation for ExtractDirEQ, expression type: BinaryExpression
DEBUG: Transformed equation: (dir === cmds.dir)
DEBUG: Processing equation for ExtractGrabEQ, expression type: BinaryExpression
DEBUG: Transformed equation: (grab === cmds.grab)
DEBUG: Executable function - params: ["pIn","colorIn","spePresenceIn","tPresenceIn"], body: let cmds;

        if (spePresenceIn == true) {
            cmds.dir = Direction.Forward;
            cmds.grab = MotorCommand.On;
        } 
        else if (tPresenceIn == true) {
            if (pIn == MissionParameter.P0) {
                if (colorIn == PieceType.P1) {
                    cmds.dir = Direction.Left;   
                } else {
                    cmds.dir = Direction.Right;  
                }
            } else if (pIn == MissionParameter.P1) {
                if (colorIn == PieceType.P2) {
                    cmds.dir = Direction.Left;   
                } else {
                    cmds.dir = Direction.Right;  
                }
            }
            cmds.grab = MotorCommand.On;
        } 
        else {
            cmds.dir = Direction.Stop;
            cmds.grab = MotorCommand.Off;
        }

        return cmds;
DEBUG: Executable function - params: ["cmds"], body: return cmds.dir;
DEBUG: Executable function - params: ["cmds"], body: return cmds.grab;
DEBUG: Executable function - params: ["inDir"], body: if (inDir == Direction.Stop) {
            return NavColor.None;
        }
        else if (inDir == Direction.Left) {
            return NavColor.Green;
        }
        else if (inDir == Direction.Right) {
            return NavColor.Red;
        }
        else {
            return NavColor.Black;  
        }
DEBUG: Executable function - params: ["inParam"], body: return inParam;
DEBUG: Executable function - params: ["inColor"], body: return inColor;
DEBUG: Executable function - params: ["inPresence"], body: return inPresence;
DEBUG: Executable function - params: ["inCmd"], body: return inCmd;
DEBUG: Executable function - params: ["paramIn"], body: return paramIn;
DEBUG: Executable function - params: ["colorIn"], body: return colorIn;
[Transformer] generateEnvironmentModule called
[Transformer] Grammar: NEW
[Transformer] EnvPortDefs: 10, EnvConnectorDefs: 8, EnvComponentDefs: 12
[Transformer] BoundaryExtensions: 5, EnvActivitiesDefs: 1
[Transformer] SceneDefs: 1, ScenarioDefs: 1, ScenarioExecs: 2
Generated traditional model: /Users/tales/desenv/SysAdlWebStudio/tales/v0.6/generated/RobAFIS.complete.js
Generated environment/scenario model: /Users/tales/desenv/SysAdlWebStudio/tales/v0.6/generated/RobAFIS.complete-env-scen.js

📦 Loading environment scenario module...
[INFO] 00:00.000 session_start: ExecutionLogger
[START] ExecutionLogger initialized for model: SysADLModel
   Session ID: SysADLModel-1781149169318-fkg0ue
   Log level: detailed
📦 Batch processing started (interval: 100ms, batch size: 10)
⚡ EventInjector initialized - ready for event injection
SceneExecutor initialized - ready for scene execution
ReactiveStateManager initialized - ready for reactive state tracking
DependencyTracker initialized - ready to analyze SysADL expressions
ReactiveConditionWatcher initialized - event-driven condition monitoring ready
ScenarioExecutor initialized with reactive integration
ExecutionController initialized - master orchestration ready
🎬 Model initialized with Phase 4-6 components: SysADLModel
[ACTIVITY CONSTRUCTOR] name=RobAFISControllerAC, component=RobAFISSystemCFD.controller
[ACTIVITY CONSTRUCTOR]   - delegates param: [{"from":"pIn","to":"pIn"},{"from":"colorIn","to":"colorIn"},{"from":"spePresenceIn","to":"speIn"},{"from":"tPresenceIn","to":"tIn"},{"from":"grabOut","to":"ExtractGrabAN"},{"from":"dirOut","to":"ExtractDirAN"}]
[ACTIVITY CONSTRUCTOR]   - opts: {"outParameters":[{"name":"dirOut","type":"Direction","direction":"out"},{"name":"grabOut","type":"MotorCommand","direction":"out"}],"inParameters":[{"name":"pIn","type":"MissionParameter","direction":"in"},{"name":"colorIn","type":"PieceType","direction":"in"},{"name":"spePresenceIn","type":"Boolean","direction":"in"},{"name":"tPresenceIn","type":"Boolean","direction":"in"}]}
[ACTIVITY CONSTRUCTOR]   - fullOpts.delegates: [{"from":"pIn","to":"pIn"},{"from":"colorIn","to":"colorIn"},{"from":"spePresenceIn","to":"speIn"},{"from":"tPresenceIn","to":"tIn"},{"from":"grabOut","to":"ExtractGrabAN"},{"from":"dirOut","to":"ExtractDirAN"}]
[INIT PINS] Activity: RobAFISControllerAC
[INIT PINS]   - inParameters: [
  { name: 'pIn', type: 'MissionParameter', direction: 'in' },
  { name: 'colorIn', type: 'PieceType', direction: 'in' },
  { name: 'spePresenceIn', type: 'Boolean', direction: 'in' },
  { name: 'tPresenceIn', type: 'Boolean', direction: 'in' }
]
[INIT PINS]   - delegates: [
  { from: 'pIn', to: 'pIn' },
  { from: 'colorIn', to: 'colorIn' },
  { from: 'spePresenceIn', to: 'speIn' },
  { from: 'tPresenceIn', to: 'tIn' },
  { from: 'grabOut', to: 'ExtractGrabAN' },
  { from: 'dirOut', to: 'ExtractDirAN' }
]
[INIT PINS]   - delegates JSON: [{"from":"pIn","to":"pIn"},{"from":"colorIn","to":"colorIn"},{"from":"spePresenceIn","to":"speIn"},{"from":"tPresenceIn","to":"tIn"},{"from":"grabOut","to":"ExtractGrabAN"},{"from":"dirOut","to":"ExtractDirAN"}]
[INIT PINS]     - Mapped port 'pIn' to pin 'pIn'
[INIT PINS]     - Mapped port 'colorIn' to pin 'colorIn'
[INIT PINS]     - Mapped port 'speIn' to pin 'spePresenceIn'
[INIT PINS]     - Mapped port 'tIn' to pin 'tPresenceIn'
[INIT PINS]     - Mapped port 'ExtractGrabAN' to pin 'grabOut'
[INIT PINS]     - Mapped port 'ExtractDirAN' to pin 'dirOut'
[INIT PINS]   - Final portToPinMapping: {
  pIn: 'pIn',
  colorIn: 'colorIn',
  spePresenceIn: 'spePresenceIn',
  tPresenceIn: 'tPresenceIn',
  dirOut: 'dirOut',
  grabOut: 'grabOut',
  speIn: 'spePresenceIn',
  tIn: 'tPresenceIn',
  ExtractGrabAN: 'grabOut',
  ExtractDirAN: 'dirOut'
}
[ACTIVITY CONSTRUCTOR] name=ParameterInputAC, component=RobAFISSystemCFD.pInput
[ACTIVITY CONSTRUCTOR]   - delegates param: [{"from":"inParam","to":"inParam"},{"from":"pOut","to":"passParam"}]
[ACTIVITY CONSTRUCTOR]   - opts: {"outParameters":[{"name":"pOut","type":"MissionParameter","direction":"out"}],"inParameters":[{"name":"Param","type":"MissionParameter","direction":"in"}]}
[ACTIVITY CONSTRUCTOR]   - fullOpts.delegates: [{"from":"inParam","to":"inParam"},{"from":"pOut","to":"passParam"}]
[INIT PINS] Activity: ParameterInputAC
[INIT PINS]   - inParameters: [ { name: 'Param', type: 'MissionParameter', direction: 'in' } ]
[INIT PINS]   - delegates: [
  { from: 'inParam', to: 'inParam' },
  { from: 'pOut', to: 'passParam' }
]
[INIT PINS]   - delegates JSON: [{"from":"inParam","to":"inParam"},{"from":"pOut","to":"passParam"}]
[INIT PINS]     - Mapped port 'passParam' to pin 'pOut'
[INIT PINS]   - Final portToPinMapping: { Param: 'Param', pOut: 'pOut', passParam: 'pOut' }
[ACTIVITY CONSTRUCTOR] name=ColorSensorAC, component=RobAFISSystemCFD.colorSens
[ACTIVITY CONSTRUCTOR]   - delegates param: [{"from":"inColor","to":"inColor"},{"from":"colorOut","to":"passColor"}]
[ACTIVITY CONSTRUCTOR]   - opts: {"outParameters":[{"name":"colorOut","type":"PieceType","direction":"out"}],"inParameters":[{"name":"Color","type":"PieceType","direction":"in"}]}
[ACTIVITY CONSTRUCTOR]   - fullOpts.delegates: [{"from":"inColor","to":"inColor"},{"from":"colorOut","to":"passColor"}]
[INIT PINS] Activity: ColorSensorAC
[INIT PINS]   - inParameters: [ { name: 'Color', type: 'PieceType', direction: 'in' } ]
[INIT PINS]   - delegates: [
  { from: 'inColor', to: 'inColor' },
  { from: 'colorOut', to: 'passColor' }
]
[INIT PINS]   - delegates JSON: [{"from":"inColor","to":"inColor"},{"from":"colorOut","to":"passColor"}]
[INIT PINS]     - Mapped port 'passColor' to pin 'colorOut'
[INIT PINS]   - Final portToPinMapping: { Color: 'Color', colorOut: 'colorOut', passColor: 'colorOut' }
[ACTIVITY CONSTRUCTOR] name=PresenceSensorAC, component=RobAFISSystemCFD.speSens
[ACTIVITY CONSTRUCTOR]   - delegates param: [{"from":"inPresence","to":"inPresence"},{"from":"presenceOut","to":"passPresence"}]
[ACTIVITY CONSTRUCTOR]   - opts: {"outParameters":[{"name":"presenceOut","type":"Boolean","direction":"out"}],"inParameters":[{"name":"Presence","type":"Boolean","direction":"in"}]}
[ACTIVITY CONSTRUCTOR]   - fullOpts.delegates: [{"from":"inPresence","to":"inPresence"},{"from":"presenceOut","to":"passPresence"}]
[INIT PINS] Activity: PresenceSensorAC
[INIT PINS]   - inParameters: [ { name: 'Presence', type: 'Boolean', direction: 'in' } ]
[INIT PINS]   - delegates: [
  { from: 'inPresence', to: 'inPresence' },
  { from: 'presenceOut', to: 'passPresence' }
]
[INIT PINS]   - delegates JSON: [{"from":"inPresence","to":"inPresence"},{"from":"presenceOut","to":"passPresence"}]
[INIT PINS]     - Mapped port 'passPresence' to pin 'presenceOut'
[INIT PINS]   - Final portToPinMapping: {
  Presence: 'Presence',
  presenceOut: 'presenceOut',
  passPresence: 'presenceOut'
}
[ACTIVITY CONSTRUCTOR] name=PresenceSensorAC, component=RobAFISSystemCFD.tSens
[ACTIVITY CONSTRUCTOR]   - delegates param: [{"from":"inPresence","to":"inPresence"},{"from":"presenceOut","to":"passPresence"}]
[ACTIVITY CONSTRUCTOR]   - opts: {"outParameters":[{"name":"presenceOut","type":"Boolean","direction":"out"}],"inParameters":[{"name":"Presence","type":"Boolean","direction":"in"}]}
[ACTIVITY CONSTRUCTOR]   - fullOpts.delegates: [{"from":"inPresence","to":"inPresence"},{"from":"presenceOut","to":"passPresence"}]
[INIT PINS] Activity: PresenceSensorAC
[INIT PINS]   - inParameters: [ { name: 'Presence', type: 'Boolean', direction: 'in' } ]
[INIT PINS]   - delegates: [
  { from: 'inPresence', to: 'inPresence' },
  { from: 'presenceOut', to: 'passPresence' }
]
[INIT PINS]   - delegates JSON: [{"from":"inPresence","to":"inPresence"},{"from":"presenceOut","to":"passPresence"}]
[INIT PINS]     - Mapped port 'passPresence' to pin 'presenceOut'
[INIT PINS]   - Final portToPinMapping: {
  Presence: 'Presence',
  presenceOut: 'presenceOut',
  passPresence: 'presenceOut'
}
[ACTIVITY CONSTRUCTOR] name=GrabberAC, component=RobAFISSystemCFD.grabber
[ACTIVITY CONSTRUCTOR]   - delegates param: [{"from":"cmdIn","to":"inCmd"},{"from":"outCommand","to":"passCmd"}]
[ACTIVITY CONSTRUCTOR]   - opts: {"outParameters":[{"name":"Command","type":"MotorCommand","direction":"out"}],"inParameters":[{"name":"cmdIn","type":"MotorCommand","direction":"in"}]}
[ACTIVITY CONSTRUCTOR]   - fullOpts.delegates: [{"from":"cmdIn","to":"inCmd"},{"from":"outCommand","to":"passCmd"}]
[INIT PINS] Activity: GrabberAC
[INIT PINS]   - inParameters: [ { name: 'cmdIn', type: 'MotorCommand', direction: 'in' } ]
[INIT PINS]   - delegates: [
  { from: 'cmdIn', to: 'inCmd' },
  { from: 'outCommand', to: 'passCmd' }
]
[INIT PINS]   - delegates JSON: [{"from":"cmdIn","to":"inCmd"},{"from":"outCommand","to":"passCmd"}]
[INIT PINS]     - Mapped port 'inCmd' to pin 'cmdIn'
[INIT PINS]   - Final portToPinMapping: { cmdIn: 'cmdIn', Command: 'Command', inCmd: 'cmdIn' }
[ACTIVITY CONSTRUCTOR] name=DriveSystemAC, component=RobAFISSystemCFD.drive
[ACTIVITY CONSTRUCTOR]   - delegates param: [{"from":"dirIn","to":"inDir"},{"from":"outColor","to":"translateDir"}]
[ACTIVITY CONSTRUCTOR]   - opts: {"outParameters":[{"name":"Color","type":"NavColor","direction":"out"}],"inParameters":[{"name":"dirIn","type":"Direction","direction":"in"}]}
[ACTIVITY CONSTRUCTOR]   - fullOpts.delegates: [{"from":"dirIn","to":"inDir"},{"from":"outColor","to":"translateDir"}]
[INIT PINS] Activity: DriveSystemAC
[INIT PINS]   - inParameters: [ { name: 'dirIn', type: 'Direction', direction: 'in' } ]
[INIT PINS]   - delegates: [
  { from: 'dirIn', to: 'inDir' },
  { from: 'outColor', to: 'translateDir' }
]
[INIT PINS]   - delegates JSON: [{"from":"dirIn","to":"inDir"},{"from":"outColor","to":"translateDir"}]
[INIT PINS]     - Mapped port 'inDir' to pin 'dirIn'
[INIT PINS]   - Final portToPinMapping: { dirIn: 'dirIn', Color: 'Color', inDir: 'dirIn' }
[ACTIVITY CONSTRUCTOR] name=OperatorEA, component=RobAFISSystemCFD.pInput
[ACTIVITY CONSTRUCTOR]   - delegates param: [{"from":"opParamOut","to":"setMissionParametersOp"}]
[ACTIVITY CONSTRUCTOR]   - opts: {"outParameters":[{"name":"opParamOut","type":"MissionParameter","direction":"out"}],"inParameters":[]}
[ACTIVITY CONSTRUCTOR]   - fullOpts.delegates: [{"from":"opParamOut","to":"setMissionParametersOp"}]
[INIT PINS] Activity: OperatorEA
[INIT PINS]   - inParameters: []
[INIT PINS]   - delegates: [ { from: 'opParamOut', to: 'setMissionParametersOp' } ]
[INIT PINS]   - delegates JSON: [{"from":"opParamOut","to":"setMissionParametersOp"}]
[INIT PINS]     - Mapped port 'setMissionParametersOp' to pin 'opParamOut'
[INIT PINS]   - Final portToPinMapping: { opParamOut: 'opParamOut', setMissionParametersOp: 'opParamOut' }
[ACTIVITY CONSTRUCTOR] name=OperatorEA, component=RobAFISSystemCFD.colorSens
[ACTIVITY CONSTRUCTOR]   - delegates param: [{"from":"opParamOut","to":"setMissionParametersOp"}]
[ACTIVITY CONSTRUCTOR]   - opts: {"outParameters":[{"name":"opParamOut","type":"MissionParameter","direction":"out"}],"inParameters":[]}
[ACTIVITY CONSTRUCTOR]   - fullOpts.delegates: [{"from":"opParamOut","to":"setMissionParametersOp"}]
[INIT PINS] Activity: OperatorEA
[INIT PINS]   - inParameters: []
[INIT PINS]   - delegates: [ { from: 'opParamOut', to: 'setMissionParametersOp' } ]
[INIT PINS]   - delegates JSON: [{"from":"opParamOut","to":"setMissionParametersOp"}]
[INIT PINS]     - Mapped port 'setMissionParametersOp' to pin 'opParamOut'
[INIT PINS]   - Final portToPinMapping: { opParamOut: 'opParamOut', setMissionParametersOp: 'opParamOut' }
[ACTIVITY CONSTRUCTOR] name=OperatorEA, component=RobAFISSystemCFD.speSens
[ACTIVITY CONSTRUCTOR]   - delegates param: [{"from":"opParamOut","to":"setMissionParametersOp"}]
[ACTIVITY CONSTRUCTOR]   - opts: {"outParameters":[{"name":"opParamOut","type":"MissionParameter","direction":"out"}],"inParameters":[]}
[ACTIVITY CONSTRUCTOR]   - fullOpts.delegates: [{"from":"opParamOut","to":"setMissionParametersOp"}]
[INIT PINS] Activity: OperatorEA
[INIT PINS]   - inParameters: []
[INIT PINS]   - delegates: [ { from: 'opParamOut', to: 'setMissionParametersOp' } ]
[INIT PINS]   - delegates JSON: [{"from":"opParamOut","to":"setMissionParametersOp"}]
[INIT PINS]     - Mapped port 'setMissionParametersOp' to pin 'opParamOut'
[INIT PINS]   - Final portToPinMapping: { opParamOut: 'opParamOut', setMissionParametersOp: 'opParamOut' }
[ACTIVITY CONSTRUCTOR] name=OperatorEA, component=RobAFISSystemCFD.tSens
[ACTIVITY CONSTRUCTOR]   - delegates param: [{"from":"opParamOut","to":"setMissionParametersOp"}]
[ACTIVITY CONSTRUCTOR]   - opts: {"outParameters":[{"name":"opParamOut","type":"MissionParameter","direction":"out"}],"inParameters":[]}
[ACTIVITY CONSTRUCTOR]   - fullOpts.delegates: [{"from":"opParamOut","to":"setMissionParametersOp"}]
[INIT PINS] Activity: OperatorEA
[INIT PINS]   - inParameters: []
[INIT PINS]   - delegates: [ { from: 'opParamOut', to: 'setMissionParametersOp' } ]
[INIT PINS]   - delegates JSON: [{"from":"opParamOut","to":"setMissionParametersOp"}]
[INIT PINS]     - Mapped port 'setMissionParametersOp' to pin 'opParamOut'
[INIT PINS]   - Final portToPinMapping: { opParamOut: 'opParamOut', setMissionParametersOp: 'opParamOut' }
[ACTIVITY CONSTRUCTOR] name=OperatorEA, component=RobAFISSystemCFD.drive
[ACTIVITY CONSTRUCTOR]   - delegates param: [{"from":"opParamOut","to":"setMissionParametersOp"}]
[ACTIVITY CONSTRUCTOR]   - opts: {"outParameters":[{"name":"opParamOut","type":"MissionParameter","direction":"out"}],"inParameters":[]}
[ACTIVITY CONSTRUCTOR]   - fullOpts.delegates: [{"from":"opParamOut","to":"setMissionParametersOp"}]
[INIT PINS] Activity: OperatorEA
[INIT PINS]   - inParameters: []
[INIT PINS]   - delegates: [ { from: 'opParamOut', to: 'setMissionParametersOp' } ]
[INIT PINS]   - delegates JSON: [{"from":"opParamOut","to":"setMissionParametersOp"}]
[INIT PINS]     - Mapped port 'setMissionParametersOp' to pin 'opParamOut'
[INIT PINS]   - Final portToPinMapping: { opParamOut: 'opParamOut', setMissionParametersOp: 'opParamOut' }
[ACTIVITY CONSTRUCTOR] name=OperatorEA, component=RobAFISSystemCFD.grabber
[ACTIVITY CONSTRUCTOR]   - delegates param: [{"from":"opParamOut","to":"setMissionParametersOp"}]
[ACTIVITY CONSTRUCTOR]   - opts: {"outParameters":[{"name":"opParamOut","type":"MissionParameter","direction":"out"}],"inParameters":[]}
[ACTIVITY CONSTRUCTOR]   - fullOpts.delegates: [{"from":"opParamOut","to":"setMissionParametersOp"}]
[INIT PINS] Activity: OperatorEA
[INIT PINS]   - inParameters: []
[INIT PINS]   - delegates: [ { from: 'opParamOut', to: 'setMissionParametersOp' } ]
[INIT PINS]   - delegates JSON: [{"from":"opParamOut","to":"setMissionParametersOp"}]
[INIT PINS]     - Mapped port 'setMissionParametersOp' to pin 'opParamOut'
[INIT PINS]   - Final portToPinMapping: { opParamOut: 'opParamOut', setMissionParametersOp: 'opParamOut' }
[ACTIVITY CONSTRUCTOR] name=OperatorEA, component=RobAFISSystemCFD.controller
[ACTIVITY CONSTRUCTOR]   - delegates param: [{"from":"opParamOut","to":"setMissionParametersOp"}]
[ACTIVITY CONSTRUCTOR]   - opts: {"outParameters":[{"name":"opParamOut","type":"MissionParameter","direction":"out"}],"inParameters":[]}
[ACTIVITY CONSTRUCTOR]   - fullOpts.delegates: [{"from":"opParamOut","to":"setMissionParametersOp"}]
[INIT PINS] Activity: OperatorEA
[INIT PINS]   - inParameters: []
[INIT PINS]   - delegates: [ { from: 'opParamOut', to: 'setMissionParametersOp' } ]
[INIT PINS]   - delegates JSON: [{"from":"opParamOut","to":"setMissionParametersOp"}]
[INIT PINS]     - Mapped port 'setMissionParametersOp' to pin 'opParamOut'
[INIT PINS]   - Final portToPinMapping: { opParamOut: 'opParamOut', setMissionParametersOp: 'opParamOut' }
[ACTIVITY CONSTRUCTOR] name=UnitEA, component=RobAFISSystemCFD.pInput
[ACTIVITY CONSTRUCTOR]   - delegates param: [{"from":"outUnitNavLine","to":"leavePA"},{"from":"outUnitNavLine","to":"turnRight"},{"from":"outUnitNavLine","to":"returnJourney"},{"from":"outUnitNavLine","to":"obstacleDetected"},{"from":"outUnitNavLine","to":"obstacleRemoved"},{"from":"outUnitNavPad","to":"detectGreenPad"},{"from":"outUnitNavPad","to":"detectRedPad"},{"from":"outUnitNavPad","to":"stopAtT"},{"from":"outUnitNavPad","to":"routeToSA"},{"from":"outUnitNavPad","to":"routeToSPD"},{"from":"outUnitNavPad","to":"stopAtSPE"},{"from":"outUnitNavPad","to":"arriveAtTargetStock"},{"from":"outUnitPieceColor","to":"extractPieceT"},{"from":"outUnitPieceColor","to":"extractPieceSPE"},{"from":"outSAPieceColor","to":"insertPieceSA"},{"from":"outSPDPieceColor","to":"insertPieceSPD"},{"from":"outUnitPAColor","to":"arriveAtPA"}]
[ACTIVITY CONSTRUCTOR]   - opts: {"outParameters":[{"name":"UnitNavLine","type":"NavColor","direction":"out"},{"name":"UnitNavPad","type":"NavColor","direction":"out"},{"name":"UnitPieceColor","type":"PieceType","direction":"out"},{"name":"SAPieceColor","type":"PieceType","direction":"out"},{"name":"SPDPieceColor","type":"PieceType","direction":"out"},{"name":"UnitPAColor","type":"NavColor","direction":"out"}],"inParameters":[{"name":"OpParam","type":"MissionParameter","direction":"in"},{"name":"UnitNavPad","type":"NavColor","direction":"in"},{"name":"UnitPieceColor","type":"PieceType","direction":"in"},{"name":"SPEPresence","type":"Boolean","direction":"in"},{"name":"TPresence","type":"Boolean","direction":"in"},{"name":"TPieceColor","type":"PieceType","direction":"in"},{"name":"SPEPieceColor","type":"PieceType","direction":"in"}]}
[ACTIVITY CONSTRUCTOR]   - fullOpts.delegates: [{"from":"outUnitNavLine","to":"leavePA"},{"from":"outUnitNavLine","to":"turnRight"},{"from":"outUnitNavLine","to":"returnJourney"},{"from":"outUnitNavLine","to":"obstacleDetected"},{"from":"outUnitNavLine","to":"obstacleRemoved"},{"from":"outUnitNavPad","to":"detectGreenPad"},{"from":"outUnitNavPad","to":"detectRedPad"},{"from":"outUnitNavPad","to":"stopAtT"},{"from":"outUnitNavPad","to":"routeToSA"},{"from":"outUnitNavPad","to":"routeToSPD"},{"from":"outUnitNavPad","to":"stopAtSPE"},{"from":"outUnitNavPad","to":"arriveAtTargetStock"},{"from":"outUnitPieceColor","to":"extractPieceT"},{"from":"outUnitPieceColor","to":"extractPieceSPE"},{"from":"outSAPieceColor","to":"insertPieceSA"},{"from":"outSPDPieceColor","to":"insertPieceSPD"},{"from":"outUnitPAColor","to":"arriveAtPA"}]
[INIT PINS] Activity: UnitEA
[INIT PINS]   - inParameters: [
  { name: 'OpParam', type: 'MissionParameter', direction: 'in' },
  { name: 'UnitNavPad', type: 'NavColor', direction: 'in' },
  { name: 'UnitPieceColor', type: 'PieceType', direction: 'in' },
  { name: 'SPEPresence', type: 'Boolean', direction: 'in' },
  { name: 'TPresence', type: 'Boolean', direction: 'in' },
  { name: 'TPieceColor', type: 'PieceType', direction: 'in' },
  { name: 'SPEPieceColor', type: 'PieceType', direction: 'in' }
]
[INIT PINS]   - delegates: [
  { from: 'outUnitNavLine', to: 'leavePA' },
  { from: 'outUnitNavLine', to: 'turnRight' },
  { from: 'outUnitNavLine', to: 'returnJourney' },
  { from: 'outUnitNavLine', to: 'obstacleDetected' },
  { from: 'outUnitNavLine', to: 'obstacleRemoved' },
  { from: 'outUnitNavPad', to: 'detectGreenPad' },
  { from: 'outUnitNavPad', to: 'detectRedPad' },
  { from: 'outUnitNavPad', to: 'stopAtT' },
  { from: 'outUnitNavPad', to: 'routeToSA' },
  { from: 'outUnitNavPad', to: 'routeToSPD' },
  { from: 'outUnitNavPad', to: 'stopAtSPE' },
  { from: 'outUnitNavPad', to: 'arriveAtTargetStock' },
  { from: 'outUnitPieceColor', to: 'extractPieceT' },
  { from: 'outUnitPieceColor', to: 'extractPieceSPE' },
  { from: 'outSAPieceColor', to: 'insertPieceSA' },
  { from: 'outSPDPieceColor', to: 'insertPieceSPD' },
  { from: 'outUnitPAColor', to: 'arriveAtPA' }
]
[INIT PINS]   - delegates JSON: [{"from":"outUnitNavLine","to":"leavePA"},{"from":"outUnitNavLine","to":"turnRight"},{"from":"outUnitNavLine","to":"returnJourney"},{"from":"outUnitNavLine","to":"obstacleDetected"},{"from":"outUnitNavLine","to":"obstacleRemoved"},{"from":"outUnitNavPad","to":"detectGreenPad"},{"from":"outUnitNavPad","to":"detectRedPad"},{"from":"outUnitNavPad","to":"stopAtT"},{"from":"outUnitNavPad","to":"routeToSA"},{"from":"outUnitNavPad","to":"routeToSPD"},{"from":"outUnitNavPad","to":"stopAtSPE"},{"from":"outUnitNavPad","to":"arriveAtTargetStock"},{"from":"outUnitPieceColor","to":"extractPieceT"},{"from":"outUnitPieceColor","to":"extractPieceSPE"},{"from":"outSAPieceColor","to":"insertPieceSA"},{"from":"outSPDPieceColor","to":"insertPieceSPD"},{"from":"outUnitPAColor","to":"arriveAtPA"}]
[INIT PINS]   - Final portToPinMapping: {
  OpParam: 'OpParam',
  UnitNavPad: 'UnitNavPad',
  UnitPieceColor: 'UnitPieceColor',
  SPEPresence: 'SPEPresence',
  TPresence: 'TPresence',
  TPieceColor: 'TPieceColor',
  SPEPieceColor: 'SPEPieceColor',
  UnitNavLine: 'UnitNavLine',
  SAPieceColor: 'SAPieceColor',
  SPDPieceColor: 'SPDPieceColor',
  UnitPAColor: 'UnitPAColor'
}
[ACTIVITY CONSTRUCTOR] name=UnitEA, component=RobAFISSystemCFD.colorSens
[ACTIVITY CONSTRUCTOR]   - delegates param: [{"from":"outUnitNavLine","to":"leavePA"},{"from":"outUnitNavLine","to":"turnRight"},{"from":"outUnitNavLine","to":"returnJourney"},{"from":"outUnitNavLine","to":"obstacleDetected"},{"from":"outUnitNavLine","to":"obstacleRemoved"},{"from":"outUnitNavPad","to":"detectGreenPad"},{"from":"outUnitNavPad","to":"detectRedPad"},{"from":"outUnitNavPad","to":"stopAtT"},{"from":"outUnitNavPad","to":"routeToSA"},{"from":"outUnitNavPad","to":"routeToSPD"},{"from":"outUnitNavPad","to":"stopAtSPE"},{"from":"outUnitNavPad","to":"arriveAtTargetStock"},{"from":"outUnitPieceColor","to":"extractPieceT"},{"from":"outUnitPieceColor","to":"extractPieceSPE"},{"from":"outSAPieceColor","to":"insertPieceSA"},{"from":"outSPDPieceColor","to":"insertPieceSPD"},{"from":"outUnitPAColor","to":"arriveAtPA"}]
[ACTIVITY CONSTRUCTOR]   - opts: {"outParameters":[{"name":"UnitNavLine","type":"NavColor","direction":"out"},{"name":"UnitNavPad","type":"NavColor","direction":"out"},{"name":"UnitPieceColor","type":"PieceType","direction":"out"},{"name":"SAPieceColor","type":"PieceType","direction":"out"},{"name":"SPDPieceColor","type":"PieceType","direction":"out"},{"name":"UnitPAColor","type":"NavColor","direction":"out"}],"inParameters":[{"name":"OpParam","type":"MissionParameter","direction":"in"},{"name":"UnitNavPad","type":"NavColor","direction":"in"},{"name":"UnitPieceColor","type":"PieceType","direction":"in"},{"name":"SPEPresence","type":"Boolean","direction":"in"},{"name":"TPresence","type":"Boolean","direction":"in"},{"name":"TPieceColor","type":"PieceType","direction":"in"},{"name":"SPEPieceColor","type":"PieceType","direction":"in"}]}
[ACTIVITY CONSTRUCTOR]   - fullOpts.delegates: [{"from":"outUnitNavLine","to":"leavePA"},{"from":"outUnitNavLine","to":"turnRight"},{"from":"outUnitNavLine","to":"returnJourney"},{"from":"outUnitNavLine","to":"obstacleDetected"},{"from":"outUnitNavLine","to":"obstacleRemoved"},{"from":"outUnitNavPad","to":"detectGreenPad"},{"from":"outUnitNavPad","to":"detectRedPad"},{"from":"outUnitNavPad","to":"stopAtT"},{"from":"outUnitNavPad","to":"routeToSA"},{"from":"outUnitNavPad","to":"routeToSPD"},{"from":"outUnitNavPad","to":"stopAtSPE"},{"from":"outUnitNavPad","to":"arriveAtTargetStock"},{"from":"outUnitPieceColor","to":"extractPieceT"},{"from":"outUnitPieceColor","to":"extractPieceSPE"},{"from":"outSAPieceColor","to":"insertPieceSA"},{"from":"outSPDPieceColor","to":"insertPieceSPD"},{"from":"outUnitPAColor","to":"arriveAtPA"}]
[INIT PINS] Activity: UnitEA
[INIT PINS]   - inParameters: [
  { name: 'OpParam', type: 'MissionParameter', direction: 'in' },
  { name: 'UnitNavPad', type: 'NavColor', direction: 'in' },
  { name: 'UnitPieceColor', type: 'PieceType', direction: 'in' },
  { name: 'SPEPresence', type: 'Boolean', direction: 'in' },
  { name: 'TPresence', type: 'Boolean', direction: 'in' },
  { name: 'TPieceColor', type: 'PieceType', direction: 'in' },
  { name: 'SPEPieceColor', type: 'PieceType', direction: 'in' }
]
[INIT PINS]   - delegates: [
  { from: 'outUnitNavLine', to: 'leavePA' },
  { from: 'outUnitNavLine', to: 'turnRight' },
  { from: 'outUnitNavLine', to: 'returnJourney' },
  { from: 'outUnitNavLine', to: 'obstacleDetected' },
  { from: 'outUnitNavLine', to: 'obstacleRemoved' },
  { from: 'outUnitNavPad', to: 'detectGreenPad' },
  { from: 'outUnitNavPad', to: 'detectRedPad' },
  { from: 'outUnitNavPad', to: 'stopAtT' },
  { from: 'outUnitNavPad', to: 'routeToSA' },
  { from: 'outUnitNavPad', to: 'routeToSPD' },
  { from: 'outUnitNavPad', to: 'stopAtSPE' },
  { from: 'outUnitNavPad', to: 'arriveAtTargetStock' },
  { from: 'outUnitPieceColor', to: 'extractPieceT' },
  { from: 'outUnitPieceColor', to: 'extractPieceSPE' },
  { from: 'outSAPieceColor', to: 'insertPieceSA' },
  { from: 'outSPDPieceColor', to: 'insertPieceSPD' },
  { from: 'outUnitPAColor', to: 'arriveAtPA' }
]
[INIT PINS]   - delegates JSON: [{"from":"outUnitNavLine","to":"leavePA"},{"from":"outUnitNavLine","to":"turnRight"},{"from":"outUnitNavLine","to":"returnJourney"},{"from":"outUnitNavLine","to":"obstacleDetected"},{"from":"outUnitNavLine","to":"obstacleRemoved"},{"from":"outUnitNavPad","to":"detectGreenPad"},{"from":"outUnitNavPad","to":"detectRedPad"},{"from":"outUnitNavPad","to":"stopAtT"},{"from":"outUnitNavPad","to":"routeToSA"},{"from":"outUnitNavPad","to":"routeToSPD"},{"from":"outUnitNavPad","to":"stopAtSPE"},{"from":"outUnitNavPad","to":"arriveAtTargetStock"},{"from":"outUnitPieceColor","to":"extractPieceT"},{"from":"outUnitPieceColor","to":"extractPieceSPE"},{"from":"outSAPieceColor","to":"insertPieceSA"},{"from":"outSPDPieceColor","to":"insertPieceSPD"},{"from":"outUnitPAColor","to":"arriveAtPA"}]
[INIT PINS]   - Final portToPinMapping: {
  OpParam: 'OpParam',
  UnitNavPad: 'UnitNavPad',
  UnitPieceColor: 'UnitPieceColor',
  SPEPresence: 'SPEPresence',
  TPresence: 'TPresence',
  TPieceColor: 'TPieceColor',
  SPEPieceColor: 'SPEPieceColor',
  UnitNavLine: 'UnitNavLine',
  SAPieceColor: 'SAPieceColor',
  SPDPieceColor: 'SPDPieceColor',
  UnitPAColor: 'UnitPAColor'
}
[ACTIVITY CONSTRUCTOR] name=UnitEA, component=RobAFISSystemCFD.speSens
[ACTIVITY CONSTRUCTOR]   - delegates param: [{"from":"outUnitNavLine","to":"leavePA"},{"from":"outUnitNavLine","to":"turnRight"},{"from":"outUnitNavLine","to":"returnJourney"},{"from":"outUnitNavLine","to":"obstacleDetected"},{"from":"outUnitNavLine","to":"obstacleRemoved"},{"from":"outUnitNavPad","to":"detectGreenPad"},{"from":"outUnitNavPad","to":"detectRedPad"},{"from":"outUnitNavPad","to":"stopAtT"},{"from":"outUnitNavPad","to":"routeToSA"},{"from":"outUnitNavPad","to":"routeToSPD"},{"from":"outUnitNavPad","to":"stopAtSPE"},{"from":"outUnitNavPad","to":"arriveAtTargetStock"},{"from":"outUnitPieceColor","to":"extractPieceT"},{"from":"outUnitPieceColor","to":"extractPieceSPE"},{"from":"outSAPieceColor","to":"insertPieceSA"},{"from":"outSPDPieceColor","to":"insertPieceSPD"},{"from":"outUnitPAColor","to":"arriveAtPA"}]
[ACTIVITY CONSTRUCTOR]   - opts: {"outParameters":[{"name":"UnitNavLine","type":"NavColor","direction":"out"},{"name":"UnitNavPad","type":"NavColor","direction":"out"},{"name":"UnitPieceColor","type":"PieceType","direction":"out"},{"name":"SAPieceColor","type":"PieceType","direction":"out"},{"name":"SPDPieceColor","type":"PieceType","direction":"out"},{"name":"UnitPAColor","type":"NavColor","direction":"out"}],"inParameters":[{"name":"OpParam","type":"MissionParameter","direction":"in"},{"name":"UnitNavPad","type":"NavColor","direction":"in"},{"name":"UnitPieceColor","type":"PieceType","direction":"in"},{"name":"SPEPresence","type":"Boolean","direction":"in"},{"name":"TPresence","type":"Boolean","direction":"in"},{"name":"TPieceColor","type":"PieceType","direction":"in"},{"name":"SPEPieceColor","type":"PieceType","direction":"in"}]}
[ACTIVITY CONSTRUCTOR]   - fullOpts.delegates: [{"from":"outUnitNavLine","to":"leavePA"},{"from":"outUnitNavLine","to":"turnRight"},{"from":"outUnitNavLine","to":"returnJourney"},{"from":"outUnitNavLine","to":"obstacleDetected"},{"from":"outUnitNavLine","to":"obstacleRemoved"},{"from":"outUnitNavPad","to":"detectGreenPad"},{"from":"outUnitNavPad","to":"detectRedPad"},{"from":"outUnitNavPad","to":"stopAtT"},{"from":"outUnitNavPad","to":"routeToSA"},{"from":"outUnitNavPad","to":"routeToSPD"},{"from":"outUnitNavPad","to":"stopAtSPE"},{"from":"outUnitNavPad","to":"arriveAtTargetStock"},{"from":"outUnitPieceColor","to":"extractPieceT"},{"from":"outUnitPieceColor","to":"extractPieceSPE"},{"from":"outSAPieceColor","to":"insertPieceSA"},{"from":"outSPDPieceColor","to":"insertPieceSPD"},{"from":"outUnitPAColor","to":"arriveAtPA"}]
[INIT PINS] Activity: UnitEA
[INIT PINS]   - inParameters: [
  { name: 'OpParam', type: 'MissionParameter', direction: 'in' },
  { name: 'UnitNavPad', type: 'NavColor', direction: 'in' },
  { name: 'UnitPieceColor', type: 'PieceType', direction: 'in' },
  { name: 'SPEPresence', type: 'Boolean', direction: 'in' },
  { name: 'TPresence', type: 'Boolean', direction: 'in' },
  { name: 'TPieceColor', type: 'PieceType', direction: 'in' },
  { name: 'SPEPieceColor', type: 'PieceType', direction: 'in' }
]
[INIT PINS]   - delegates: [
  { from: 'outUnitNavLine', to: 'leavePA' },
  { from: 'outUnitNavLine', to: 'turnRight' },
  { from: 'outUnitNavLine', to: 'returnJourney' },
  { from: 'outUnitNavLine', to: 'obstacleDetected' },
  { from: 'outUnitNavLine', to: 'obstacleRemoved' },
  { from: 'outUnitNavPad', to: 'detectGreenPad' },
  { from: 'outUnitNavPad', to: 'detectRedPad' },
  { from: 'outUnitNavPad', to: 'stopAtT' },
  { from: 'outUnitNavPad', to: 'routeToSA' },
  { from: 'outUnitNavPad', to: 'routeToSPD' },
  { from: 'outUnitNavPad', to: 'stopAtSPE' },
  { from: 'outUnitNavPad', to: 'arriveAtTargetStock' },
  { from: 'outUnitPieceColor', to: 'extractPieceT' },
  { from: 'outUnitPieceColor', to: 'extractPieceSPE' },
  { from: 'outSAPieceColor', to: 'insertPieceSA' },
  { from: 'outSPDPieceColor', to: 'insertPieceSPD' },
  { from: 'outUnitPAColor', to: 'arriveAtPA' }
]
[INIT PINS]   - delegates JSON: [{"from":"outUnitNavLine","to":"leavePA"},{"from":"outUnitNavLine","to":"turnRight"},{"from":"outUnitNavLine","to":"returnJourney"},{"from":"outUnitNavLine","to":"obstacleDetected"},{"from":"outUnitNavLine","to":"obstacleRemoved"},{"from":"outUnitNavPad","to":"detectGreenPad"},{"from":"outUnitNavPad","to":"detectRedPad"},{"from":"outUnitNavPad","to":"stopAtT"},{"from":"outUnitNavPad","to":"routeToSA"},{"from":"outUnitNavPad","to":"routeToSPD"},{"from":"outUnitNavPad","to":"stopAtSPE"},{"from":"outUnitNavPad","to":"arriveAtTargetStock"},{"from":"outUnitPieceColor","to":"extractPieceT"},{"from":"outUnitPieceColor","to":"extractPieceSPE"},{"from":"outSAPieceColor","to":"insertPieceSA"},{"from":"outSPDPieceColor","to":"insertPieceSPD"},{"from":"outUnitPAColor","to":"arriveAtPA"}]
[INIT PINS]   - Final portToPinMapping: {
  OpParam: 'OpParam',
  UnitNavPad: 'UnitNavPad',
  UnitPieceColor: 'UnitPieceColor',
  SPEPresence: 'SPEPresence',
  TPresence: 'TPresence',
  TPieceColor: 'TPieceColor',
  SPEPieceColor: 'SPEPieceColor',
  UnitNavLine: 'UnitNavLine',
  SAPieceColor: 'SAPieceColor',
  SPDPieceColor: 'SPDPieceColor',
  UnitPAColor: 'UnitPAColor'
}
[ACTIVITY CONSTRUCTOR] name=UnitEA, component=RobAFISSystemCFD.tSens
[ACTIVITY CONSTRUCTOR]   - delegates param: [{"from":"outUnitNavLine","to":"leavePA"},{"from":"outUnitNavLine","to":"turnRight"},{"from":"outUnitNavLine","to":"returnJourney"},{"from":"outUnitNavLine","to":"obstacleDetected"},{"from":"outUnitNavLine","to":"obstacleRemoved"},{"from":"outUnitNavPad","to":"detectGreenPad"},{"from":"outUnitNavPad","to":"detectRedPad"},{"from":"outUnitNavPad","to":"stopAtT"},{"from":"outUnitNavPad","to":"routeToSA"},{"from":"outUnitNavPad","to":"routeToSPD"},{"from":"outUnitNavPad","to":"stopAtSPE"},{"from":"outUnitNavPad","to":"arriveAtTargetStock"},{"from":"outUnitPieceColor","to":"extractPieceT"},{"from":"outUnitPieceColor","to":"extractPieceSPE"},{"from":"outSAPieceColor","to":"insertPieceSA"},{"from":"outSPDPieceColor","to":"insertPieceSPD"},{"from":"outUnitPAColor","to":"arriveAtPA"}]
[ACTIVITY CONSTRUCTOR]   - opts: {"outParameters":[{"name":"UnitNavLine","type":"NavColor","direction":"out"},{"name":"UnitNavPad","type":"NavColor","direction":"out"},{"name":"UnitPieceColor","type":"PieceType","direction":"out"},{"name":"SAPieceColor","type":"PieceType","direction":"out"},{"name":"SPDPieceColor","type":"PieceType","direction":"out"},{"name":"UnitPAColor","type":"NavColor","direction":"out"}],"inParameters":[{"name":"OpParam","type":"MissionParameter","direction":"in"},{"name":"UnitNavPad","type":"NavColor","direction":"in"},{"name":"UnitPieceColor","type":"PieceType","direction":"in"},{"name":"SPEPresence","type":"Boolean","direction":"in"},{"name":"TPresence","type":"Boolean","direction":"in"},{"name":"TPieceColor","type":"PieceType","direction":"in"},{"name":"SPEPieceColor","type":"PieceType","direction":"in"}]}
[ACTIVITY CONSTRUCTOR]   - fullOpts.delegates: [{"from":"outUnitNavLine","to":"leavePA"},{"from":"outUnitNavLine","to":"turnRight"},{"from":"outUnitNavLine","to":"returnJourney"},{"from":"outUnitNavLine","to":"obstacleDetected"},{"from":"outUnitNavLine","to":"obstacleRemoved"},{"from":"outUnitNavPad","to":"detectGreenPad"},{"from":"outUnitNavPad","to":"detectRedPad"},{"from":"outUnitNavPad","to":"stopAtT"},{"from":"outUnitNavPad","to":"routeToSA"},{"from":"outUnitNavPad","to":"routeToSPD"},{"from":"outUnitNavPad","to":"stopAtSPE"},{"from":"outUnitNavPad","to":"arriveAtTargetStock"},{"from":"outUnitPieceColor","to":"extractPieceT"},{"from":"outUnitPieceColor","to":"extractPieceSPE"},{"from":"outSAPieceColor","to":"insertPieceSA"},{"from":"outSPDPieceColor","to":"insertPieceSPD"},{"from":"outUnitPAColor","to":"arriveAtPA"}]
[INIT PINS] Activity: UnitEA
[INIT PINS]   - inParameters: [
  { name: 'OpParam', type: 'MissionParameter', direction: 'in' },
  { name: 'UnitNavPad', type: 'NavColor', direction: 'in' },
  { name: 'UnitPieceColor', type: 'PieceType', direction: 'in' },
  { name: 'SPEPresence', type: 'Boolean', direction: 'in' },
  { name: 'TPresence', type: 'Boolean', direction: 'in' },
  { name: 'TPieceColor', type: 'PieceType', direction: 'in' },
  { name: 'SPEPieceColor', type: 'PieceType', direction: 'in' }
]
[INIT PINS]   - delegates: [
  { from: 'outUnitNavLine', to: 'leavePA' },
  { from: 'outUnitNavLine', to: 'turnRight' },
  { from: 'outUnitNavLine', to: 'returnJourney' },
  { from: 'outUnitNavLine', to: 'obstacleDetected' },
  { from: 'outUnitNavLine', to: 'obstacleRemoved' },
  { from: 'outUnitNavPad', to: 'detectGreenPad' },
  { from: 'outUnitNavPad', to: 'detectRedPad' },
  { from: 'outUnitNavPad', to: 'stopAtT' },
  { from: 'outUnitNavPad', to: 'routeToSA' },
  { from: 'outUnitNavPad', to: 'routeToSPD' },
  { from: 'outUnitNavPad', to: 'stopAtSPE' },
  { from: 'outUnitNavPad', to: 'arriveAtTargetStock' },
  { from: 'outUnitPieceColor', to: 'extractPieceT' },
  { from: 'outUnitPieceColor', to: 'extractPieceSPE' },
  { from: 'outSAPieceColor', to: 'insertPieceSA' },
  { from: 'outSPDPieceColor', to: 'insertPieceSPD' },
  { from: 'outUnitPAColor', to: 'arriveAtPA' }
]
[INIT PINS]   - delegates JSON: [{"from":"outUnitNavLine","to":"leavePA"},{"from":"outUnitNavLine","to":"turnRight"},{"from":"outUnitNavLine","to":"returnJourney"},{"from":"outUnitNavLine","to":"obstacleDetected"},{"from":"outUnitNavLine","to":"obstacleRemoved"},{"from":"outUnitNavPad","to":"detectGreenPad"},{"from":"outUnitNavPad","to":"detectRedPad"},{"from":"outUnitNavPad","to":"stopAtT"},{"from":"outUnitNavPad","to":"routeToSA"},{"from":"outUnitNavPad","to":"routeToSPD"},{"from":"outUnitNavPad","to":"stopAtSPE"},{"from":"outUnitNavPad","to":"arriveAtTargetStock"},{"from":"outUnitPieceColor","to":"extractPieceT"},{"from":"outUnitPieceColor","to":"extractPieceSPE"},{"from":"outSAPieceColor","to":"insertPieceSA"},{"from":"outSPDPieceColor","to":"insertPieceSPD"},{"from":"outUnitPAColor","to":"arriveAtPA"}]
[INIT PINS]   - Final portToPinMapping: {
  OpParam: 'OpParam',
  UnitNavPad: 'UnitNavPad',
  UnitPieceColor: 'UnitPieceColor',
  SPEPresence: 'SPEPresence',
  TPresence: 'TPresence',
  TPieceColor: 'TPieceColor',
  SPEPieceColor: 'SPEPieceColor',
  UnitNavLine: 'UnitNavLine',
  SAPieceColor: 'SAPieceColor',
  SPDPieceColor: 'SPDPieceColor',
  UnitPAColor: 'UnitPAColor'
}
[ACTIVITY CONSTRUCTOR] name=UnitEA, component=RobAFISSystemCFD.drive
[ACTIVITY CONSTRUCTOR]   - delegates param: [{"from":"outUnitNavLine","to":"leavePA"},{"from":"outUnitNavLine","to":"turnRight"},{"from":"outUnitNavLine","to":"returnJourney"},{"from":"outUnitNavLine","to":"obstacleDetected"},{"from":"outUnitNavLine","to":"obstacleRemoved"},{"from":"outUnitNavPad","to":"detectGreenPad"},{"from":"outUnitNavPad","to":"detectRedPad"},{"from":"outUnitNavPad","to":"stopAtT"},{"from":"outUnitNavPad","to":"routeToSA"},{"from":"outUnitNavPad","to":"routeToSPD"},{"from":"outUnitNavPad","to":"stopAtSPE"},{"from":"outUnitNavPad","to":"arriveAtTargetStock"},{"from":"outUnitPieceColor","to":"extractPieceT"},{"from":"outUnitPieceColor","to":"extractPieceSPE"},{"from":"outSAPieceColor","to":"insertPieceSA"},{"from":"outSPDPieceColor","to":"insertPieceSPD"},{"from":"outUnitPAColor","to":"arriveAtPA"}]
[ACTIVITY CONSTRUCTOR]   - opts: {"outParameters":[{"name":"UnitNavLine","type":"NavColor","direction":"out"},{"name":"UnitNavPad","type":"NavColor","direction":"out"},{"name":"UnitPieceColor","type":"PieceType","direction":"out"},{"name":"SAPieceColor","type":"PieceType","direction":"out"},{"name":"SPDPieceColor","type":"PieceType","direction":"out"},{"name":"UnitPAColor","type":"NavColor","direction":"out"}],"inParameters":[{"name":"OpParam","type":"MissionParameter","direction":"in"},{"name":"UnitNavPad","type":"NavColor","direction":"in"},{"name":"UnitPieceColor","type":"PieceType","direction":"in"},{"name":"SPEPresence","type":"Boolean","direction":"in"},{"name":"TPresence","type":"Boolean","direction":"in"},{"name":"TPieceColor","type":"PieceType","direction":"in"},{"name":"SPEPieceColor","type":"PieceType","direction":"in"}]}
[ACTIVITY CONSTRUCTOR]   - fullOpts.delegates: [{"from":"outUnitNavLine","to":"leavePA"},{"from":"outUnitNavLine","to":"turnRight"},{"from":"outUnitNavLine","to":"returnJourney"},{"from":"outUnitNavLine","to":"obstacleDetected"},{"from":"outUnitNavLine","to":"obstacleRemoved"},{"from":"outUnitNavPad","to":"detectGreenPad"},{"from":"outUnitNavPad","to":"detectRedPad"},{"from":"outUnitNavPad","to":"stopAtT"},{"from":"outUnitNavPad","to":"routeToSA"},{"from":"outUnitNavPad","to":"routeToSPD"},{"from":"outUnitNavPad","to":"stopAtSPE"},{"from":"outUnitNavPad","to":"arriveAtTargetStock"},{"from":"outUnitPieceColor","to":"extractPieceT"},{"from":"outUnitPieceColor","to":"extractPieceSPE"},{"from":"outSAPieceColor","to":"insertPieceSA"},{"from":"outSPDPieceColor","to":"insertPieceSPD"},{"from":"outUnitPAColor","to":"arriveAtPA"}]
[INIT PINS] Activity: UnitEA
[INIT PINS]   - inParameters: [
  { name: 'OpParam', type: 'MissionParameter', direction: 'in' },
  { name: 'UnitNavPad', type: 'NavColor', direction: 'in' },
  { name: 'UnitPieceColor', type: 'PieceType', direction: 'in' },
  { name: 'SPEPresence', type: 'Boolean', direction: 'in' },
  { name: 'TPresence', type: 'Boolean', direction: 'in' },
  { name: 'TPieceColor', type: 'PieceType', direction: 'in' },
  { name: 'SPEPieceColor', type: 'PieceType', direction: 'in' }
]
[INIT PINS]   - delegates: [
  { from: 'outUnitNavLine', to: 'leavePA' },
  { from: 'outUnitNavLine', to: 'turnRight' },
  { from: 'outUnitNavLine', to: 'returnJourney' },
  { from: 'outUnitNavLine', to: 'obstacleDetected' },
  { from: 'outUnitNavLine', to: 'obstacleRemoved' },
  { from: 'outUnitNavPad', to: 'detectGreenPad' },
  { from: 'outUnitNavPad', to: 'detectRedPad' },
  { from: 'outUnitNavPad', to: 'stopAtT' },
  { from: 'outUnitNavPad', to: 'routeToSA' },
  { from: 'outUnitNavPad', to: 'routeToSPD' },
  { from: 'outUnitNavPad', to: 'stopAtSPE' },
  { from: 'outUnitNavPad', to: 'arriveAtTargetStock' },
  { from: 'outUnitPieceColor', to: 'extractPieceT' },
  { from: 'outUnitPieceColor', to: 'extractPieceSPE' },
  { from: 'outSAPieceColor', to: 'insertPieceSA' },
  { from: 'outSPDPieceColor', to: 'insertPieceSPD' },
  { from: 'outUnitPAColor', to: 'arriveAtPA' }
]
[INIT PINS]   - delegates JSON: [{"from":"outUnitNavLine","to":"leavePA"},{"from":"outUnitNavLine","to":"turnRight"},{"from":"outUnitNavLine","to":"returnJourney"},{"from":"outUnitNavLine","to":"obstacleDetected"},{"from":"outUnitNavLine","to":"obstacleRemoved"},{"from":"outUnitNavPad","to":"detectGreenPad"},{"from":"outUnitNavPad","to":"detectRedPad"},{"from":"outUnitNavPad","to":"stopAtT"},{"from":"outUnitNavPad","to":"routeToSA"},{"from":"outUnitNavPad","to":"routeToSPD"},{"from":"outUnitNavPad","to":"stopAtSPE"},{"from":"outUnitNavPad","to":"arriveAtTargetStock"},{"from":"outUnitPieceColor","to":"extractPieceT"},{"from":"outUnitPieceColor","to":"extractPieceSPE"},{"from":"outSAPieceColor","to":"insertPieceSA"},{"from":"outSPDPieceColor","to":"insertPieceSPD"},{"from":"outUnitPAColor","to":"arriveAtPA"}]
[INIT PINS]   - Final portToPinMapping: {
  OpParam: 'OpParam',
  UnitNavPad: 'UnitNavPad',
  UnitPieceColor: 'UnitPieceColor',
  SPEPresence: 'SPEPresence',
  TPresence: 'TPresence',
  TPieceColor: 'TPieceColor',
  SPEPieceColor: 'SPEPieceColor',
  UnitNavLine: 'UnitNavLine',
  SAPieceColor: 'SAPieceColor',
  SPDPieceColor: 'SPDPieceColor',
  UnitPAColor: 'UnitPAColor'
}
[ACTIVITY CONSTRUCTOR] name=UnitEA, component=RobAFISSystemCFD.grabber
[ACTIVITY CONSTRUCTOR]   - delegates param: [{"from":"outUnitNavLine","to":"leavePA"},{"from":"outUnitNavLine","to":"turnRight"},{"from":"outUnitNavLine","to":"returnJourney"},{"from":"outUnitNavLine","to":"obstacleDetected"},{"from":"outUnitNavLine","to":"obstacleRemoved"},{"from":"outUnitNavPad","to":"detectGreenPad"},{"from":"outUnitNavPad","to":"detectRedPad"},{"from":"outUnitNavPad","to":"stopAtT"},{"from":"outUnitNavPad","to":"routeToSA"},{"from":"outUnitNavPad","to":"routeToSPD"},{"from":"outUnitNavPad","to":"stopAtSPE"},{"from":"outUnitNavPad","to":"arriveAtTargetStock"},{"from":"outUnitPieceColor","to":"extractPieceT"},{"from":"outUnitPieceColor","to":"extractPieceSPE"},{"from":"outSAPieceColor","to":"insertPieceSA"},{"from":"outSPDPieceColor","to":"insertPieceSPD"},{"from":"outUnitPAColor","to":"arriveAtPA"}]
[ACTIVITY CONSTRUCTOR]   - opts: {"outParameters":[{"name":"UnitNavLine","type":"NavColor","direction":"out"},{"name":"UnitNavPad","type":"NavColor","direction":"out"},{"name":"UnitPieceColor","type":"PieceType","direction":"out"},{"name":"SAPieceColor","type":"PieceType","direction":"out"},{"name":"SPDPieceColor","type":"PieceType","direction":"out"},{"name":"UnitPAColor","type":"NavColor","direction":"out"}],"inParameters":[{"name":"OpParam","type":"MissionParameter","direction":"in"},{"name":"UnitNavPad","type":"NavColor","direction":"in"},{"name":"UnitPieceColor","type":"PieceType","direction":"in"},{"name":"SPEPresence","type":"Boolean","direction":"in"},{"name":"TPresence","type":"Boolean","direction":"in"},{"name":"TPieceColor","type":"PieceType","direction":"in"},{"name":"SPEPieceColor","type":"PieceType","direction":"in"}]}
[ACTIVITY CONSTRUCTOR]   - fullOpts.delegates: [{"from":"outUnitNavLine","to":"leavePA"},{"from":"outUnitNavLine","to":"turnRight"},{"from":"outUnitNavLine","to":"returnJourney"},{"from":"outUnitNavLine","to":"obstacleDetected"},{"from":"outUnitNavLine","to":"obstacleRemoved"},{"from":"outUnitNavPad","to":"detectGreenPad"},{"from":"outUnitNavPad","to":"detectRedPad"},{"from":"outUnitNavPad","to":"stopAtT"},{"from":"outUnitNavPad","to":"routeToSA"},{"from":"outUnitNavPad","to":"routeToSPD"},{"from":"outUnitNavPad","to":"stopAtSPE"},{"from":"outUnitNavPad","to":"arriveAtTargetStock"},{"from":"outUnitPieceColor","to":"extractPieceT"},{"from":"outUnitPieceColor","to":"extractPieceSPE"},{"from":"outSAPieceColor","to":"insertPieceSA"},{"from":"outSPDPieceColor","to":"insertPieceSPD"},{"from":"outUnitPAColor","to":"arriveAtPA"}]
[INIT PINS] Activity: UnitEA
[INIT PINS]   - inParameters: [
  { name: 'OpParam', type: 'MissionParameter', direction: 'in' },
  { name: 'UnitNavPad', type: 'NavColor', direction: 'in' },
  { name: 'UnitPieceColor', type: 'PieceType', direction: 'in' },
  { name: 'SPEPresence', type: 'Boolean', direction: 'in' },
  { name: 'TPresence', type: 'Boolean', direction: 'in' },
  { name: 'TPieceColor', type: 'PieceType', direction: 'in' },
  { name: 'SPEPieceColor', type: 'PieceType', direction: 'in' }
]
[INIT PINS]   - delegates: [
  { from: 'outUnitNavLine', to: 'leavePA' },
  { from: 'outUnitNavLine', to: 'turnRight' },
  { from: 'outUnitNavLine', to: 'returnJourney' },
  { from: 'outUnitNavLine', to: 'obstacleDetected' },
  { from: 'outUnitNavLine', to: 'obstacleRemoved' },
  { from: 'outUnitNavPad', to: 'detectGreenPad' },
  { from: 'outUnitNavPad', to: 'detectRedPad' },
  { from: 'outUnitNavPad', to: 'stopAtT' },
  { from: 'outUnitNavPad', to: 'routeToSA' },
  { from: 'outUnitNavPad', to: 'routeToSPD' },
  { from: 'outUnitNavPad', to: 'stopAtSPE' },
  { from: 'outUnitNavPad', to: 'arriveAtTargetStock' },
  { from: 'outUnitPieceColor', to: 'extractPieceT' },
  { from: 'outUnitPieceColor', to: 'extractPieceSPE' },
  { from: 'outSAPieceColor', to: 'insertPieceSA' },
  { from: 'outSPDPieceColor', to: 'insertPieceSPD' },
  { from: 'outUnitPAColor', to: 'arriveAtPA' }
]
[INIT PINS]   - delegates JSON: [{"from":"outUnitNavLine","to":"leavePA"},{"from":"outUnitNavLine","to":"turnRight"},{"from":"outUnitNavLine","to":"returnJourney"},{"from":"outUnitNavLine","to":"obstacleDetected"},{"from":"outUnitNavLine","to":"obstacleRemoved"},{"from":"outUnitNavPad","to":"detectGreenPad"},{"from":"outUnitNavPad","to":"detectRedPad"},{"from":"outUnitNavPad","to":"stopAtT"},{"from":"outUnitNavPad","to":"routeToSA"},{"from":"outUnitNavPad","to":"routeToSPD"},{"from":"outUnitNavPad","to":"stopAtSPE"},{"from":"outUnitNavPad","to":"arriveAtTargetStock"},{"from":"outUnitPieceColor","to":"extractPieceT"},{"from":"outUnitPieceColor","to":"extractPieceSPE"},{"from":"outSAPieceColor","to":"insertPieceSA"},{"from":"outSPDPieceColor","to":"insertPieceSPD"},{"from":"outUnitPAColor","to":"arriveAtPA"}]
[INIT PINS]   - Final portToPinMapping: {
  OpParam: 'OpParam',
  UnitNavPad: 'UnitNavPad',
  UnitPieceColor: 'UnitPieceColor',
  SPEPresence: 'SPEPresence',
  TPresence: 'TPresence',
  TPieceColor: 'TPieceColor',
  SPEPieceColor: 'SPEPieceColor',
  UnitNavLine: 'UnitNavLine',
  SAPieceColor: 'SAPieceColor',
  SPDPieceColor: 'SPDPieceColor',
  UnitPAColor: 'UnitPAColor'
}
[ACTIVITY CONSTRUCTOR] name=UnitEA, component=RobAFISSystemCFD.controller
[ACTIVITY CONSTRUCTOR]   - delegates param: [{"from":"outUnitNavLine","to":"leavePA"},{"from":"outUnitNavLine","to":"turnRight"},{"from":"outUnitNavLine","to":"returnJourney"},{"from":"outUnitNavLine","to":"obstacleDetected"},{"from":"outUnitNavLine","to":"obstacleRemoved"},{"from":"outUnitNavPad","to":"detectGreenPad"},{"from":"outUnitNavPad","to":"detectRedPad"},{"from":"outUnitNavPad","to":"stopAtT"},{"from":"outUnitNavPad","to":"routeToSA"},{"from":"outUnitNavPad","to":"routeToSPD"},{"from":"outUnitNavPad","to":"stopAtSPE"},{"from":"outUnitNavPad","to":"arriveAtTargetStock"},{"from":"outUnitPieceColor","to":"extractPieceT"},{"from":"outUnitPieceColor","to":"extractPieceSPE"},{"from":"outSAPieceColor","to":"insertPieceSA"},{"from":"outSPDPieceColor","to":"insertPieceSPD"},{"from":"outUnitPAColor","to":"arriveAtPA"}]
[ACTIVITY CONSTRUCTOR]   - opts: {"outParameters":[{"name":"UnitNavLine","type":"NavColor","direction":"out"},{"name":"UnitNavPad","type":"NavColor","direction":"out"},{"name":"UnitPieceColor","type":"PieceType","direction":"out"},{"name":"SAPieceColor","type":"PieceType","direction":"out"},{"name":"SPDPieceColor","type":"PieceType","direction":"out"},{"name":"UnitPAColor","type":"NavColor","direction":"out"}],"inParameters":[{"name":"OpParam","type":"MissionParameter","direction":"in"},{"name":"UnitNavPad","type":"NavColor","direction":"in"},{"name":"UnitPieceColor","type":"PieceType","direction":"in"},{"name":"SPEPresence","type":"Boolean","direction":"in"},{"name":"TPresence","type":"Boolean","direction":"in"},{"name":"TPieceColor","type":"PieceType","direction":"in"},{"name":"SPEPieceColor","type":"PieceType","direction":"in"}]}
[ACTIVITY CONSTRUCTOR]   - fullOpts.delegates: [{"from":"outUnitNavLine","to":"leavePA"},{"from":"outUnitNavLine","to":"turnRight"},{"from":"outUnitNavLine","to":"returnJourney"},{"from":"outUnitNavLine","to":"obstacleDetected"},{"from":"outUnitNavLine","to":"obstacleRemoved"},{"from":"outUnitNavPad","to":"detectGreenPad"},{"from":"outUnitNavPad","to":"detectRedPad"},{"from":"outUnitNavPad","to":"stopAtT"},{"from":"outUnitNavPad","to":"routeToSA"},{"from":"outUnitNavPad","to":"routeToSPD"},{"from":"outUnitNavPad","to":"stopAtSPE"},{"from":"outUnitNavPad","to":"arriveAtTargetStock"},{"from":"outUnitPieceColor","to":"extractPieceT"},{"from":"outUnitPieceColor","to":"extractPieceSPE"},{"from":"outSAPieceColor","to":"insertPieceSA"},{"from":"outSPDPieceColor","to":"insertPieceSPD"},{"from":"outUnitPAColor","to":"arriveAtPA"}]
[INIT PINS] Activity: UnitEA
[INIT PINS]   - inParameters: [
  { name: 'OpParam', type: 'MissionParameter', direction: 'in' },
  { name: 'UnitNavPad', type: 'NavColor', direction: 'in' },
  { name: 'UnitPieceColor', type: 'PieceType', direction: 'in' },
  { name: 'SPEPresence', type: 'Boolean', direction: 'in' },
  { name: 'TPresence', type: 'Boolean', direction: 'in' },
  { name: 'TPieceColor', type: 'PieceType', direction: 'in' },
  { name: 'SPEPieceColor', type: 'PieceType', direction: 'in' }
]
[INIT PINS]   - delegates: [
  { from: 'outUnitNavLine', to: 'leavePA' },
  { from: 'outUnitNavLine', to: 'turnRight' },
  { from: 'outUnitNavLine', to: 'returnJourney' },
  { from: 'outUnitNavLine', to: 'obstacleDetected' },
  { from: 'outUnitNavLine', to: 'obstacleRemoved' },
  { from: 'outUnitNavPad', to: 'detectGreenPad' },
  { from: 'outUnitNavPad', to: 'detectRedPad' },
  { from: 'outUnitNavPad', to: 'stopAtT' },
  { from: 'outUnitNavPad', to: 'routeToSA' },
  { from: 'outUnitNavPad', to: 'routeToSPD' },
  { from: 'outUnitNavPad', to: 'stopAtSPE' },
  { from: 'outUnitNavPad', to: 'arriveAtTargetStock' },
  { from: 'outUnitPieceColor', to: 'extractPieceT' },
  { from: 'outUnitPieceColor', to: 'extractPieceSPE' },
  { from: 'outSAPieceColor', to: 'insertPieceSA' },
  { from: 'outSPDPieceColor', to: 'insertPieceSPD' },
  { from: 'outUnitPAColor', to: 'arriveAtPA' }
]
[INIT PINS]   - delegates JSON: [{"from":"outUnitNavLine","to":"leavePA"},{"from":"outUnitNavLine","to":"turnRight"},{"from":"outUnitNavLine","to":"returnJourney"},{"from":"outUnitNavLine","to":"obstacleDetected"},{"from":"outUnitNavLine","to":"obstacleRemoved"},{"from":"outUnitNavPad","to":"detectGreenPad"},{"from":"outUnitNavPad","to":"detectRedPad"},{"from":"outUnitNavPad","to":"stopAtT"},{"from":"outUnitNavPad","to":"routeToSA"},{"from":"outUnitNavPad","to":"routeToSPD"},{"from":"outUnitNavPad","to":"stopAtSPE"},{"from":"outUnitNavPad","to":"arriveAtTargetStock"},{"from":"outUnitPieceColor","to":"extractPieceT"},{"from":"outUnitPieceColor","to":"extractPieceSPE"},{"from":"outSAPieceColor","to":"insertPieceSA"},{"from":"outSPDPieceColor","to":"insertPieceSPD"},{"from":"outUnitPAColor","to":"arriveAtPA"}]
[INIT PINS]   - Final portToPinMapping: {
  OpParam: 'OpParam',
  UnitNavPad: 'UnitNavPad',
  UnitPieceColor: 'UnitPieceColor',
  SPEPresence: 'SPEPresence',
  TPresence: 'TPresence',
  TPieceColor: 'TPieceColor',
  SPEPieceColor: 'SPEPieceColor',
  UnitNavLine: 'UnitNavLine',
  SAPieceColor: 'SAPieceColor',
  SPDPieceColor: 'SPDPieceColor',
  UnitPAColor: 'UnitPAColor'
}
[MODEL] initializeAllConnectors() called
[MODEL]   - _moduleContext available: true
[MODEL]   - _moduleContext keys: [
  'PT_SysADL_Ports_ParameterIPT',
  'PT_SysADL_Ports_ParameterOPT',
  'PT_SysADL_Ports_PieceTypeIPT',
  'PT_SysADL_Ports_PieceTypeOPT',
  'PT_SysADL_Ports_PresenceIPT',
  'PT_SysADL_Ports_PresenceOPT',
  'PT_SysADL_Ports_CommandIPT',
  'PT_SysADL_Ports_CommandOPT',
  'PT_SysADL_Ports_DirectionIPT',
  'PT_SysADL_Ports_DirectionOPT'
]
[MODEL]   - Checking component: RobAFISSystemCFD
[MODEL]     - Initializing connector: pConn
[CONNECTOR setModel] pConn: model=SysADLModel, _needsInitialization=true
[CONNECTOR setModel]   - participantSchema keys: [ 'parameterOPT', 'parameterIPT' ]
[CONNECTOR setModel]   - _moduleContext set with keys: [
  'PT_SysADL_Ports_ParameterIPT',
  'PT_SysADL_Ports_ParameterOPT',
  'PT_SysADL_Ports_PieceTypeIPT',
  'PT_SysADL_Ports_PieceTypeOPT',
  'PT_SysADL_Ports_PresenceIPT'
]
[CONNECTOR setModel]   - Calling initializeInternalParticipants()
Initializing participant parameterOPT with portClass PT_SysADL_Ports_ParameterOPT
Resolving port class: PT_SysADL_Ports_ParameterOPT
Module context available: true
Module context keys: [
  'PT_SysADL_Ports_ParameterIPT',
  'PT_SysADL_Ports_ParameterOPT',
  'PT_SysADL_Ports_PieceTypeIPT',
  'PT_SysADL_Ports_PieceTypeOPT',
  'PT_SysADL_Ports_PresenceIPT',
  'PT_SysADL_Ports_PresenceOPT',
  'PT_SysADL_Ports_CommandIPT',
  'PT_SysADL_Ports_CommandOPT',
  'PT_SysADL_Ports_DirectionIPT',
  'PT_SysADL_Ports_DirectionOPT',
  'PT_EnvPortsRobAFIS_OutPieceColor',
  'PT_EnvPortsRobAFIS_InPieceColor',
  'PT_EnvPortsRobAFIS_OutNavColor',
  'PT_EnvPortsRobAFIS_InNavColor',
  'PT_EnvPortsRobAFIS_OutPresence',
  'PT_EnvPortsRobAFIS_InPresence',
  'PT_EnvPortsRobAFIS_OutParameter',
  'PT_EnvPortsRobAFIS_InParameter',
  'PT_EnvPortsRobAFIS_OutMotorCommand',
  'PT_EnvPortsRobAFIS_InMotorCommand',
  'CN_SysADL_Connectors_ParameterCN',
  'CN_SysADL_Connectors_PieceTypeCN',
  'CN_SysADL_Connectors_PresenceCN',
  'CN_SysADL_Connectors_CommandCN',
  'CN_SysADL_Connectors_DirectionCN',
  'CN_EnvConnectorsRobAFIS_DetectPieceColorEnvCN',
  'CN_EnvConnectorsRobAFIS_DetectParameterEnvCN',
  'CN_EnvConnectorsRobAFIS_ReadParameterEnvCN',
  'CN_EnvConnectorsRobAFIS_ReadPieceColorEnvCN',
  'CN_EnvConnectorsRobAFIS_ReadPresenceEnvCN',
  'CN_EnvConnectorsRobAFIS_SendMotorCommandEnvCN',
  'CN_EnvConnectorsRobAFIS_SendEnvironmentalDirectionEnvCN',
  'CN_EnvConnectorsRobAFIS_SendPieceColorEnvCN',
  'CT_SysADL_Behavior_DecideCommandEQ',
  'CT_SysADL_Behavior_ExtractDirEQ',
  'CT_SysADL_Behavior_ExtractGrabEQ',
  'EX_SysADL_Execution_DecideCommandEX',
  'EX_SysADL_Execution_ExtractDirEX',
  'EX_SysADL_Execution_ExtractGrabEX',
  'EX_SysADL_Boundary_Execution_TranslateDirectionToColorEX',
  'EX_SysADL_Boundary_Execution_PassParameterEX',
  'EX_ScenariosRobAFIS_Execution_PassPieceTypeEX',
  'EX_SysADL_Boundary_Execution_PassPresenceEX',
  'EX_ScenariosRobAFIS_Execution_PassMotorCommandEX',
  'EX_ScenariosRobAFIS_Execution_PassMissionParameterEX',
  'EX_ScenariosRobAFIS_Execution_PassNavColorEX',
  'EN_PieceType',
  'EN_MissionParameter',
  'EN_MotorCommand',
  'EN_Direction',
  'EN_NavColor',
  'DT_RobotCommands'
]
Found in module context: [class PT_SysADL_Ports_ParameterOPT extends SimplePort]
Final result for PT_SysADL_Ports_ParameterOPT: [class PT_SysADL_Ports_ParameterOPT extends SimplePort]
Resolved simple port class: [class PT_SysADL_Ports_ParameterOPT extends SimplePort]
PortClass type: function
PortClass constructor: [Function: Function]
Initializing participant parameterIPT with portClass PT_SysADL_Ports_ParameterIPT
Resolving port class: PT_SysADL_Ports_ParameterIPT
Module context available: true
Module context keys: [
  'PT_SysADL_Ports_ParameterIPT',
  'PT_SysADL_Ports_ParameterOPT',
  'PT_SysADL_Ports_PieceTypeIPT',
  'PT_SysADL_Ports_PieceTypeOPT',
  'PT_SysADL_Ports_PresenceIPT',
  'PT_SysADL_Ports_PresenceOPT',
  'PT_SysADL_Ports_CommandIPT',
  'PT_SysADL_Ports_CommandOPT',
  'PT_SysADL_Ports_DirectionIPT',
  'PT_SysADL_Ports_DirectionOPT',
  'PT_EnvPortsRobAFIS_OutPieceColor',
  'PT_EnvPortsRobAFIS_InPieceColor',
  'PT_EnvPortsRobAFIS_OutNavColor',
  'PT_EnvPortsRobAFIS_InNavColor',
  'PT_EnvPortsRobAFIS_OutPresence',
  'PT_EnvPortsRobAFIS_InPresence',
  'PT_EnvPortsRobAFIS_OutParameter',
  'PT_EnvPortsRobAFIS_InParameter',
  'PT_EnvPortsRobAFIS_OutMotorCommand',
  'PT_EnvPortsRobAFIS_InMotorCommand',
  'CN_SysADL_Connectors_ParameterCN',
  'CN_SysADL_Connectors_PieceTypeCN',
  'CN_SysADL_Connectors_PresenceCN',
  'CN_SysADL_Connectors_CommandCN',
  'CN_SysADL_Connectors_DirectionCN',
  'CN_EnvConnectorsRobAFIS_DetectPieceColorEnvCN',
  'CN_EnvConnectorsRobAFIS_DetectParameterEnvCN',
  'CN_EnvConnectorsRobAFIS_ReadParameterEnvCN',
  'CN_EnvConnectorsRobAFIS_ReadPieceColorEnvCN',
  'CN_EnvConnectorsRobAFIS_ReadPresenceEnvCN',
  'CN_EnvConnectorsRobAFIS_SendMotorCommandEnvCN',
  'CN_EnvConnectorsRobAFIS_SendEnvironmentalDirectionEnvCN',
  'CN_EnvConnectorsRobAFIS_SendPieceColorEnvCN',
  'CT_SysADL_Behavior_DecideCommandEQ',
  'CT_SysADL_Behavior_ExtractDirEQ',
  'CT_SysADL_Behavior_ExtractGrabEQ',
  'EX_SysADL_Execution_DecideCommandEX',
  'EX_SysADL_Execution_ExtractDirEX',
  'EX_SysADL_Execution_ExtractGrabEX',
  'EX_SysADL_Boundary_Execution_TranslateDirectionToColorEX',
  'EX_SysADL_Boundary_Execution_PassParameterEX',
  'EX_ScenariosRobAFIS_Execution_PassPieceTypeEX',
  'EX_SysADL_Boundary_Execution_PassPresenceEX',
  'EX_ScenariosRobAFIS_Execution_PassMotorCommandEX',
  'EX_ScenariosRobAFIS_Execution_PassMissionParameterEX',
  'EX_ScenariosRobAFIS_Execution_PassNavColorEX',
  'EN_PieceType',
  'EN_MissionParameter',
  'EN_MotorCommand',
  'EN_Direction',
  'EN_NavColor',
  'DT_RobotCommands'
]
Found in module context: [class PT_SysADL_Ports_ParameterIPT extends SimplePort]
Final result for PT_SysADL_Ports_ParameterIPT: [class PT_SysADL_Ports_ParameterIPT extends SimplePort]
Resolved simple port class: [class PT_SysADL_Ports_ParameterIPT extends SimplePort]
PortClass type: function
PortClass constructor: [Function: Function]
[BIND TO] pConn.parameterOPT bindTo -> bindingType=Object, hasReceive=true
[MODEL]     - Initializing connector: colorConn
[CONNECTOR setModel] colorConn: model=SysADLModel, _needsInitialization=true
[CONNECTOR setModel]   - participantSchema keys: [ 'pieceTypeOPT', 'pieceTypeIPT' ]
[CONNECTOR setModel]   - _moduleContext set with keys: [
  'PT_SysADL_Ports_ParameterIPT',
  'PT_SysADL_Ports_ParameterOPT',
  'PT_SysADL_Ports_PieceTypeIPT',
  'PT_SysADL_Ports_PieceTypeOPT',
  'PT_SysADL_Ports_PresenceIPT'
]
[CONNECTOR setModel]   - Calling initializeInternalParticipants()
Initializing participant pieceTypeOPT with portClass PT_SysADL_Ports_PieceTypeOPT
Resolving port class: PT_SysADL_Ports_PieceTypeOPT
Module context available: true
Module context keys: [
  'PT_SysADL_Ports_ParameterIPT',
  'PT_SysADL_Ports_ParameterOPT',
  'PT_SysADL_Ports_PieceTypeIPT',
  'PT_SysADL_Ports_PieceTypeOPT',
  'PT_SysADL_Ports_PresenceIPT',
  'PT_SysADL_Ports_PresenceOPT',
  'PT_SysADL_Ports_CommandIPT',
  'PT_SysADL_Ports_CommandOPT',
  'PT_SysADL_Ports_DirectionIPT',
  'PT_SysADL_Ports_DirectionOPT',
  'PT_EnvPortsRobAFIS_OutPieceColor',
  'PT_EnvPortsRobAFIS_InPieceColor',
  'PT_EnvPortsRobAFIS_OutNavColor',
  'PT_EnvPortsRobAFIS_InNavColor',
  'PT_EnvPortsRobAFIS_OutPresence',
  'PT_EnvPortsRobAFIS_InPresence',
  'PT_EnvPortsRobAFIS_OutParameter',
  'PT_EnvPortsRobAFIS_InParameter',
  'PT_EnvPortsRobAFIS_OutMotorCommand',
  'PT_EnvPortsRobAFIS_InMotorCommand',
  'CN_SysADL_Connectors_ParameterCN',
  'CN_SysADL_Connectors_PieceTypeCN',
  'CN_SysADL_Connectors_PresenceCN',
  'CN_SysADL_Connectors_CommandCN',
  'CN_SysADL_Connectors_DirectionCN',
  'CN_EnvConnectorsRobAFIS_DetectPieceColorEnvCN',
  'CN_EnvConnectorsRobAFIS_DetectParameterEnvCN',
  'CN_EnvConnectorsRobAFIS_ReadParameterEnvCN',
  'CN_EnvConnectorsRobAFIS_ReadPieceColorEnvCN',
  'CN_EnvConnectorsRobAFIS_ReadPresenceEnvCN',
  'CN_EnvConnectorsRobAFIS_SendMotorCommandEnvCN',
  'CN_EnvConnectorsRobAFIS_SendEnvironmentalDirectionEnvCN',
  'CN_EnvConnectorsRobAFIS_SendPieceColorEnvCN',
  'CT_SysADL_Behavior_DecideCommandEQ',
  'CT_SysADL_Behavior_ExtractDirEQ',
  'CT_SysADL_Behavior_ExtractGrabEQ',
  'EX_SysADL_Execution_DecideCommandEX',
  'EX_SysADL_Execution_ExtractDirEX',
  'EX_SysADL_Execution_ExtractGrabEX',
  'EX_SysADL_Boundary_Execution_TranslateDirectionToColorEX',
  'EX_SysADL_Boundary_Execution_PassParameterEX',
  'EX_ScenariosRobAFIS_Execution_PassPieceTypeEX',
  'EX_SysADL_Boundary_Execution_PassPresenceEX',
  'EX_ScenariosRobAFIS_Execution_PassMotorCommandEX',
  'EX_ScenariosRobAFIS_Execution_PassMissionParameterEX',
  'EX_ScenariosRobAFIS_Execution_PassNavColorEX',
  'EN_PieceType',
  'EN_MissionParameter',
  'EN_MotorCommand',
  'EN_Direction',
  'EN_NavColor',
  'DT_RobotCommands'
]
Found in module context: [class PT_SysADL_Ports_PieceTypeOPT extends SimplePort]
Final result for PT_SysADL_Ports_PieceTypeOPT: [class PT_SysADL_Ports_PieceTypeOPT extends SimplePort]
Resolved simple port class: [class PT_SysADL_Ports_PieceTypeOPT extends SimplePort]
PortClass type: function
PortClass constructor: [Function: Function]
Initializing participant pieceTypeIPT with portClass PT_SysADL_Ports_PieceTypeIPT
Resolving port class: PT_SysADL_Ports_PieceTypeIPT
Module context available: true
Module context keys: [
  'PT_SysADL_Ports_ParameterIPT',
  'PT_SysADL_Ports_ParameterOPT',
  'PT_SysADL_Ports_PieceTypeIPT',
  'PT_SysADL_Ports_PieceTypeOPT',
  'PT_SysADL_Ports_PresenceIPT',
  'PT_SysADL_Ports_PresenceOPT',
  'PT_SysADL_Ports_CommandIPT',
  'PT_SysADL_Ports_CommandOPT',
  'PT_SysADL_Ports_DirectionIPT',
  'PT_SysADL_Ports_DirectionOPT',
  'PT_EnvPortsRobAFIS_OutPieceColor',
  'PT_EnvPortsRobAFIS_InPieceColor',
  'PT_EnvPortsRobAFIS_OutNavColor',
  'PT_EnvPortsRobAFIS_InNavColor',
  'PT_EnvPortsRobAFIS_OutPresence',
  'PT_EnvPortsRobAFIS_InPresence',
  'PT_EnvPortsRobAFIS_OutParameter',
  'PT_EnvPortsRobAFIS_InParameter',
  'PT_EnvPortsRobAFIS_OutMotorCommand',
  'PT_EnvPortsRobAFIS_InMotorCommand',
  'CN_SysADL_Connectors_ParameterCN',
  'CN_SysADL_Connectors_PieceTypeCN',
  'CN_SysADL_Connectors_PresenceCN',
  'CN_SysADL_Connectors_CommandCN',
  'CN_SysADL_Connectors_DirectionCN',
  'CN_EnvConnectorsRobAFIS_DetectPieceColorEnvCN',
  'CN_EnvConnectorsRobAFIS_DetectParameterEnvCN',
  'CN_EnvConnectorsRobAFIS_ReadParameterEnvCN',
  'CN_EnvConnectorsRobAFIS_ReadPieceColorEnvCN',
  'CN_EnvConnectorsRobAFIS_ReadPresenceEnvCN',
  'CN_EnvConnectorsRobAFIS_SendMotorCommandEnvCN',
  'CN_EnvConnectorsRobAFIS_SendEnvironmentalDirectionEnvCN',
  'CN_EnvConnectorsRobAFIS_SendPieceColorEnvCN',
  'CT_SysADL_Behavior_DecideCommandEQ',
  'CT_SysADL_Behavior_ExtractDirEQ',
  'CT_SysADL_Behavior_ExtractGrabEQ',
  'EX_SysADL_Execution_DecideCommandEX',
  'EX_SysADL_Execution_ExtractDirEX',
  'EX_SysADL_Execution_ExtractGrabEX',
  'EX_SysADL_Boundary_Execution_TranslateDirectionToColorEX',
  'EX_SysADL_Boundary_Execution_PassParameterEX',
  'EX_ScenariosRobAFIS_Execution_PassPieceTypeEX',
  'EX_SysADL_Boundary_Execution_PassPresenceEX',
  'EX_ScenariosRobAFIS_Execution_PassMotorCommandEX',
  'EX_ScenariosRobAFIS_Execution_PassMissionParameterEX',
  'EX_ScenariosRobAFIS_Execution_PassNavColorEX',
  'EN_PieceType',
  'EN_MissionParameter',
  'EN_MotorCommand',
  'EN_Direction',
  'EN_NavColor',
  'DT_RobotCommands'
]
Found in module context: [class PT_SysADL_Ports_PieceTypeIPT extends SimplePort]
Final result for PT_SysADL_Ports_PieceTypeIPT: [class PT_SysADL_Ports_PieceTypeIPT extends SimplePort]
Resolved simple port class: [class PT_SysADL_Ports_PieceTypeIPT extends SimplePort]
PortClass type: function
PortClass constructor: [Function: Function]
[BIND TO] colorConn.pieceTypeOPT bindTo -> bindingType=Object, hasReceive=true
[MODEL]     - Initializing connector: speConn
[CONNECTOR setModel] speConn: model=SysADLModel, _needsInitialization=true
[CONNECTOR setModel]   - participantSchema keys: [ 'presenceOPT', 'presenceIPT' ]
[CONNECTOR setModel]   - _moduleContext set with keys: [
  'PT_SysADL_Ports_ParameterIPT',
  'PT_SysADL_Ports_ParameterOPT',
  'PT_SysADL_Ports_PieceTypeIPT',
  'PT_SysADL_Ports_PieceTypeOPT',
  'PT_SysADL_Ports_PresenceIPT'
]
[CONNECTOR setModel]   - Calling initializeInternalParticipants()
Initializing participant presenceOPT with portClass PT_SysADL_Ports_PresenceOPT
Resolving port class: PT_SysADL_Ports_PresenceOPT
Module context available: true
Module context keys: [
  'PT_SysADL_Ports_ParameterIPT',
  'PT_SysADL_Ports_ParameterOPT',
  'PT_SysADL_Ports_PieceTypeIPT',
  'PT_SysADL_Ports_PieceTypeOPT',
  'PT_SysADL_Ports_PresenceIPT',
  'PT_SysADL_Ports_PresenceOPT',
  'PT_SysADL_Ports_CommandIPT',
  'PT_SysADL_Ports_CommandOPT',
  'PT_SysADL_Ports_DirectionIPT',
  'PT_SysADL_Ports_DirectionOPT',
  'PT_EnvPortsRobAFIS_OutPieceColor',
  'PT_EnvPortsRobAFIS_InPieceColor',
  'PT_EnvPortsRobAFIS_OutNavColor',
  'PT_EnvPortsRobAFIS_InNavColor',
  'PT_EnvPortsRobAFIS_OutPresence',
  'PT_EnvPortsRobAFIS_InPresence',
  'PT_EnvPortsRobAFIS_OutParameter',
  'PT_EnvPortsRobAFIS_InParameter',
  'PT_EnvPortsRobAFIS_OutMotorCommand',
  'PT_EnvPortsRobAFIS_InMotorCommand',
  'CN_SysADL_Connectors_ParameterCN',
  'CN_SysADL_Connectors_PieceTypeCN',
  'CN_SysADL_Connectors_PresenceCN',
  'CN_SysADL_Connectors_CommandCN',
  'CN_SysADL_Connectors_DirectionCN',
  'CN_EnvConnectorsRobAFIS_DetectPieceColorEnvCN',
  'CN_EnvConnectorsRobAFIS_DetectParameterEnvCN',
  'CN_EnvConnectorsRobAFIS_ReadParameterEnvCN',
  'CN_EnvConnectorsRobAFIS_ReadPieceColorEnvCN',
  'CN_EnvConnectorsRobAFIS_ReadPresenceEnvCN',
  'CN_EnvConnectorsRobAFIS_SendMotorCommandEnvCN',
  'CN_EnvConnectorsRobAFIS_SendEnvironmentalDirectionEnvCN',
  'CN_EnvConnectorsRobAFIS_SendPieceColorEnvCN',
  'CT_SysADL_Behavior_DecideCommandEQ',
  'CT_SysADL_Behavior_ExtractDirEQ',
  'CT_SysADL_Behavior_ExtractGrabEQ',
  'EX_SysADL_Execution_DecideCommandEX',
  'EX_SysADL_Execution_ExtractDirEX',
  'EX_SysADL_Execution_ExtractGrabEX',
  'EX_SysADL_Boundary_Execution_TranslateDirectionToColorEX',
  'EX_SysADL_Boundary_Execution_PassParameterEX',
  'EX_ScenariosRobAFIS_Execution_PassPieceTypeEX',
  'EX_SysADL_Boundary_Execution_PassPresenceEX',
  'EX_ScenariosRobAFIS_Execution_PassMotorCommandEX',
  'EX_ScenariosRobAFIS_Execution_PassMissionParameterEX',
  'EX_ScenariosRobAFIS_Execution_PassNavColorEX',
  'EN_PieceType',
  'EN_MissionParameter',
  'EN_MotorCommand',
  'EN_Direction',
  'EN_NavColor',
  'DT_RobotCommands'
]
Found in module context: [class PT_SysADL_Ports_PresenceOPT extends SimplePort]
Final result for PT_SysADL_Ports_PresenceOPT: [class PT_SysADL_Ports_PresenceOPT extends SimplePort]
Resolved simple port class: [class PT_SysADL_Ports_PresenceOPT extends SimplePort]
PortClass type: function
PortClass constructor: [Function: Function]
Initializing participant presenceIPT with portClass PT_SysADL_Ports_PresenceIPT
Resolving port class: PT_SysADL_Ports_PresenceIPT
Module context available: true
Module context keys: [
  'PT_SysADL_Ports_ParameterIPT',
  'PT_SysADL_Ports_ParameterOPT',
  'PT_SysADL_Ports_PieceTypeIPT',
  'PT_SysADL_Ports_PieceTypeOPT',
  'PT_SysADL_Ports_PresenceIPT',
  'PT_SysADL_Ports_PresenceOPT',
  'PT_SysADL_Ports_CommandIPT',
  'PT_SysADL_Ports_CommandOPT',
  'PT_SysADL_Ports_DirectionIPT',
  'PT_SysADL_Ports_DirectionOPT',
  'PT_EnvPortsRobAFIS_OutPieceColor',
  'PT_EnvPortsRobAFIS_InPieceColor',
  'PT_EnvPortsRobAFIS_OutNavColor',
  'PT_EnvPortsRobAFIS_InNavColor',
  'PT_EnvPortsRobAFIS_OutPresence',
  'PT_EnvPortsRobAFIS_InPresence',
  'PT_EnvPortsRobAFIS_OutParameter',
  'PT_EnvPortsRobAFIS_InParameter',
  'PT_EnvPortsRobAFIS_OutMotorCommand',
  'PT_EnvPortsRobAFIS_InMotorCommand',
  'CN_SysADL_Connectors_ParameterCN',
  'CN_SysADL_Connectors_PieceTypeCN',
  'CN_SysADL_Connectors_PresenceCN',
  'CN_SysADL_Connectors_CommandCN',
  'CN_SysADL_Connectors_DirectionCN',
  'CN_EnvConnectorsRobAFIS_DetectPieceColorEnvCN',
  'CN_EnvConnectorsRobAFIS_DetectParameterEnvCN',
  'CN_EnvConnectorsRobAFIS_ReadParameterEnvCN',
  'CN_EnvConnectorsRobAFIS_ReadPieceColorEnvCN',
  'CN_EnvConnectorsRobAFIS_ReadPresenceEnvCN',
  'CN_EnvConnectorsRobAFIS_SendMotorCommandEnvCN',
  'CN_EnvConnectorsRobAFIS_SendEnvironmentalDirectionEnvCN',
  'CN_EnvConnectorsRobAFIS_SendPieceColorEnvCN',
  'CT_SysADL_Behavior_DecideCommandEQ',
  'CT_SysADL_Behavior_ExtractDirEQ',
  'CT_SysADL_Behavior_ExtractGrabEQ',
  'EX_SysADL_Execution_DecideCommandEX',
  'EX_SysADL_Execution_ExtractDirEX',
  'EX_SysADL_Execution_ExtractGrabEX',
  'EX_SysADL_Boundary_Execution_TranslateDirectionToColorEX',
  'EX_SysADL_Boundary_Execution_PassParameterEX',
  'EX_ScenariosRobAFIS_Execution_PassPieceTypeEX',
  'EX_SysADL_Boundary_Execution_PassPresenceEX',
  'EX_ScenariosRobAFIS_Execution_PassMotorCommandEX',
  'EX_ScenariosRobAFIS_Execution_PassMissionParameterEX',
  'EX_ScenariosRobAFIS_Execution_PassNavColorEX',
  'EN_PieceType',
  'EN_MissionParameter',
  'EN_MotorCommand',
  'EN_Direction',
  'EN_NavColor',
  'DT_RobotCommands'
]
Found in module context: [class PT_SysADL_Ports_PresenceIPT extends SimplePort]
Final result for PT_SysADL_Ports_PresenceIPT: [class PT_SysADL_Ports_PresenceIPT extends SimplePort]
Resolved simple port class: [class PT_SysADL_Ports_PresenceIPT extends SimplePort]
PortClass type: function
PortClass constructor: [Function: Function]
[BIND TO] speConn.presenceOPT bindTo -> bindingType=Object, hasReceive=true
[MODEL]     - Initializing connector: tConn
[CONNECTOR setModel] tConn: model=SysADLModel, _needsInitialization=true
[CONNECTOR setModel]   - participantSchema keys: [ 'presenceOPT', 'presenceIPT' ]
[CONNECTOR setModel]   - _moduleContext set with keys: [
  'PT_SysADL_Ports_ParameterIPT',
  'PT_SysADL_Ports_ParameterOPT',
  'PT_SysADL_Ports_PieceTypeIPT',
  'PT_SysADL_Ports_PieceTypeOPT',
  'PT_SysADL_Ports_PresenceIPT'
]
[CONNECTOR setModel]   - Calling initializeInternalParticipants()
Initializing participant presenceOPT with portClass PT_SysADL_Ports_PresenceOPT
Resolving port class: PT_SysADL_Ports_PresenceOPT
Module context available: true
Module context keys: [
  'PT_SysADL_Ports_ParameterIPT',
  'PT_SysADL_Ports_ParameterOPT',
  'PT_SysADL_Ports_PieceTypeIPT',
  'PT_SysADL_Ports_PieceTypeOPT',
  'PT_SysADL_Ports_PresenceIPT',
  'PT_SysADL_Ports_PresenceOPT',
  'PT_SysADL_Ports_CommandIPT',
  'PT_SysADL_Ports_CommandOPT',
  'PT_SysADL_Ports_DirectionIPT',
  'PT_SysADL_Ports_DirectionOPT',
  'PT_EnvPortsRobAFIS_OutPieceColor',
  'PT_EnvPortsRobAFIS_InPieceColor',
  'PT_EnvPortsRobAFIS_OutNavColor',
  'PT_EnvPortsRobAFIS_InNavColor',
  'PT_EnvPortsRobAFIS_OutPresence',
  'PT_EnvPortsRobAFIS_InPresence',
  'PT_EnvPortsRobAFIS_OutParameter',
  'PT_EnvPortsRobAFIS_InParameter',
  'PT_EnvPortsRobAFIS_OutMotorCommand',
  'PT_EnvPortsRobAFIS_InMotorCommand',
  'CN_SysADL_Connectors_ParameterCN',
  'CN_SysADL_Connectors_PieceTypeCN',
  'CN_SysADL_Connectors_PresenceCN',
  'CN_SysADL_Connectors_CommandCN',
  'CN_SysADL_Connectors_DirectionCN',
  'CN_EnvConnectorsRobAFIS_DetectPieceColorEnvCN',
  'CN_EnvConnectorsRobAFIS_DetectParameterEnvCN',
  'CN_EnvConnectorsRobAFIS_ReadParameterEnvCN',
  'CN_EnvConnectorsRobAFIS_ReadPieceColorEnvCN',
  'CN_EnvConnectorsRobAFIS_ReadPresenceEnvCN',
  'CN_EnvConnectorsRobAFIS_SendMotorCommandEnvCN',
  'CN_EnvConnectorsRobAFIS_SendEnvironmentalDirectionEnvCN',
  'CN_EnvConnectorsRobAFIS_SendPieceColorEnvCN',
  'CT_SysADL_Behavior_DecideCommandEQ',
  'CT_SysADL_Behavior_ExtractDirEQ',
  'CT_SysADL_Behavior_ExtractGrabEQ',
  'EX_SysADL_Execution_DecideCommandEX',
  'EX_SysADL_Execution_ExtractDirEX',
  'EX_SysADL_Execution_ExtractGrabEX',
  'EX_SysADL_Boundary_Execution_TranslateDirectionToColorEX',
  'EX_SysADL_Boundary_Execution_PassParameterEX',
  'EX_ScenariosRobAFIS_Execution_PassPieceTypeEX',
  'EX_SysADL_Boundary_Execution_PassPresenceEX',
  'EX_ScenariosRobAFIS_Execution_PassMotorCommandEX',
  'EX_ScenariosRobAFIS_Execution_PassMissionParameterEX',
  'EX_ScenariosRobAFIS_Execution_PassNavColorEX',
  'EN_PieceType',
  'EN_MissionParameter',
  'EN_MotorCommand',
  'EN_Direction',
  'EN_NavColor',
  'DT_RobotCommands'
]
Found in module context: [class PT_SysADL_Ports_PresenceOPT extends SimplePort]
Final result for PT_SysADL_Ports_PresenceOPT: [class PT_SysADL_Ports_PresenceOPT extends SimplePort]
Resolved simple port class: [class PT_SysADL_Ports_PresenceOPT extends SimplePort]
PortClass type: function
PortClass constructor: [Function: Function]
Initializing participant presenceIPT with portClass PT_SysADL_Ports_PresenceIPT
Resolving port class: PT_SysADL_Ports_PresenceIPT
Module context available: true
Module context keys: [
  'PT_SysADL_Ports_ParameterIPT',
  'PT_SysADL_Ports_ParameterOPT',
  'PT_SysADL_Ports_PieceTypeIPT',
  'PT_SysADL_Ports_PieceTypeOPT',
  'PT_SysADL_Ports_PresenceIPT',
  'PT_SysADL_Ports_PresenceOPT',
  'PT_SysADL_Ports_CommandIPT',
  'PT_SysADL_Ports_CommandOPT',
  'PT_SysADL_Ports_DirectionIPT',
  'PT_SysADL_Ports_DirectionOPT',
  'PT_EnvPortsRobAFIS_OutPieceColor',
  'PT_EnvPortsRobAFIS_InPieceColor',
  'PT_EnvPortsRobAFIS_OutNavColor',
  'PT_EnvPortsRobAFIS_InNavColor',
  'PT_EnvPortsRobAFIS_OutPresence',
  'PT_EnvPortsRobAFIS_InPresence',
  'PT_EnvPortsRobAFIS_OutParameter',
  'PT_EnvPortsRobAFIS_InParameter',
  'PT_EnvPortsRobAFIS_OutMotorCommand',
  'PT_EnvPortsRobAFIS_InMotorCommand',
  'CN_SysADL_Connectors_ParameterCN',
  'CN_SysADL_Connectors_PieceTypeCN',
  'CN_SysADL_Connectors_PresenceCN',
  'CN_SysADL_Connectors_CommandCN',
  'CN_SysADL_Connectors_DirectionCN',
  'CN_EnvConnectorsRobAFIS_DetectPieceColorEnvCN',
  'CN_EnvConnectorsRobAFIS_DetectParameterEnvCN',
  'CN_EnvConnectorsRobAFIS_ReadParameterEnvCN',
  'CN_EnvConnectorsRobAFIS_ReadPieceColorEnvCN',
  'CN_EnvConnectorsRobAFIS_ReadPresenceEnvCN',
  'CN_EnvConnectorsRobAFIS_SendMotorCommandEnvCN',
  'CN_EnvConnectorsRobAFIS_SendEnvironmentalDirectionEnvCN',
  'CN_EnvConnectorsRobAFIS_SendPieceColorEnvCN',
  'CT_SysADL_Behavior_DecideCommandEQ',
  'CT_SysADL_Behavior_ExtractDirEQ',
  'CT_SysADL_Behavior_ExtractGrabEQ',
  'EX_SysADL_Execution_DecideCommandEX',
  'EX_SysADL_Execution_ExtractDirEX',
  'EX_SysADL_Execution_ExtractGrabEX',
  'EX_SysADL_Boundary_Execution_TranslateDirectionToColorEX',
  'EX_SysADL_Boundary_Execution_PassParameterEX',
  'EX_ScenariosRobAFIS_Execution_PassPieceTypeEX',
  'EX_SysADL_Boundary_Execution_PassPresenceEX',
  'EX_ScenariosRobAFIS_Execution_PassMotorCommandEX',
  'EX_ScenariosRobAFIS_Execution_PassMissionParameterEX',
  'EX_ScenariosRobAFIS_Execution_PassNavColorEX',
  'EN_PieceType',
  'EN_MissionParameter',
  'EN_MotorCommand',
  'EN_Direction',
  'EN_NavColor',
  'DT_RobotCommands'
]
Found in module context: [class PT_SysADL_Ports_PresenceIPT extends SimplePort]
Final result for PT_SysADL_Ports_PresenceIPT: [class PT_SysADL_Ports_PresenceIPT extends SimplePort]
Resolved simple port class: [class PT_SysADL_Ports_PresenceIPT extends SimplePort]
PortClass type: function
PortClass constructor: [Function: Function]
[BIND TO] tConn.presenceOPT bindTo -> bindingType=Object, hasReceive=true
[MODEL]     - Initializing connector: dirConn
[CONNECTOR setModel] dirConn: model=SysADLModel, _needsInitialization=true
[CONNECTOR setModel]   - participantSchema keys: [ 'directionOPT', 'directionIPT' ]
[CONNECTOR setModel]   - _moduleContext set with keys: [
  'PT_SysADL_Ports_ParameterIPT',
  'PT_SysADL_Ports_ParameterOPT',
  'PT_SysADL_Ports_PieceTypeIPT',
  'PT_SysADL_Ports_PieceTypeOPT',
  'PT_SysADL_Ports_PresenceIPT'
]
[CONNECTOR setModel]   - Calling initializeInternalParticipants()
Initializing participant directionOPT with portClass PT_SysADL_Ports_DirectionOPT
Resolving port class: PT_SysADL_Ports_DirectionOPT
Module context available: true
Module context keys: [
  'PT_SysADL_Ports_ParameterIPT',
  'PT_SysADL_Ports_ParameterOPT',
  'PT_SysADL_Ports_PieceTypeIPT',
  'PT_SysADL_Ports_PieceTypeOPT',
  'PT_SysADL_Ports_PresenceIPT',
  'PT_SysADL_Ports_PresenceOPT',
  'PT_SysADL_Ports_CommandIPT',
  'PT_SysADL_Ports_CommandOPT',
  'PT_SysADL_Ports_DirectionIPT',
  'PT_SysADL_Ports_DirectionOPT',
  'PT_EnvPortsRobAFIS_OutPieceColor',
  'PT_EnvPortsRobAFIS_InPieceColor',
  'PT_EnvPortsRobAFIS_OutNavColor',
  'PT_EnvPortsRobAFIS_InNavColor',
  'PT_EnvPortsRobAFIS_OutPresence',
  'PT_EnvPortsRobAFIS_InPresence',
  'PT_EnvPortsRobAFIS_OutParameter',
  'PT_EnvPortsRobAFIS_InParameter',
  'PT_EnvPortsRobAFIS_OutMotorCommand',
  'PT_EnvPortsRobAFIS_InMotorCommand',
  'CN_SysADL_Connectors_ParameterCN',
  'CN_SysADL_Connectors_PieceTypeCN',
  'CN_SysADL_Connectors_PresenceCN',
  'CN_SysADL_Connectors_CommandCN',
  'CN_SysADL_Connectors_DirectionCN',
  'CN_EnvConnectorsRobAFIS_DetectPieceColorEnvCN',
  'CN_EnvConnectorsRobAFIS_DetectParameterEnvCN',
  'CN_EnvConnectorsRobAFIS_ReadParameterEnvCN',
  'CN_EnvConnectorsRobAFIS_ReadPieceColorEnvCN',
  'CN_EnvConnectorsRobAFIS_ReadPresenceEnvCN',
  'CN_EnvConnectorsRobAFIS_SendMotorCommandEnvCN',
  'CN_EnvConnectorsRobAFIS_SendEnvironmentalDirectionEnvCN',
  'CN_EnvConnectorsRobAFIS_SendPieceColorEnvCN',
  'CT_SysADL_Behavior_DecideCommandEQ',
  'CT_SysADL_Behavior_ExtractDirEQ',
  'CT_SysADL_Behavior_ExtractGrabEQ',
  'EX_SysADL_Execution_DecideCommandEX',
  'EX_SysADL_Execution_ExtractDirEX',
  'EX_SysADL_Execution_ExtractGrabEX',
  'EX_SysADL_Boundary_Execution_TranslateDirectionToColorEX',
  'EX_SysADL_Boundary_Execution_PassParameterEX',
  'EX_ScenariosRobAFIS_Execution_PassPieceTypeEX',
  'EX_SysADL_Boundary_Execution_PassPresenceEX',
  'EX_ScenariosRobAFIS_Execution_PassMotorCommandEX',
  'EX_ScenariosRobAFIS_Execution_PassMissionParameterEX',
  'EX_ScenariosRobAFIS_Execution_PassNavColorEX',
  'EN_PieceType',
  'EN_MissionParameter',
  'EN_MotorCommand',
  'EN_Direction',
  'EN_NavColor',
  'DT_RobotCommands'
]
Found in module context: [class PT_SysADL_Ports_DirectionOPT extends SimplePort]
Final result for PT_SysADL_Ports_DirectionOPT: [class PT_SysADL_Ports_DirectionOPT extends SimplePort]
Resolved simple port class: [class PT_SysADL_Ports_DirectionOPT extends SimplePort]
PortClass type: function
PortClass constructor: [Function: Function]
Initializing participant directionIPT with portClass PT_SysADL_Ports_DirectionIPT
Resolving port class: PT_SysADL_Ports_DirectionIPT
Module context available: true
Module context keys: [
  'PT_SysADL_Ports_ParameterIPT',
  'PT_SysADL_Ports_ParameterOPT',
  'PT_SysADL_Ports_PieceTypeIPT',
  'PT_SysADL_Ports_PieceTypeOPT',
  'PT_SysADL_Ports_PresenceIPT',
  'PT_SysADL_Ports_PresenceOPT',
  'PT_SysADL_Ports_CommandIPT',
  'PT_SysADL_Ports_CommandOPT',
  'PT_SysADL_Ports_DirectionIPT',
  'PT_SysADL_Ports_DirectionOPT',
  'PT_EnvPortsRobAFIS_OutPieceColor',
  'PT_EnvPortsRobAFIS_InPieceColor',
  'PT_EnvPortsRobAFIS_OutNavColor',
  'PT_EnvPortsRobAFIS_InNavColor',
  'PT_EnvPortsRobAFIS_OutPresence',
  'PT_EnvPortsRobAFIS_InPresence',
  'PT_EnvPortsRobAFIS_OutParameter',
  'PT_EnvPortsRobAFIS_InParameter',
  'PT_EnvPortsRobAFIS_OutMotorCommand',
  'PT_EnvPortsRobAFIS_InMotorCommand',
  'CN_SysADL_Connectors_ParameterCN',
  'CN_SysADL_Connectors_PieceTypeCN',
  'CN_SysADL_Connectors_PresenceCN',
  'CN_SysADL_Connectors_CommandCN',
  'CN_SysADL_Connectors_DirectionCN',
  'CN_EnvConnectorsRobAFIS_DetectPieceColorEnvCN',
  'CN_EnvConnectorsRobAFIS_DetectParameterEnvCN',
  'CN_EnvConnectorsRobAFIS_ReadParameterEnvCN',
  'CN_EnvConnectorsRobAFIS_ReadPieceColorEnvCN',
  'CN_EnvConnectorsRobAFIS_ReadPresenceEnvCN',
  'CN_EnvConnectorsRobAFIS_SendMotorCommandEnvCN',
  'CN_EnvConnectorsRobAFIS_SendEnvironmentalDirectionEnvCN',
  'CN_EnvConnectorsRobAFIS_SendPieceColorEnvCN',
  'CT_SysADL_Behavior_DecideCommandEQ',
  'CT_SysADL_Behavior_ExtractDirEQ',
  'CT_SysADL_Behavior_ExtractGrabEQ',
  'EX_SysADL_Execution_DecideCommandEX',
  'EX_SysADL_Execution_ExtractDirEX',
  'EX_SysADL_Execution_ExtractGrabEX',
  'EX_SysADL_Boundary_Execution_TranslateDirectionToColorEX',
  'EX_SysADL_Boundary_Execution_PassParameterEX',
  'EX_ScenariosRobAFIS_Execution_PassPieceTypeEX',
  'EX_SysADL_Boundary_Execution_PassPresenceEX',
  'EX_ScenariosRobAFIS_Execution_PassMotorCommandEX',
  'EX_ScenariosRobAFIS_Execution_PassMissionParameterEX',
  'EX_ScenariosRobAFIS_Execution_PassNavColorEX',
  'EN_PieceType',
  'EN_MissionParameter',
  'EN_MotorCommand',
  'EN_Direction',
  'EN_NavColor',
  'DT_RobotCommands'
]
Found in module context: [class PT_SysADL_Ports_DirectionIPT extends SimplePort]
Final result for PT_SysADL_Ports_DirectionIPT: [class PT_SysADL_Ports_DirectionIPT extends SimplePort]
Resolved simple port class: [class PT_SysADL_Ports_DirectionIPT extends SimplePort]
PortClass type: function
PortClass constructor: [Function: Function]
[BIND TO] dirConn.directionOPT bindTo -> bindingType=Object, hasReceive=true
[MODEL]     - Initializing connector: grabConn
[CONNECTOR setModel] grabConn: model=SysADLModel, _needsInitialization=true
[CONNECTOR setModel]   - participantSchema keys: [ 'commandOPT', 'commandIPT' ]
[CONNECTOR setModel]   - _moduleContext set with keys: [
  'PT_SysADL_Ports_ParameterIPT',
  'PT_SysADL_Ports_ParameterOPT',
  'PT_SysADL_Ports_PieceTypeIPT',
  'PT_SysADL_Ports_PieceTypeOPT',
  'PT_SysADL_Ports_PresenceIPT'
]
[CONNECTOR setModel]   - Calling initializeInternalParticipants()
Initializing participant commandOPT with portClass PT_SysADL_Ports_CommandOPT
Resolving port class: PT_SysADL_Ports_CommandOPT
Module context available: true
Module context keys: [
  'PT_SysADL_Ports_ParameterIPT',
  'PT_SysADL_Ports_ParameterOPT',
  'PT_SysADL_Ports_PieceTypeIPT',
  'PT_SysADL_Ports_PieceTypeOPT',
  'PT_SysADL_Ports_PresenceIPT',
  'PT_SysADL_Ports_PresenceOPT',
  'PT_SysADL_Ports_CommandIPT',
  'PT_SysADL_Ports_CommandOPT',
  'PT_SysADL_Ports_DirectionIPT',
  'PT_SysADL_Ports_DirectionOPT',
  'PT_EnvPortsRobAFIS_OutPieceColor',
  'PT_EnvPortsRobAFIS_InPieceColor',
  'PT_EnvPortsRobAFIS_OutNavColor',
  'PT_EnvPortsRobAFIS_InNavColor',
  'PT_EnvPortsRobAFIS_OutPresence',
  'PT_EnvPortsRobAFIS_InPresence',
  'PT_EnvPortsRobAFIS_OutParameter',
  'PT_EnvPortsRobAFIS_InParameter',
  'PT_EnvPortsRobAFIS_OutMotorCommand',
  'PT_EnvPortsRobAFIS_InMotorCommand',
  'CN_SysADL_Connectors_ParameterCN',
  'CN_SysADL_Connectors_PieceTypeCN',
  'CN_SysADL_Connectors_PresenceCN',
  'CN_SysADL_Connectors_CommandCN',
  'CN_SysADL_Connectors_DirectionCN',
  'CN_EnvConnectorsRobAFIS_DetectPieceColorEnvCN',
  'CN_EnvConnectorsRobAFIS_DetectParameterEnvCN',
  'CN_EnvConnectorsRobAFIS_ReadParameterEnvCN',
  'CN_EnvConnectorsRobAFIS_ReadPieceColorEnvCN',
  'CN_EnvConnectorsRobAFIS_ReadPresenceEnvCN',
  'CN_EnvConnectorsRobAFIS_SendMotorCommandEnvCN',
  'CN_EnvConnectorsRobAFIS_SendEnvironmentalDirectionEnvCN',
  'CN_EnvConnectorsRobAFIS_SendPieceColorEnvCN',
  'CT_SysADL_Behavior_DecideCommandEQ',
  'CT_SysADL_Behavior_ExtractDirEQ',
  'CT_SysADL_Behavior_ExtractGrabEQ',
  'EX_SysADL_Execution_DecideCommandEX',
  'EX_SysADL_Execution_ExtractDirEX',
  'EX_SysADL_Execution_ExtractGrabEX',
  'EX_SysADL_Boundary_Execution_TranslateDirectionToColorEX',
  'EX_SysADL_Boundary_Execution_PassParameterEX',
  'EX_ScenariosRobAFIS_Execution_PassPieceTypeEX',
  'EX_SysADL_Boundary_Execution_PassPresenceEX',
  'EX_ScenariosRobAFIS_Execution_PassMotorCommandEX',
  'EX_ScenariosRobAFIS_Execution_PassMissionParameterEX',
  'EX_ScenariosRobAFIS_Execution_PassNavColorEX',
  'EN_PieceType',
  'EN_MissionParameter',
  'EN_MotorCommand',
  'EN_Direction',
  'EN_NavColor',
  'DT_RobotCommands'
]
Found in module context: [class PT_SysADL_Ports_CommandOPT extends SimplePort]
Final result for PT_SysADL_Ports_CommandOPT: [class PT_SysADL_Ports_CommandOPT extends SimplePort]
Resolved simple port class: [class PT_SysADL_Ports_CommandOPT extends SimplePort]
PortClass type: function
PortClass constructor: [Function: Function]
Initializing participant commandIPT with portClass PT_SysADL_Ports_CommandIPT
Resolving port class: PT_SysADL_Ports_CommandIPT
Module context available: true
Module context keys: [
  'PT_SysADL_Ports_ParameterIPT',
  'PT_SysADL_Ports_ParameterOPT',
  'PT_SysADL_Ports_PieceTypeIPT',
  'PT_SysADL_Ports_PieceTypeOPT',
  'PT_SysADL_Ports_PresenceIPT',
  'PT_SysADL_Ports_PresenceOPT',
  'PT_SysADL_Ports_CommandIPT',
  'PT_SysADL_Ports_CommandOPT',
  'PT_SysADL_Ports_DirectionIPT',
  'PT_SysADL_Ports_DirectionOPT',
  'PT_EnvPortsRobAFIS_OutPieceColor',
  'PT_EnvPortsRobAFIS_InPieceColor',
  'PT_EnvPortsRobAFIS_OutNavColor',
  'PT_EnvPortsRobAFIS_InNavColor',
  'PT_EnvPortsRobAFIS_OutPresence',
  'PT_EnvPortsRobAFIS_InPresence',
  'PT_EnvPortsRobAFIS_OutParameter',
  'PT_EnvPortsRobAFIS_InParameter',
  'PT_EnvPortsRobAFIS_OutMotorCommand',
  'PT_EnvPortsRobAFIS_InMotorCommand',
  'CN_SysADL_Connectors_ParameterCN',
  'CN_SysADL_Connectors_PieceTypeCN',
  'CN_SysADL_Connectors_PresenceCN',
  'CN_SysADL_Connectors_CommandCN',
  'CN_SysADL_Connectors_DirectionCN',
  'CN_EnvConnectorsRobAFIS_DetectPieceColorEnvCN',
  'CN_EnvConnectorsRobAFIS_DetectParameterEnvCN',
  'CN_EnvConnectorsRobAFIS_ReadParameterEnvCN',
  'CN_EnvConnectorsRobAFIS_ReadPieceColorEnvCN',
  'CN_EnvConnectorsRobAFIS_ReadPresenceEnvCN',
  'CN_EnvConnectorsRobAFIS_SendMotorCommandEnvCN',
  'CN_EnvConnectorsRobAFIS_SendEnvironmentalDirectionEnvCN',
  'CN_EnvConnectorsRobAFIS_SendPieceColorEnvCN',
  'CT_SysADL_Behavior_DecideCommandEQ',
  'CT_SysADL_Behavior_ExtractDirEQ',
  'CT_SysADL_Behavior_ExtractGrabEQ',
  'EX_SysADL_Execution_DecideCommandEX',
  'EX_SysADL_Execution_ExtractDirEX',
  'EX_SysADL_Execution_ExtractGrabEX',
  'EX_SysADL_Boundary_Execution_TranslateDirectionToColorEX',
  'EX_SysADL_Boundary_Execution_PassParameterEX',
  'EX_ScenariosRobAFIS_Execution_PassPieceTypeEX',
  'EX_SysADL_Boundary_Execution_PassPresenceEX',
  'EX_ScenariosRobAFIS_Execution_PassMotorCommandEX',
  'EX_ScenariosRobAFIS_Execution_PassMissionParameterEX',
  'EX_ScenariosRobAFIS_Execution_PassNavColorEX',
  'EN_PieceType',
  'EN_MissionParameter',
  'EN_MotorCommand',
  'EN_Direction',
  'EN_NavColor',
  'DT_RobotCommands'
]
Found in module context: [class PT_SysADL_Ports_CommandIPT extends SimplePort]
Final result for PT_SysADL_Ports_CommandIPT: [class PT_SysADL_Ports_CommandIPT extends SimplePort]
Resolved simple port class: [class PT_SysADL_Ports_CommandIPT extends SimplePort]
PortClass type: function
PortClass constructor: [Function: Function]
[BIND TO] grabConn.commandOPT bindTo -> bindingType=Object, hasReceive=true
[MODEL]   - Checking component: colorSens
[MODEL]   - Checking component: controller
[MODEL]   - Checking component: drive
[MODEL]   - Checking component: grabber
[MODEL]   - Checking component: pInput
[MODEL]   - Checking component: speSens
[MODEL]   - Checking component: tSens

Executing scenario executions...

▶ Starting execution: RobAFIS_Validation_Run_P0
[INFO] 00:00.000 session_start: ExecutionLogger
[START] ExecutionLogger initialized for model: SysADLModel
   Session ID: SysADLModel-1781149169336-6gtrcg
   Log level: detailed
📦 Batch processing started (interval: 100ms, batch size: 10)
⚡ EventInjector initialized - ready for event injection
SceneExecutor initialized - ready for scene execution
ReactiveStateManager initialized - ready for reactive state tracking
DependencyTracker initialized - ready to analyze SysADL expressions
ReactiveConditionWatcher initialized - event-driven condition monitoring ready
ScenarioExecutor initialized with reactive integration
ExecutionController initialized - master orchestration ready
🎬 Model initialized with Phase 4-6 components: SysADLModel
[ACTIVITY CONSTRUCTOR] name=RobAFISControllerAC, component=RobAFISSystemCFD.controller
[ACTIVITY CONSTRUCTOR]   - delegates param: [{"from":"pIn","to":"pIn"},{"from":"colorIn","to":"colorIn"},{"from":"spePresenceIn","to":"speIn"},{"from":"tPresenceIn","to":"tIn"},{"from":"grabOut","to":"ExtractGrabAN"},{"from":"dirOut","to":"ExtractDirAN"}]
[ACTIVITY CONSTRUCTOR]   - opts: {"outParameters":[{"name":"dirOut","type":"Direction","direction":"out"},{"name":"grabOut","type":"MotorCommand","direction":"out"}],"inParameters":[{"name":"pIn","type":"MissionParameter","direction":"in"},{"name":"colorIn","type":"PieceType","direction":"in"},{"name":"spePresenceIn","type":"Boolean","direction":"in"},{"name":"tPresenceIn","type":"Boolean","direction":"in"}]}
[ACTIVITY CONSTRUCTOR]   - fullOpts.delegates: [{"from":"pIn","to":"pIn"},{"from":"colorIn","to":"colorIn"},{"from":"spePresenceIn","to":"speIn"},{"from":"tPresenceIn","to":"tIn"},{"from":"grabOut","to":"ExtractGrabAN"},{"from":"dirOut","to":"ExtractDirAN"}]
[INIT PINS] Activity: RobAFISControllerAC
[INIT PINS]   - inParameters: [
  { name: 'pIn', type: 'MissionParameter', direction: 'in' },
  { name: 'colorIn', type: 'PieceType', direction: 'in' },
  { name: 'spePresenceIn', type: 'Boolean', direction: 'in' },
  { name: 'tPresenceIn', type: 'Boolean', direction: 'in' }
]
[INIT PINS]   - delegates: [
  { from: 'pIn', to: 'pIn' },
  { from: 'colorIn', to: 'colorIn' },
  { from: 'spePresenceIn', to: 'speIn' },
  { from: 'tPresenceIn', to: 'tIn' },
  { from: 'grabOut', to: 'ExtractGrabAN' },
  { from: 'dirOut', to: 'ExtractDirAN' }
]
[INIT PINS]   - delegates JSON: [{"from":"pIn","to":"pIn"},{"from":"colorIn","to":"colorIn"},{"from":"spePresenceIn","to":"speIn"},{"from":"tPresenceIn","to":"tIn"},{"from":"grabOut","to":"ExtractGrabAN"},{"from":"dirOut","to":"ExtractDirAN"}]
[INIT PINS]     - Mapped port 'pIn' to pin 'pIn'
[INIT PINS]     - Mapped port 'colorIn' to pin 'colorIn'
[INIT PINS]     - Mapped port 'speIn' to pin 'spePresenceIn'
[INIT PINS]     - Mapped port 'tIn' to pin 'tPresenceIn'
[INIT PINS]     - Mapped port 'ExtractGrabAN' to pin 'grabOut'
[INIT PINS]     - Mapped port 'ExtractDirAN' to pin 'dirOut'
[INIT PINS]   - Final portToPinMapping: {
  pIn: 'pIn',
  colorIn: 'colorIn',
  spePresenceIn: 'spePresenceIn',
  tPresenceIn: 'tPresenceIn',
  dirOut: 'dirOut',
  grabOut: 'grabOut',
  speIn: 'spePresenceIn',
  tIn: 'tPresenceIn',
  ExtractGrabAN: 'grabOut',
  ExtractDirAN: 'dirOut'
}
[ACTIVITY CONSTRUCTOR] name=ParameterInputAC, component=RobAFISSystemCFD.pInput
[ACTIVITY CONSTRUCTOR]   - delegates param: [{"from":"inParam","to":"inParam"},{"from":"pOut","to":"passParam"}]
[ACTIVITY CONSTRUCTOR]   - opts: {"outParameters":[{"name":"pOut","type":"MissionParameter","direction":"out"}],"inParameters":[{"name":"Param","type":"MissionParameter","direction":"in"}]}
[ACTIVITY CONSTRUCTOR]   - fullOpts.delegates: [{"from":"inParam","to":"inParam"},{"from":"pOut","to":"passParam"}]
[INIT PINS] Activity: ParameterInputAC
[INIT PINS]   - inParameters: [ { name: 'Param', type: 'MissionParameter', direction: 'in' } ]
[INIT PINS]   - delegates: [
  { from: 'inParam', to: 'inParam' },
  { from: 'pOut', to: 'passParam' }
]
[INIT PINS]   - delegates JSON: [{"from":"inParam","to":"inParam"},{"from":"pOut","to":"passParam"}]
[INIT PINS]     - Mapped port 'passParam' to pin 'pOut'
[INIT PINS]   - Final portToPinMapping: { Param: 'Param', pOut: 'pOut', passParam: 'pOut' }
[ACTIVITY CONSTRUCTOR] name=ColorSensorAC, component=RobAFISSystemCFD.colorSens
[ACTIVITY CONSTRUCTOR]   - delegates param: [{"from":"inColor","to":"inColor"},{"from":"colorOut","to":"passColor"}]
[ACTIVITY CONSTRUCTOR]   - opts: {"outParameters":[{"name":"colorOut","type":"PieceType","direction":"out"}],"inParameters":[{"name":"Color","type":"PieceType","direction":"in"}]}
[ACTIVITY CONSTRUCTOR]   - fullOpts.delegates: [{"from":"inColor","to":"inColor"},{"from":"colorOut","to":"passColor"}]
[INIT PINS] Activity: ColorSensorAC
[INIT PINS]   - inParameters: [ { name: 'Color', type: 'PieceType', direction: 'in' } ]
[INIT PINS]   - delegates: [
  { from: 'inColor', to: 'inColor' },
  { from: 'colorOut', to: 'passColor' }
]
[INIT PINS]   - delegates JSON: [{"from":"inColor","to":"inColor"},{"from":"colorOut","to":"passColor"}]
[INIT PINS]     - Mapped port 'passColor' to pin 'colorOut'
[INIT PINS]   - Final portToPinMapping: { Color: 'Color', colorOut: 'colorOut', passColor: 'colorOut' }
[ACTIVITY CONSTRUCTOR] name=PresenceSensorAC, component=RobAFISSystemCFD.speSens
[ACTIVITY CONSTRUCTOR]   - delegates param: [{"from":"inPresence","to":"inPresence"},{"from":"presenceOut","to":"passPresence"}]
[ACTIVITY CONSTRUCTOR]   - opts: {"outParameters":[{"name":"presenceOut","type":"Boolean","direction":"out"}],"inParameters":[{"name":"Presence","type":"Boolean","direction":"in"}]}
[ACTIVITY CONSTRUCTOR]   - fullOpts.delegates: [{"from":"inPresence","to":"inPresence"},{"from":"presenceOut","to":"passPresence"}]
[INIT PINS] Activity: PresenceSensorAC
[INIT PINS]   - inParameters: [ { name: 'Presence', type: 'Boolean', direction: 'in' } ]
[INIT PINS]   - delegates: [
  { from: 'inPresence', to: 'inPresence' },
  { from: 'presenceOut', to: 'passPresence' }
]
[INIT PINS]   - delegates JSON: [{"from":"inPresence","to":"inPresence"},{"from":"presenceOut","to":"passPresence"}]
[INIT PINS]     - Mapped port 'passPresence' to pin 'presenceOut'
[INIT PINS]   - Final portToPinMapping: {
  Presence: 'Presence',
  presenceOut: 'presenceOut',
  passPresence: 'presenceOut'
}
[ACTIVITY CONSTRUCTOR] name=PresenceSensorAC, component=RobAFISSystemCFD.tSens
[ACTIVITY CONSTRUCTOR]   - delegates param: [{"from":"inPresence","to":"inPresence"},{"from":"presenceOut","to":"passPresence"}]
[ACTIVITY CONSTRUCTOR]   - opts: {"outParameters":[{"name":"presenceOut","type":"Boolean","direction":"out"}],"inParameters":[{"name":"Presence","type":"Boolean","direction":"in"}]}
[ACTIVITY CONSTRUCTOR]   - fullOpts.delegates: [{"from":"inPresence","to":"inPresence"},{"from":"presenceOut","to":"passPresence"}]
[INIT PINS] Activity: PresenceSensorAC
[INIT PINS]   - inParameters: [ { name: 'Presence', type: 'Boolean', direction: 'in' } ]
[INIT PINS]   - delegates: [
  { from: 'inPresence', to: 'inPresence' },
  { from: 'presenceOut', to: 'passPresence' }
]
[INIT PINS]   - delegates JSON: [{"from":"inPresence","to":"inPresence"},{"from":"presenceOut","to":"passPresence"}]
[INIT PINS]     - Mapped port 'passPresence' to pin 'presenceOut'
[INIT PINS]   - Final portToPinMapping: {
  Presence: 'Presence',
  presenceOut: 'presenceOut',
  passPresence: 'presenceOut'
}
[ACTIVITY CONSTRUCTOR] name=GrabberAC, component=RobAFISSystemCFD.grabber
[ACTIVITY CONSTRUCTOR]   - delegates param: [{"from":"cmdIn","to":"inCmd"},{"from":"outCommand","to":"passCmd"}]
[ACTIVITY CONSTRUCTOR]   - opts: {"outParameters":[{"name":"Command","type":"MotorCommand","direction":"out"}],"inParameters":[{"name":"cmdIn","type":"MotorCommand","direction":"in"}]}
[ACTIVITY CONSTRUCTOR]   - fullOpts.delegates: [{"from":"cmdIn","to":"inCmd"},{"from":"outCommand","to":"passCmd"}]
[INIT PINS] Activity: GrabberAC
[INIT PINS]   - inParameters: [ { name: 'cmdIn', type: 'MotorCommand', direction: 'in' } ]
[INIT PINS]   - delegates: [
  { from: 'cmdIn', to: 'inCmd' },
  { from: 'outCommand', to: 'passCmd' }
]
[INIT PINS]   - delegates JSON: [{"from":"cmdIn","to":"inCmd"},{"from":"outCommand","to":"passCmd"}]
[INIT PINS]     - Mapped port 'inCmd' to pin 'cmdIn'
[INIT PINS]   - Final portToPinMapping: { cmdIn: 'cmdIn', Command: 'Command', inCmd: 'cmdIn' }
[ACTIVITY CONSTRUCTOR] name=DriveSystemAC, component=RobAFISSystemCFD.drive
[ACTIVITY CONSTRUCTOR]   - delegates param: [{"from":"dirIn","to":"inDir"},{"from":"outColor","to":"translateDir"}]
[ACTIVITY CONSTRUCTOR]   - opts: {"outParameters":[{"name":"Color","type":"NavColor","direction":"out"}],"inParameters":[{"name":"dirIn","type":"Direction","direction":"in"}]}
[ACTIVITY CONSTRUCTOR]   - fullOpts.delegates: [{"from":"dirIn","to":"inDir"},{"from":"outColor","to":"translateDir"}]
[INIT PINS] Activity: DriveSystemAC
[INIT PINS]   - inParameters: [ { name: 'dirIn', type: 'Direction', direction: 'in' } ]
[INIT PINS]   - delegates: [
  { from: 'dirIn', to: 'inDir' },
  { from: 'outColor', to: 'translateDir' }
]
[INIT PINS]   - delegates JSON: [{"from":"dirIn","to":"inDir"},{"from":"outColor","to":"translateDir"}]
[INIT PINS]     - Mapped port 'inDir' to pin 'dirIn'
[INIT PINS]   - Final portToPinMapping: { dirIn: 'dirIn', Color: 'Color', inDir: 'dirIn' }
[ACTIVITY CONSTRUCTOR] name=OperatorEA, component=RobAFISSystemCFD.pInput
[ACTIVITY CONSTRUCTOR]   - delegates param: [{"from":"opParamOut","to":"setMissionParametersOp"}]
[ACTIVITY CONSTRUCTOR]   - opts: {"outParameters":[{"name":"opParamOut","type":"MissionParameter","direction":"out"}],"inParameters":[]}
[ACTIVITY CONSTRUCTOR]   - fullOpts.delegates: [{"from":"opParamOut","to":"setMissionParametersOp"}]
[INIT PINS] Activity: OperatorEA
[INIT PINS]   - inParameters: []
[INIT PINS]   - delegates: [ { from: 'opParamOut', to: 'setMissionParametersOp' } ]
[INIT PINS]   - delegates JSON: [{"from":"opParamOut","to":"setMissionParametersOp"}]
[INIT PINS]     - Mapped port 'setMissionParametersOp' to pin 'opParamOut'
[INIT PINS]   - Final portToPinMapping: { opParamOut: 'opParamOut', setMissionParametersOp: 'opParamOut' }
[ACTIVITY CONSTRUCTOR] name=OperatorEA, component=RobAFISSystemCFD.colorSens
[ACTIVITY CONSTRUCTOR]   - delegates param: [{"from":"opParamOut","to":"setMissionParametersOp"}]
[ACTIVITY CONSTRUCTOR]   - opts: {"outParameters":[{"name":"opParamOut","type":"MissionParameter","direction":"out"}],"inParameters":[]}
[ACTIVITY CONSTRUCTOR]   - fullOpts.delegates: [{"from":"opParamOut","to":"setMissionParametersOp"}]
[INIT PINS] Activity: OperatorEA
[INIT PINS]   - inParameters: []
[INIT PINS]   - delegates: [ { from: 'opParamOut', to: 'setMissionParametersOp' } ]
[INIT PINS]   - delegates JSON: [{"from":"opParamOut","to":"setMissionParametersOp"}]
[INIT PINS]     - Mapped port 'setMissionParametersOp' to pin 'opParamOut'
[INIT PINS]   - Final portToPinMapping: { opParamOut: 'opParamOut', setMissionParametersOp: 'opParamOut' }
[ACTIVITY CONSTRUCTOR] name=OperatorEA, component=RobAFISSystemCFD.speSens
[ACTIVITY CONSTRUCTOR]   - delegates param: [{"from":"opParamOut","to":"setMissionParametersOp"}]
[ACTIVITY CONSTRUCTOR]   - opts: {"outParameters":[{"name":"opParamOut","type":"MissionParameter","direction":"out"}],"inParameters":[]}
[ACTIVITY CONSTRUCTOR]   - fullOpts.delegates: [{"from":"opParamOut","to":"setMissionParametersOp"}]
[INIT PINS] Activity: OperatorEA
[INIT PINS]   - inParameters: []
[INIT PINS]   - delegates: [ { from: 'opParamOut', to: 'setMissionParametersOp' } ]
[INIT PINS]   - delegates JSON: [{"from":"opParamOut","to":"setMissionParametersOp"}]
[INIT PINS]     - Mapped port 'setMissionParametersOp' to pin 'opParamOut'
[INIT PINS]   - Final portToPinMapping: { opParamOut: 'opParamOut', setMissionParametersOp: 'opParamOut' }
[ACTIVITY CONSTRUCTOR] name=OperatorEA, component=RobAFISSystemCFD.tSens
[ACTIVITY CONSTRUCTOR]   - delegates param: [{"from":"opParamOut","to":"setMissionParametersOp"}]
[ACTIVITY CONSTRUCTOR]   - opts: {"outParameters":[{"name":"opParamOut","type":"MissionParameter","direction":"out"}],"inParameters":[]}
[ACTIVITY CONSTRUCTOR]   - fullOpts.delegates: [{"from":"opParamOut","to":"setMissionParametersOp"}]
[INIT PINS] Activity: OperatorEA
[INIT PINS]   - inParameters: []
[INIT PINS]   - delegates: [ { from: 'opParamOut', to: 'setMissionParametersOp' } ]
[INIT PINS]   - delegates JSON: [{"from":"opParamOut","to":"setMissionParametersOp"}]
[INIT PINS]     - Mapped port 'setMissionParametersOp' to pin 'opParamOut'
[INIT PINS]   - Final portToPinMapping: { opParamOut: 'opParamOut', setMissionParametersOp: 'opParamOut' }
[ACTIVITY CONSTRUCTOR] name=OperatorEA, component=RobAFISSystemCFD.drive
[ACTIVITY CONSTRUCTOR]   - delegates param: [{"from":"opParamOut","to":"setMissionParametersOp"}]
[ACTIVITY CONSTRUCTOR]   - opts: {"outParameters":[{"name":"opParamOut","type":"MissionParameter","direction":"out"}],"inParameters":[]}
[ACTIVITY CONSTRUCTOR]   - fullOpts.delegates: [{"from":"opParamOut","to":"setMissionParametersOp"}]
[INIT PINS] Activity: OperatorEA
[INIT PINS]   - inParameters: []
[INIT PINS]   - delegates: [ { from: 'opParamOut', to: 'setMissionParametersOp' } ]
[INIT PINS]   - delegates JSON: [{"from":"opParamOut","to":"setMissionParametersOp"}]
[INIT PINS]     - Mapped port 'setMissionParametersOp' to pin 'opParamOut'
[INIT PINS]   - Final portToPinMapping: { opParamOut: 'opParamOut', setMissionParametersOp: 'opParamOut' }
[ACTIVITY CONSTRUCTOR] name=OperatorEA, component=RobAFISSystemCFD.grabber
[ACTIVITY CONSTRUCTOR]   - delegates param: [{"from":"opParamOut","to":"setMissionParametersOp"}]
[ACTIVITY CONSTRUCTOR]   - opts: {"outParameters":[{"name":"opParamOut","type":"MissionParameter","direction":"out"}],"inParameters":[]}
[ACTIVITY CONSTRUCTOR]   - fullOpts.delegates: [{"from":"opParamOut","to":"setMissionParametersOp"}]
[INIT PINS] Activity: OperatorEA
[INIT PINS]   - inParameters: []
[INIT PINS]   - delegates: [ { from: 'opParamOut', to: 'setMissionParametersOp' } ]
[INIT PINS]   - delegates JSON: [{"from":"opParamOut","to":"setMissionParametersOp"}]
[INIT PINS]     - Mapped port 'setMissionParametersOp' to pin 'opParamOut'
[INIT PINS]   - Final portToPinMapping: { opParamOut: 'opParamOut', setMissionParametersOp: 'opParamOut' }
[ACTIVITY CONSTRUCTOR] name=OperatorEA, component=RobAFISSystemCFD.controller
[ACTIVITY CONSTRUCTOR]   - delegates param: [{"from":"opParamOut","to":"setMissionParametersOp"}]
[ACTIVITY CONSTRUCTOR]   - opts: {"outParameters":[{"name":"opParamOut","type":"MissionParameter","direction":"out"}],"inParameters":[]}
[ACTIVITY CONSTRUCTOR]   - fullOpts.delegates: [{"from":"opParamOut","to":"setMissionParametersOp"}]
[INIT PINS] Activity: OperatorEA
[INIT PINS]   - inParameters: []
[INIT PINS]   - delegates: [ { from: 'opParamOut', to: 'setMissionParametersOp' } ]
[INIT PINS]   - delegates JSON: [{"from":"opParamOut","to":"setMissionParametersOp"}]
[INIT PINS]     - Mapped port 'setMissionParametersOp' to pin 'opParamOut'
[INIT PINS]   - Final portToPinMapping: { opParamOut: 'opParamOut', setMissionParametersOp: 'opParamOut' }
[ACTIVITY CONSTRUCTOR] name=UnitEA, component=RobAFISSystemCFD.pInput
[ACTIVITY CONSTRUCTOR]   - delegates param: [{"from":"outUnitNavLine","to":"leavePA"},{"from":"outUnitNavLine","to":"turnRight"},{"from":"outUnitNavLine","to":"returnJourney"},{"from":"outUnitNavLine","to":"obstacleDetected"},{"from":"outUnitNavLine","to":"obstacleRemoved"},{"from":"outUnitNavPad","to":"detectGreenPad"},{"from":"outUnitNavPad","to":"detectRedPad"},{"from":"outUnitNavPad","to":"stopAtT"},{"from":"outUnitNavPad","to":"routeToSA"},{"from":"outUnitNavPad","to":"routeToSPD"},{"from":"outUnitNavPad","to":"stopAtSPE"},{"from":"outUnitNavPad","to":"arriveAtTargetStock"},{"from":"outUnitPieceColor","to":"extractPieceT"},{"from":"outUnitPieceColor","to":"extractPieceSPE"},{"from":"outSAPieceColor","to":"insertPieceSA"},{"from":"outSPDPieceColor","to":"insertPieceSPD"},{"from":"outUnitPAColor","to":"arriveAtPA"}]
[ACTIVITY CONSTRUCTOR]   - opts: {"outParameters":[{"name":"UnitNavLine","type":"NavColor","direction":"out"},{"name":"UnitNavPad","type":"NavColor","direction":"out"},{"name":"UnitPieceColor","type":"PieceType","direction":"out"},{"name":"SAPieceColor","type":"PieceType","direction":"out"},{"name":"SPDPieceColor","type":"PieceType","direction":"out"},{"name":"UnitPAColor","type":"NavColor","direction":"out"}],"inParameters":[{"name":"OpParam","type":"MissionParameter","direction":"in"},{"name":"UnitNavPad","type":"NavColor","direction":"in"},{"name":"UnitPieceColor","type":"PieceType","direction":"in"},{"name":"SPEPresence","type":"Boolean","direction":"in"},{"name":"TPresence","type":"Boolean","direction":"in"},{"name":"TPieceColor","type":"PieceType","direction":"in"},{"name":"SPEPieceColor","type":"PieceType","direction":"in"}]}
[ACTIVITY CONSTRUCTOR]   - fullOpts.delegates: [{"from":"outUnitNavLine","to":"leavePA"},{"from":"outUnitNavLine","to":"turnRight"},{"from":"outUnitNavLine","to":"returnJourney"},{"from":"outUnitNavLine","to":"obstacleDetected"},{"from":"outUnitNavLine","to":"obstacleRemoved"},{"from":"outUnitNavPad","to":"detectGreenPad"},{"from":"outUnitNavPad","to":"detectRedPad"},{"from":"outUnitNavPad","to":"stopAtT"},{"from":"outUnitNavPad","to":"routeToSA"},{"from":"outUnitNavPad","to":"routeToSPD"},{"from":"outUnitNavPad","to":"stopAtSPE"},{"from":"outUnitNavPad","to":"arriveAtTargetStock"},{"from":"outUnitPieceColor","to":"extractPieceT"},{"from":"outUnitPieceColor","to":"extractPieceSPE"},{"from":"outSAPieceColor","to":"insertPieceSA"},{"from":"outSPDPieceColor","to":"insertPieceSPD"},{"from":"outUnitPAColor","to":"arriveAtPA"}]
[INIT PINS] Activity: UnitEA
[INIT PINS]   - inParameters: [
  { name: 'OpParam', type: 'MissionParameter', direction: 'in' },
  { name: 'UnitNavPad', type: 'NavColor', direction: 'in' },
  { name: 'UnitPieceColor', type: 'PieceType', direction: 'in' },
  { name: 'SPEPresence', type: 'Boolean', direction: 'in' },
  { name: 'TPresence', type: 'Boolean', direction: 'in' },
  { name: 'TPieceColor', type: 'PieceType', direction: 'in' },
  { name: 'SPEPieceColor', type: 'PieceType', direction: 'in' }
]
[INIT PINS]   - delegates: [
  { from: 'outUnitNavLine', to: 'leavePA' },
  { from: 'outUnitNavLine', to: 'turnRight' },
  { from: 'outUnitNavLine', to: 'returnJourney' },
  { from: 'outUnitNavLine', to: 'obstacleDetected' },
  { from: 'outUnitNavLine', to: 'obstacleRemoved' },
  { from: 'outUnitNavPad', to: 'detectGreenPad' },
  { from: 'outUnitNavPad', to: 'detectRedPad' },
  { from: 'outUnitNavPad', to: 'stopAtT' },
  { from: 'outUnitNavPad', to: 'routeToSA' },
  { from: 'outUnitNavPad', to: 'routeToSPD' },
  { from: 'outUnitNavPad', to: 'stopAtSPE' },
  { from: 'outUnitNavPad', to: 'arriveAtTargetStock' },
  { from: 'outUnitPieceColor', to: 'extractPieceT' },
  { from: 'outUnitPieceColor', to: 'extractPieceSPE' },
  { from: 'outSAPieceColor', to: 'insertPieceSA' },
  { from: 'outSPDPieceColor', to: 'insertPieceSPD' },
  { from: 'outUnitPAColor', to: 'arriveAtPA' }
]
[INIT PINS]   - delegates JSON: [{"from":"outUnitNavLine","to":"leavePA"},{"from":"outUnitNavLine","to":"turnRight"},{"from":"outUnitNavLine","to":"returnJourney"},{"from":"outUnitNavLine","to":"obstacleDetected"},{"from":"outUnitNavLine","to":"obstacleRemoved"},{"from":"outUnitNavPad","to":"detectGreenPad"},{"from":"outUnitNavPad","to":"detectRedPad"},{"from":"outUnitNavPad","to":"stopAtT"},{"from":"outUnitNavPad","to":"routeToSA"},{"from":"outUnitNavPad","to":"routeToSPD"},{"from":"outUnitNavPad","to":"stopAtSPE"},{"from":"outUnitNavPad","to":"arriveAtTargetStock"},{"from":"outUnitPieceColor","to":"extractPieceT"},{"from":"outUnitPieceColor","to":"extractPieceSPE"},{"from":"outSAPieceColor","to":"insertPieceSA"},{"from":"outSPDPieceColor","to":"insertPieceSPD"},{"from":"outUnitPAColor","to":"arriveAtPA"}]
[INIT PINS]   - Final portToPinMapping: {
  OpParam: 'OpParam',
  UnitNavPad: 'UnitNavPad',
  UnitPieceColor: 'UnitPieceColor',
  SPEPresence: 'SPEPresence',
  TPresence: 'TPresence',
  TPieceColor: 'TPieceColor',
  SPEPieceColor: 'SPEPieceColor',
  UnitNavLine: 'UnitNavLine',
  SAPieceColor: 'SAPieceColor',
  SPDPieceColor: 'SPDPieceColor',
  UnitPAColor: 'UnitPAColor'
}
[ACTIVITY CONSTRUCTOR] name=UnitEA, component=RobAFISSystemCFD.colorSens
[ACTIVITY CONSTRUCTOR]   - delegates param: [{"from":"outUnitNavLine","to":"leavePA"},{"from":"outUnitNavLine","to":"turnRight"},{"from":"outUnitNavLine","to":"returnJourney"},{"from":"outUnitNavLine","to":"obstacleDetected"},{"from":"outUnitNavLine","to":"obstacleRemoved"},{"from":"outUnitNavPad","to":"detectGreenPad"},{"from":"outUnitNavPad","to":"detectRedPad"},{"from":"outUnitNavPad","to":"stopAtT"},{"from":"outUnitNavPad","to":"routeToSA"},{"from":"outUnitNavPad","to":"routeToSPD"},{"from":"outUnitNavPad","to":"stopAtSPE"},{"from":"outUnitNavPad","to":"arriveAtTargetStock"},{"from":"outUnitPieceColor","to":"extractPieceT"},{"from":"outUnitPieceColor","to":"extractPieceSPE"},{"from":"outSAPieceColor","to":"insertPieceSA"},{"from":"outSPDPieceColor","to":"insertPieceSPD"},{"from":"outUnitPAColor","to":"arriveAtPA"}]
[ACTIVITY CONSTRUCTOR]   - opts: {"outParameters":[{"name":"UnitNavLine","type":"NavColor","direction":"out"},{"name":"UnitNavPad","type":"NavColor","direction":"out"},{"name":"UnitPieceColor","type":"PieceType","direction":"out"},{"name":"SAPieceColor","type":"PieceType","direction":"out"},{"name":"SPDPieceColor","type":"PieceType","direction":"out"},{"name":"UnitPAColor","type":"NavColor","direction":"out"}],"inParameters":[{"name":"OpParam","type":"MissionParameter","direction":"in"},{"name":"UnitNavPad","type":"NavColor","direction":"in"},{"name":"UnitPieceColor","type":"PieceType","direction":"in"},{"name":"SPEPresence","type":"Boolean","direction":"in"},{"name":"TPresence","type":"Boolean","direction":"in"},{"name":"TPieceColor","type":"PieceType","direction":"in"},{"name":"SPEPieceColor","type":"PieceType","direction":"in"}]}
[ACTIVITY CONSTRUCTOR]   - fullOpts.delegates: [{"from":"outUnitNavLine","to":"leavePA"},{"from":"outUnitNavLine","to":"turnRight"},{"from":"outUnitNavLine","to":"returnJourney"},{"from":"outUnitNavLine","to":"obstacleDetected"},{"from":"outUnitNavLine","to":"obstacleRemoved"},{"from":"outUnitNavPad","to":"detectGreenPad"},{"from":"outUnitNavPad","to":"detectRedPad"},{"from":"outUnitNavPad","to":"stopAtT"},{"from":"outUnitNavPad","to":"routeToSA"},{"from":"outUnitNavPad","to":"routeToSPD"},{"from":"outUnitNavPad","to":"stopAtSPE"},{"from":"outUnitNavPad","to":"arriveAtTargetStock"},{"from":"outUnitPieceColor","to":"extractPieceT"},{"from":"outUnitPieceColor","to":"extractPieceSPE"},{"from":"outSAPieceColor","to":"insertPieceSA"},{"from":"outSPDPieceColor","to":"insertPieceSPD"},{"from":"outUnitPAColor","to":"arriveAtPA"}]
[INIT PINS] Activity: UnitEA
[INIT PINS]   - inParameters: [
  { name: 'OpParam', type: 'MissionParameter', direction: 'in' },
  { name: 'UnitNavPad', type: 'NavColor', direction: 'in' },
  { name: 'UnitPieceColor', type: 'PieceType', direction: 'in' },
  { name: 'SPEPresence', type: 'Boolean', direction: 'in' },
  { name: 'TPresence', type: 'Boolean', direction: 'in' },
  { name: 'TPieceColor', type: 'PieceType', direction: 'in' },
  { name: 'SPEPieceColor', type: 'PieceType', direction: 'in' }
]
[INIT PINS]   - delegates: [
  { from: 'outUnitNavLine', to: 'leavePA' },
  { from: 'outUnitNavLine', to: 'turnRight' },
  { from: 'outUnitNavLine', to: 'returnJourney' },
  { from: 'outUnitNavLine', to: 'obstacleDetected' },
  { from: 'outUnitNavLine', to: 'obstacleRemoved' },
  { from: 'outUnitNavPad', to: 'detectGreenPad' },
  { from: 'outUnitNavPad', to: 'detectRedPad' },
  { from: 'outUnitNavPad', to: 'stopAtT' },
  { from: 'outUnitNavPad', to: 'routeToSA' },
  { from: 'outUnitNavPad', to: 'routeToSPD' },
  { from: 'outUnitNavPad', to: 'stopAtSPE' },
  { from: 'outUnitNavPad', to: 'arriveAtTargetStock' },
  { from: 'outUnitPieceColor', to: 'extractPieceT' },
  { from: 'outUnitPieceColor', to: 'extractPieceSPE' },
  { from: 'outSAPieceColor', to: 'insertPieceSA' },
  { from: 'outSPDPieceColor', to: 'insertPieceSPD' },
  { from: 'outUnitPAColor', to: 'arriveAtPA' }
]
[INIT PINS]   - delegates JSON: [{"from":"outUnitNavLine","to":"leavePA"},{"from":"outUnitNavLine","to":"turnRight"},{"from":"outUnitNavLine","to":"returnJourney"},{"from":"outUnitNavLine","to":"obstacleDetected"},{"from":"outUnitNavLine","to":"obstacleRemoved"},{"from":"outUnitNavPad","to":"detectGreenPad"},{"from":"outUnitNavPad","to":"detectRedPad"},{"from":"outUnitNavPad","to":"stopAtT"},{"from":"outUnitNavPad","to":"routeToSA"},{"from":"outUnitNavPad","to":"routeToSPD"},{"from":"outUnitNavPad","to":"stopAtSPE"},{"from":"outUnitNavPad","to":"arriveAtTargetStock"},{"from":"outUnitPieceColor","to":"extractPieceT"},{"from":"outUnitPieceColor","to":"extractPieceSPE"},{"from":"outSAPieceColor","to":"insertPieceSA"},{"from":"outSPDPieceColor","to":"insertPieceSPD"},{"from":"outUnitPAColor","to":"arriveAtPA"}]
[INIT PINS]   - Final portToPinMapping: {
  OpParam: 'OpParam',
  UnitNavPad: 'UnitNavPad',
  UnitPieceColor: 'UnitPieceColor',
  SPEPresence: 'SPEPresence',
  TPresence: 'TPresence',
  TPieceColor: 'TPieceColor',
  SPEPieceColor: 'SPEPieceColor',
  UnitNavLine: 'UnitNavLine',
  SAPieceColor: 'SAPieceColor',
  SPDPieceColor: 'SPDPieceColor',
  UnitPAColor: 'UnitPAColor'
}
[ACTIVITY CONSTRUCTOR] name=UnitEA, component=RobAFISSystemCFD.speSens
[ACTIVITY CONSTRUCTOR]   - delegates param: [{"from":"outUnitNavLine","to":"leavePA"},{"from":"outUnitNavLine","to":"turnRight"},{"from":"outUnitNavLine","to":"returnJourney"},{"from":"outUnitNavLine","to":"obstacleDetected"},{"from":"outUnitNavLine","to":"obstacleRemoved"},{"from":"outUnitNavPad","to":"detectGreenPad"},{"from":"outUnitNavPad","to":"detectRedPad"},{"from":"outUnitNavPad","to":"stopAtT"},{"from":"outUnitNavPad","to":"routeToSA"},{"from":"outUnitNavPad","to":"routeToSPD"},{"from":"outUnitNavPad","to":"stopAtSPE"},{"from":"outUnitNavPad","to":"arriveAtTargetStock"},{"from":"outUnitPieceColor","to":"extractPieceT"},{"from":"outUnitPieceColor","to":"extractPieceSPE"},{"from":"outSAPieceColor","to":"insertPieceSA"},{"from":"outSPDPieceColor","to":"insertPieceSPD"},{"from":"outUnitPAColor","to":"arriveAtPA"}]
[ACTIVITY CONSTRUCTOR]   - opts: {"outParameters":[{"name":"UnitNavLine","type":"NavColor","direction":"out"},{"name":"UnitNavPad","type":"NavColor","direction":"out"},{"name":"UnitPieceColor","type":"PieceType","direction":"out"},{"name":"SAPieceColor","type":"PieceType","direction":"out"},{"name":"SPDPieceColor","type":"PieceType","direction":"out"},{"name":"UnitPAColor","type":"NavColor","direction":"out"}],"inParameters":[{"name":"OpParam","type":"MissionParameter","direction":"in"},{"name":"UnitNavPad","type":"NavColor","direction":"in"},{"name":"UnitPieceColor","type":"PieceType","direction":"in"},{"name":"SPEPresence","type":"Boolean","direction":"in"},{"name":"TPresence","type":"Boolean","direction":"in"},{"name":"TPieceColor","type":"PieceType","direction":"in"},{"name":"SPEPieceColor","type":"PieceType","direction":"in"}]}
[ACTIVITY CONSTRUCTOR]   - fullOpts.delegates: [{"from":"outUnitNavLine","to":"leavePA"},{"from":"outUnitNavLine","to":"turnRight"},{"from":"outUnitNavLine","to":"returnJourney"},{"from":"outUnitNavLine","to":"obstacleDetected"},{"from":"outUnitNavLine","to":"obstacleRemoved"},{"from":"outUnitNavPad","to":"detectGreenPad"},{"from":"outUnitNavPad","to":"detectRedPad"},{"from":"outUnitNavPad","to":"stopAtT"},{"from":"outUnitNavPad","to":"routeToSA"},{"from":"outUnitNavPad","to":"routeToSPD"},{"from":"outUnitNavPad","to":"stopAtSPE"},{"from":"outUnitNavPad","to":"arriveAtTargetStock"},{"from":"outUnitPieceColor","to":"extractPieceT"},{"from":"outUnitPieceColor","to":"extractPieceSPE"},{"from":"outSAPieceColor","to":"insertPieceSA"},{"from":"outSPDPieceColor","to":"insertPieceSPD"},{"from":"outUnitPAColor","to":"arriveAtPA"}]
[INIT PINS] Activity: UnitEA
[INIT PINS]   - inParameters: [
  { name: 'OpParam', type: 'MissionParameter', direction: 'in' },
  { name: 'UnitNavPad', type: 'NavColor', direction: 'in' },
  { name: 'UnitPieceColor', type: 'PieceType', direction: 'in' },
  { name: 'SPEPresence', type: 'Boolean', direction: 'in' },
  { name: 'TPresence', type: 'Boolean', direction: 'in' },
  { name: 'TPieceColor', type: 'PieceType', direction: 'in' },
  { name: 'SPEPieceColor', type: 'PieceType', direction: 'in' }
]
[INIT PINS]   - delegates: [
  { from: 'outUnitNavLine', to: 'leavePA' },
  { from: 'outUnitNavLine', to: 'turnRight' },
  { from: 'outUnitNavLine', to: 'returnJourney' },
  { from: 'outUnitNavLine', to: 'obstacleDetected' },
  { from: 'outUnitNavLine', to: 'obstacleRemoved' },
  { from: 'outUnitNavPad', to: 'detectGreenPad' },
  { from: 'outUnitNavPad', to: 'detectRedPad' },
  { from: 'outUnitNavPad', to: 'stopAtT' },
  { from: 'outUnitNavPad', to: 'routeToSA' },
  { from: 'outUnitNavPad', to: 'routeToSPD' },
  { from: 'outUnitNavPad', to: 'stopAtSPE' },
  { from: 'outUnitNavPad', to: 'arriveAtTargetStock' },
  { from: 'outUnitPieceColor', to: 'extractPieceT' },
  { from: 'outUnitPieceColor', to: 'extractPieceSPE' },
  { from: 'outSAPieceColor', to: 'insertPieceSA' },
  { from: 'outSPDPieceColor', to: 'insertPieceSPD' },
  { from: 'outUnitPAColor', to: 'arriveAtPA' }
]
[INIT PINS]   - delegates JSON: [{"from":"outUnitNavLine","to":"leavePA"},{"from":"outUnitNavLine","to":"turnRight"},{"from":"outUnitNavLine","to":"returnJourney"},{"from":"outUnitNavLine","to":"obstacleDetected"},{"from":"outUnitNavLine","to":"obstacleRemoved"},{"from":"outUnitNavPad","to":"detectGreenPad"},{"from":"outUnitNavPad","to":"detectRedPad"},{"from":"outUnitNavPad","to":"stopAtT"},{"from":"outUnitNavPad","to":"routeToSA"},{"from":"outUnitNavPad","to":"routeToSPD"},{"from":"outUnitNavPad","to":"stopAtSPE"},{"from":"outUnitNavPad","to":"arriveAtTargetStock"},{"from":"outUnitPieceColor","to":"extractPieceT"},{"from":"outUnitPieceColor","to":"extractPieceSPE"},{"from":"outSAPieceColor","to":"insertPieceSA"},{"from":"outSPDPieceColor","to":"insertPieceSPD"},{"from":"outUnitPAColor","to":"arriveAtPA"}]
[INIT PINS]   - Final portToPinMapping: {
  OpParam: 'OpParam',
  UnitNavPad: 'UnitNavPad',
  UnitPieceColor: 'UnitPieceColor',
  SPEPresence: 'SPEPresence',
  TPresence: 'TPresence',
  TPieceColor: 'TPieceColor',
  SPEPieceColor: 'SPEPieceColor',
  UnitNavLine: 'UnitNavLine',
  SAPieceColor: 'SAPieceColor',
  SPDPieceColor: 'SPDPieceColor',
  UnitPAColor: 'UnitPAColor'
}
[ACTIVITY CONSTRUCTOR] name=UnitEA, component=RobAFISSystemCFD.tSens
[ACTIVITY CONSTRUCTOR]   - delegates param: [{"from":"outUnitNavLine","to":"leavePA"},{"from":"outUnitNavLine","to":"turnRight"},{"from":"outUnitNavLine","to":"returnJourney"},{"from":"outUnitNavLine","to":"obstacleDetected"},{"from":"outUnitNavLine","to":"obstacleRemoved"},{"from":"outUnitNavPad","to":"detectGreenPad"},{"from":"outUnitNavPad","to":"detectRedPad"},{"from":"outUnitNavPad","to":"stopAtT"},{"from":"outUnitNavPad","to":"routeToSA"},{"from":"outUnitNavPad","to":"routeToSPD"},{"from":"outUnitNavPad","to":"stopAtSPE"},{"from":"outUnitNavPad","to":"arriveAtTargetStock"},{"from":"outUnitPieceColor","to":"extractPieceT"},{"from":"outUnitPieceColor","to":"extractPieceSPE"},{"from":"outSAPieceColor","to":"insertPieceSA"},{"from":"outSPDPieceColor","to":"insertPieceSPD"},{"from":"outUnitPAColor","to":"arriveAtPA"}]
[ACTIVITY CONSTRUCTOR]   - opts: {"outParameters":[{"name":"UnitNavLine","type":"NavColor","direction":"out"},{"name":"UnitNavPad","type":"NavColor","direction":"out"},{"name":"UnitPieceColor","type":"PieceType","direction":"out"},{"name":"SAPieceColor","type":"PieceType","direction":"out"},{"name":"SPDPieceColor","type":"PieceType","direction":"out"},{"name":"UnitPAColor","type":"NavColor","direction":"out"}],"inParameters":[{"name":"OpParam","type":"MissionParameter","direction":"in"},{"name":"UnitNavPad","type":"NavColor","direction":"in"},{"name":"UnitPieceColor","type":"PieceType","direction":"in"},{"name":"SPEPresence","type":"Boolean","direction":"in"},{"name":"TPresence","type":"Boolean","direction":"in"},{"name":"TPieceColor","type":"PieceType","direction":"in"},{"name":"SPEPieceColor","type":"PieceType","direction":"in"}]}
[ACTIVITY CONSTRUCTOR]   - fullOpts.delegates: [{"from":"outUnitNavLine","to":"leavePA"},{"from":"outUnitNavLine","to":"turnRight"},{"from":"outUnitNavLine","to":"returnJourney"},{"from":"outUnitNavLine","to":"obstacleDetected"},{"from":"outUnitNavLine","to":"obstacleRemoved"},{"from":"outUnitNavPad","to":"detectGreenPad"},{"from":"outUnitNavPad","to":"detectRedPad"},{"from":"outUnitNavPad","to":"stopAtT"},{"from":"outUnitNavPad","to":"routeToSA"},{"from":"outUnitNavPad","to":"routeToSPD"},{"from":"outUnitNavPad","to":"stopAtSPE"},{"from":"outUnitNavPad","to":"arriveAtTargetStock"},{"from":"outUnitPieceColor","to":"extractPieceT"},{"from":"outUnitPieceColor","to":"extractPieceSPE"},{"from":"outSAPieceColor","to":"insertPieceSA"},{"from":"outSPDPieceColor","to":"insertPieceSPD"},{"from":"outUnitPAColor","to":"arriveAtPA"}]
[INIT PINS] Activity: UnitEA
[INIT PINS]   - inParameters: [
  { name: 'OpParam', type: 'MissionParameter', direction: 'in' },
  { name: 'UnitNavPad', type: 'NavColor', direction: 'in' },
  { name: 'UnitPieceColor', type: 'PieceType', direction: 'in' },
  { name: 'SPEPresence', type: 'Boolean', direction: 'in' },
  { name: 'TPresence', type: 'Boolean', direction: 'in' },
  { name: 'TPieceColor', type: 'PieceType', direction: 'in' },
  { name: 'SPEPieceColor', type: 'PieceType', direction: 'in' }
]
[INIT PINS]   - delegates: [
  { from: 'outUnitNavLine', to: 'leavePA' },
  { from: 'outUnitNavLine', to: 'turnRight' },
  { from: 'outUnitNavLine', to: 'returnJourney' },
  { from: 'outUnitNavLine', to: 'obstacleDetected' },
  { from: 'outUnitNavLine', to: 'obstacleRemoved' },
  { from: 'outUnitNavPad', to: 'detectGreenPad' },
  { from: 'outUnitNavPad', to: 'detectRedPad' },
  { from: 'outUnitNavPad', to: 'stopAtT' },
  { from: 'outUnitNavPad', to: 'routeToSA' },
  { from: 'outUnitNavPad', to: 'routeToSPD' },
  { from: 'outUnitNavPad', to: 'stopAtSPE' },
  { from: 'outUnitNavPad', to: 'arriveAtTargetStock' },
  { from: 'outUnitPieceColor', to: 'extractPieceT' },
  { from: 'outUnitPieceColor', to: 'extractPieceSPE' },
  { from: 'outSAPieceColor', to: 'insertPieceSA' },
  { from: 'outSPDPieceColor', to: 'insertPieceSPD' },
  { from: 'outUnitPAColor', to: 'arriveAtPA' }
]
[INIT PINS]   - delegates JSON: [{"from":"outUnitNavLine","to":"leavePA"},{"from":"outUnitNavLine","to":"turnRight"},{"from":"outUnitNavLine","to":"returnJourney"},{"from":"outUnitNavLine","to":"obstacleDetected"},{"from":"outUnitNavLine","to":"obstacleRemoved"},{"from":"outUnitNavPad","to":"detectGreenPad"},{"from":"outUnitNavPad","to":"detectRedPad"},{"from":"outUnitNavPad","to":"stopAtT"},{"from":"outUnitNavPad","to":"routeToSA"},{"from":"outUnitNavPad","to":"routeToSPD"},{"from":"outUnitNavPad","to":"stopAtSPE"},{"from":"outUnitNavPad","to":"arriveAtTargetStock"},{"from":"outUnitPieceColor","to":"extractPieceT"},{"from":"outUnitPieceColor","to":"extractPieceSPE"},{"from":"outSAPieceColor","to":"insertPieceSA"},{"from":"outSPDPieceColor","to":"insertPieceSPD"},{"from":"outUnitPAColor","to":"arriveAtPA"}]
[INIT PINS]   - Final portToPinMapping: {
  OpParam: 'OpParam',
  UnitNavPad: 'UnitNavPad',
  UnitPieceColor: 'UnitPieceColor',
  SPEPresence: 'SPEPresence',
  TPresence: 'TPresence',
  TPieceColor: 'TPieceColor',
  SPEPieceColor: 'SPEPieceColor',
  UnitNavLine: 'UnitNavLine',
  SAPieceColor: 'SAPieceColor',
  SPDPieceColor: 'SPDPieceColor',
  UnitPAColor: 'UnitPAColor'
}
[ACTIVITY CONSTRUCTOR] name=UnitEA, component=RobAFISSystemCFD.drive
[ACTIVITY CONSTRUCTOR]   - delegates param: [{"from":"outUnitNavLine","to":"leavePA"},{"from":"outUnitNavLine","to":"turnRight"},{"from":"outUnitNavLine","to":"returnJourney"},{"from":"outUnitNavLine","to":"obstacleDetected"},{"from":"outUnitNavLine","to":"obstacleRemoved"},{"from":"outUnitNavPad","to":"detectGreenPad"},{"from":"outUnitNavPad","to":"detectRedPad"},{"from":"outUnitNavPad","to":"stopAtT"},{"from":"outUnitNavPad","to":"routeToSA"},{"from":"outUnitNavPad","to":"routeToSPD"},{"from":"outUnitNavPad","to":"stopAtSPE"},{"from":"outUnitNavPad","to":"arriveAtTargetStock"},{"from":"outUnitPieceColor","to":"extractPieceT"},{"from":"outUnitPieceColor","to":"extractPieceSPE"},{"from":"outSAPieceColor","to":"insertPieceSA"},{"from":"outSPDPieceColor","to":"insertPieceSPD"},{"from":"outUnitPAColor","to":"arriveAtPA"}]
[ACTIVITY CONSTRUCTOR]   - opts: {"outParameters":[{"name":"UnitNavLine","type":"NavColor","direction":"out"},{"name":"UnitNavPad","type":"NavColor","direction":"out"},{"name":"UnitPieceColor","type":"PieceType","direction":"out"},{"name":"SAPieceColor","type":"PieceType","direction":"out"},{"name":"SPDPieceColor","type":"PieceType","direction":"out"},{"name":"UnitPAColor","type":"NavColor","direction":"out"}],"inParameters":[{"name":"OpParam","type":"MissionParameter","direction":"in"},{"name":"UnitNavPad","type":"NavColor","direction":"in"},{"name":"UnitPieceColor","type":"PieceType","direction":"in"},{"name":"SPEPresence","type":"Boolean","direction":"in"},{"name":"TPresence","type":"Boolean","direction":"in"},{"name":"TPieceColor","type":"PieceType","direction":"in"},{"name":"SPEPieceColor","type":"PieceType","direction":"in"}]}
[ACTIVITY CONSTRUCTOR]   - fullOpts.delegates: [{"from":"outUnitNavLine","to":"leavePA"},{"from":"outUnitNavLine","to":"turnRight"},{"from":"outUnitNavLine","to":"returnJourney"},{"from":"outUnitNavLine","to":"obstacleDetected"},{"from":"outUnitNavLine","to":"obstacleRemoved"},{"from":"outUnitNavPad","to":"detectGreenPad"},{"from":"outUnitNavPad","to":"detectRedPad"},{"from":"outUnitNavPad","to":"stopAtT"},{"from":"outUnitNavPad","to":"routeToSA"},{"from":"outUnitNavPad","to":"routeToSPD"},{"from":"outUnitNavPad","to":"stopAtSPE"},{"from":"outUnitNavPad","to":"arriveAtTargetStock"},{"from":"outUnitPieceColor","to":"extractPieceT"},{"from":"outUnitPieceColor","to":"extractPieceSPE"},{"from":"outSAPieceColor","to":"insertPieceSA"},{"from":"outSPDPieceColor","to":"insertPieceSPD"},{"from":"outUnitPAColor","to":"arriveAtPA"}]
[INIT PINS] Activity: UnitEA
[INIT PINS]   - inParameters: [
  { name: 'OpParam', type: 'MissionParameter', direction: 'in' },
  { name: 'UnitNavPad', type: 'NavColor', direction: 'in' },
  { name: 'UnitPieceColor', type: 'PieceType', direction: 'in' },
  { name: 'SPEPresence', type: 'Boolean', direction: 'in' },
  { name: 'TPresence', type: 'Boolean', direction: 'in' },
  { name: 'TPieceColor', type: 'PieceType', direction: 'in' },
  { name: 'SPEPieceColor', type: 'PieceType', direction: 'in' }
]
[INIT PINS]   - delegates: [
  { from: 'outUnitNavLine', to: 'leavePA' },
  { from: 'outUnitNavLine', to: 'turnRight' },
  { from: 'outUnitNavLine', to: 'returnJourney' },
  { from: 'outUnitNavLine', to: 'obstacleDetected' },
  { from: 'outUnitNavLine', to: 'obstacleRemoved' },
  { from: 'outUnitNavPad', to: 'detectGreenPad' },
  { from: 'outUnitNavPad', to: 'detectRedPad' },
  { from: 'outUnitNavPad', to: 'stopAtT' },
  { from: 'outUnitNavPad', to: 'routeToSA' },
  { from: 'outUnitNavPad', to: 'routeToSPD' },
  { from: 'outUnitNavPad', to: 'stopAtSPE' },
  { from: 'outUnitNavPad', to: 'arriveAtTargetStock' },
  { from: 'outUnitPieceColor', to: 'extractPieceT' },
  { from: 'outUnitPieceColor', to: 'extractPieceSPE' },
  { from: 'outSAPieceColor', to: 'insertPieceSA' },
  { from: 'outSPDPieceColor', to: 'insertPieceSPD' },
  { from: 'outUnitPAColor', to: 'arriveAtPA' }
]
[INIT PINS]   - delegates JSON: [{"from":"outUnitNavLine","to":"leavePA"},{"from":"outUnitNavLine","to":"turnRight"},{"from":"outUnitNavLine","to":"returnJourney"},{"from":"outUnitNavLine","to":"obstacleDetected"},{"from":"outUnitNavLine","to":"obstacleRemoved"},{"from":"outUnitNavPad","to":"detectGreenPad"},{"from":"outUnitNavPad","to":"detectRedPad"},{"from":"outUnitNavPad","to":"stopAtT"},{"from":"outUnitNavPad","to":"routeToSA"},{"from":"outUnitNavPad","to":"routeToSPD"},{"from":"outUnitNavPad","to":"stopAtSPE"},{"from":"outUnitNavPad","to":"arriveAtTargetStock"},{"from":"outUnitPieceColor","to":"extractPieceT"},{"from":"outUnitPieceColor","to":"extractPieceSPE"},{"from":"outSAPieceColor","to":"insertPieceSA"},{"from":"outSPDPieceColor","to":"insertPieceSPD"},{"from":"outUnitPAColor","to":"arriveAtPA"}]
[INIT PINS]   - Final portToPinMapping: {
  OpParam: 'OpParam',
  UnitNavPad: 'UnitNavPad',
  UnitPieceColor: 'UnitPieceColor',
  SPEPresence: 'SPEPresence',
  TPresence: 'TPresence',
  TPieceColor: 'TPieceColor',
  SPEPieceColor: 'SPEPieceColor',
  UnitNavLine: 'UnitNavLine',
  SAPieceColor: 'SAPieceColor',
  SPDPieceColor: 'SPDPieceColor',
  UnitPAColor: 'UnitPAColor'
}
[ACTIVITY CONSTRUCTOR] name=UnitEA, component=RobAFISSystemCFD.grabber
[ACTIVITY CONSTRUCTOR]   - delegates param: [{"from":"outUnitNavLine","to":"leavePA"},{"from":"outUnitNavLine","to":"turnRight"},{"from":"outUnitNavLine","to":"returnJourney"},{"from":"outUnitNavLine","to":"obstacleDetected"},{"from":"outUnitNavLine","to":"obstacleRemoved"},{"from":"outUnitNavPad","to":"detectGreenPad"},{"from":"outUnitNavPad","to":"detectRedPad"},{"from":"outUnitNavPad","to":"stopAtT"},{"from":"outUnitNavPad","to":"routeToSA"},{"from":"outUnitNavPad","to":"routeToSPD"},{"from":"outUnitNavPad","to":"stopAtSPE"},{"from":"outUnitNavPad","to":"arriveAtTargetStock"},{"from":"outUnitPieceColor","to":"extractPieceT"},{"from":"outUnitPieceColor","to":"extractPieceSPE"},{"from":"outSAPieceColor","to":"insertPieceSA"},{"from":"outSPDPieceColor","to":"insertPieceSPD"},{"from":"outUnitPAColor","to":"arriveAtPA"}]
[ACTIVITY CONSTRUCTOR]   - opts: {"outParameters":[{"name":"UnitNavLine","type":"NavColor","direction":"out"},{"name":"UnitNavPad","type":"NavColor","direction":"out"},{"name":"UnitPieceColor","type":"PieceType","direction":"out"},{"name":"SAPieceColor","type":"PieceType","direction":"out"},{"name":"SPDPieceColor","type":"PieceType","direction":"out"},{"name":"UnitPAColor","type":"NavColor","direction":"out"}],"inParameters":[{"name":"OpParam","type":"MissionParameter","direction":"in"},{"name":"UnitNavPad","type":"NavColor","direction":"in"},{"name":"UnitPieceColor","type":"PieceType","direction":"in"},{"name":"SPEPresence","type":"Boolean","direction":"in"},{"name":"TPresence","type":"Boolean","direction":"in"},{"name":"TPieceColor","type":"PieceType","direction":"in"},{"name":"SPEPieceColor","type":"PieceType","direction":"in"}]}
[ACTIVITY CONSTRUCTOR]   - fullOpts.delegates: [{"from":"outUnitNavLine","to":"leavePA"},{"from":"outUnitNavLine","to":"turnRight"},{"from":"outUnitNavLine","to":"returnJourney"},{"from":"outUnitNavLine","to":"obstacleDetected"},{"from":"outUnitNavLine","to":"obstacleRemoved"},{"from":"outUnitNavPad","to":"detectGreenPad"},{"from":"outUnitNavPad","to":"detectRedPad"},{"from":"outUnitNavPad","to":"stopAtT"},{"from":"outUnitNavPad","to":"routeToSA"},{"from":"outUnitNavPad","to":"routeToSPD"},{"from":"outUnitNavPad","to":"stopAtSPE"},{"from":"outUnitNavPad","to":"arriveAtTargetStock"},{"from":"outUnitPieceColor","to":"extractPieceT"},{"from":"outUnitPieceColor","to":"extractPieceSPE"},{"from":"outSAPieceColor","to":"insertPieceSA"},{"from":"outSPDPieceColor","to":"insertPieceSPD"},{"from":"outUnitPAColor","to":"arriveAtPA"}]
[INIT PINS] Activity: UnitEA
[INIT PINS]   - inParameters: [
  { name: 'OpParam', type: 'MissionParameter', direction: 'in' },
  { name: 'UnitNavPad', type: 'NavColor', direction: 'in' },
  { name: 'UnitPieceColor', type: 'PieceType', direction: 'in' },
  { name: 'SPEPresence', type: 'Boolean', direction: 'in' },
  { name: 'TPresence', type: 'Boolean', direction: 'in' },
  { name: 'TPieceColor', type: 'PieceType', direction: 'in' },
  { name: 'SPEPieceColor', type: 'PieceType', direction: 'in' }
]
[INIT PINS]   - delegates: [
  { from: 'outUnitNavLine', to: 'leavePA' },
  { from: 'outUnitNavLine', to: 'turnRight' },
  { from: 'outUnitNavLine', to: 'returnJourney' },
  { from: 'outUnitNavLine', to: 'obstacleDetected' },
  { from: 'outUnitNavLine', to: 'obstacleRemoved' },
  { from: 'outUnitNavPad', to: 'detectGreenPad' },
  { from: 'outUnitNavPad', to: 'detectRedPad' },
  { from: 'outUnitNavPad', to: 'stopAtT' },
  { from: 'outUnitNavPad', to: 'routeToSA' },
  { from: 'outUnitNavPad', to: 'routeToSPD' },
  { from: 'outUnitNavPad', to: 'stopAtSPE' },
  { from: 'outUnitNavPad', to: 'arriveAtTargetStock' },
  { from: 'outUnitPieceColor', to: 'extractPieceT' },
  { from: 'outUnitPieceColor', to: 'extractPieceSPE' },
  { from: 'outSAPieceColor', to: 'insertPieceSA' },
  { from: 'outSPDPieceColor', to: 'insertPieceSPD' },
  { from: 'outUnitPAColor', to: 'arriveAtPA' }
]
[INIT PINS]   - delegates JSON: [{"from":"outUnitNavLine","to":"leavePA"},{"from":"outUnitNavLine","to":"turnRight"},{"from":"outUnitNavLine","to":"returnJourney"},{"from":"outUnitNavLine","to":"obstacleDetected"},{"from":"outUnitNavLine","to":"obstacleRemoved"},{"from":"outUnitNavPad","to":"detectGreenPad"},{"from":"outUnitNavPad","to":"detectRedPad"},{"from":"outUnitNavPad","to":"stopAtT"},{"from":"outUnitNavPad","to":"routeToSA"},{"from":"outUnitNavPad","to":"routeToSPD"},{"from":"outUnitNavPad","to":"stopAtSPE"},{"from":"outUnitNavPad","to":"arriveAtTargetStock"},{"from":"outUnitPieceColor","to":"extractPieceT"},{"from":"outUnitPieceColor","to":"extractPieceSPE"},{"from":"outSAPieceColor","to":"insertPieceSA"},{"from":"outSPDPieceColor","to":"insertPieceSPD"},{"from":"outUnitPAColor","to":"arriveAtPA"}]
[INIT PINS]   - Final portToPinMapping: {
  OpParam: 'OpParam',
  UnitNavPad: 'UnitNavPad',
  UnitPieceColor: 'UnitPieceColor',
  SPEPresence: 'SPEPresence',
  TPresence: 'TPresence',
  TPieceColor: 'TPieceColor',
  SPEPieceColor: 'SPEPieceColor',
  UnitNavLine: 'UnitNavLine',
  SAPieceColor: 'SAPieceColor',
  SPDPieceColor: 'SPDPieceColor',
  UnitPAColor: 'UnitPAColor'
}
[ACTIVITY CONSTRUCTOR] name=UnitEA, component=RobAFISSystemCFD.controller
[ACTIVITY CONSTRUCTOR]   - delegates param: [{"from":"outUnitNavLine","to":"leavePA"},{"from":"outUnitNavLine","to":"turnRight"},{"from":"outUnitNavLine","to":"returnJourney"},{"from":"outUnitNavLine","to":"obstacleDetected"},{"from":"outUnitNavLine","to":"obstacleRemoved"},{"from":"outUnitNavPad","to":"detectGreenPad"},{"from":"outUnitNavPad","to":"detectRedPad"},{"from":"outUnitNavPad","to":"stopAtT"},{"from":"outUnitNavPad","to":"routeToSA"},{"from":"outUnitNavPad","to":"routeToSPD"},{"from":"outUnitNavPad","to":"stopAtSPE"},{"from":"outUnitNavPad","to":"arriveAtTargetStock"},{"from":"outUnitPieceColor","to":"extractPieceT"},{"from":"outUnitPieceColor","to":"extractPieceSPE"},{"from":"outSAPieceColor","to":"insertPieceSA"},{"from":"outSPDPieceColor","to":"insertPieceSPD"},{"from":"outUnitPAColor","to":"arriveAtPA"}]
[ACTIVITY CONSTRUCTOR]   - opts: {"outParameters":[{"name":"UnitNavLine","type":"NavColor","direction":"out"},{"name":"UnitNavPad","type":"NavColor","direction":"out"},{"name":"UnitPieceColor","type":"PieceType","direction":"out"},{"name":"SAPieceColor","type":"PieceType","direction":"out"},{"name":"SPDPieceColor","type":"PieceType","direction":"out"},{"name":"UnitPAColor","type":"NavColor","direction":"out"}],"inParameters":[{"name":"OpParam","type":"MissionParameter","direction":"in"},{"name":"UnitNavPad","type":"NavColor","direction":"in"},{"name":"UnitPieceColor","type":"PieceType","direction":"in"},{"name":"SPEPresence","type":"Boolean","direction":"in"},{"name":"TPresence","type":"Boolean","direction":"in"},{"name":"TPieceColor","type":"PieceType","direction":"in"},{"name":"SPEPieceColor","type":"PieceType","direction":"in"}]}
[ACTIVITY CONSTRUCTOR]   - fullOpts.delegates: [{"from":"outUnitNavLine","to":"leavePA"},{"from":"outUnitNavLine","to":"turnRight"},{"from":"outUnitNavLine","to":"returnJourney"},{"from":"outUnitNavLine","to":"obstacleDetected"},{"from":"outUnitNavLine","to":"obstacleRemoved"},{"from":"outUnitNavPad","to":"detectGreenPad"},{"from":"outUnitNavPad","to":"detectRedPad"},{"from":"outUnitNavPad","to":"stopAtT"},{"from":"outUnitNavPad","to":"routeToSA"},{"from":"outUnitNavPad","to":"routeToSPD"},{"from":"outUnitNavPad","to":"stopAtSPE"},{"from":"outUnitNavPad","to":"arriveAtTargetStock"},{"from":"outUnitPieceColor","to":"extractPieceT"},{"from":"outUnitPieceColor","to":"extractPieceSPE"},{"from":"outSAPieceColor","to":"insertPieceSA"},{"from":"outSPDPieceColor","to":"insertPieceSPD"},{"from":"outUnitPAColor","to":"arriveAtPA"}]
[INIT PINS] Activity: UnitEA
[INIT PINS]   - inParameters: [
  { name: 'OpParam', type: 'MissionParameter', direction: 'in' },
  { name: 'UnitNavPad', type: 'NavColor', direction: 'in' },
  { name: 'UnitPieceColor', type: 'PieceType', direction: 'in' },
  { name: 'SPEPresence', type: 'Boolean', direction: 'in' },
  { name: 'TPresence', type: 'Boolean', direction: 'in' },
  { name: 'TPieceColor', type: 'PieceType', direction: 'in' },
  { name: 'SPEPieceColor', type: 'PieceType', direction: 'in' }
]
[INIT PINS]   - delegates: [
  { from: 'outUnitNavLine', to: 'leavePA' },
  { from: 'outUnitNavLine', to: 'turnRight' },
  { from: 'outUnitNavLine', to: 'returnJourney' },
  { from: 'outUnitNavLine', to: 'obstacleDetected' },
  { from: 'outUnitNavLine', to: 'obstacleRemoved' },
  { from: 'outUnitNavPad', to: 'detectGreenPad' },
  { from: 'outUnitNavPad', to: 'detectRedPad' },
  { from: 'outUnitNavPad', to: 'stopAtT' },
  { from: 'outUnitNavPad', to: 'routeToSA' },
  { from: 'outUnitNavPad', to: 'routeToSPD' },
  { from: 'outUnitNavPad', to: 'stopAtSPE' },
  { from: 'outUnitNavPad', to: 'arriveAtTargetStock' },
  { from: 'outUnitPieceColor', to: 'extractPieceT' },
  { from: 'outUnitPieceColor', to: 'extractPieceSPE' },
  { from: 'outSAPieceColor', to: 'insertPieceSA' },
  { from: 'outSPDPieceColor', to: 'insertPieceSPD' },
  { from: 'outUnitPAColor', to: 'arriveAtPA' }
]
[INIT PINS]   - delegates JSON: [{"from":"outUnitNavLine","to":"leavePA"},{"from":"outUnitNavLine","to":"turnRight"},{"from":"outUnitNavLine","to":"returnJourney"},{"from":"outUnitNavLine","to":"obstacleDetected"},{"from":"outUnitNavLine","to":"obstacleRemoved"},{"from":"outUnitNavPad","to":"detectGreenPad"},{"from":"outUnitNavPad","to":"detectRedPad"},{"from":"outUnitNavPad","to":"stopAtT"},{"from":"outUnitNavPad","to":"routeToSA"},{"from":"outUnitNavPad","to":"routeToSPD"},{"from":"outUnitNavPad","to":"stopAtSPE"},{"from":"outUnitNavPad","to":"arriveAtTargetStock"},{"from":"outUnitPieceColor","to":"extractPieceT"},{"from":"outUnitPieceColor","to":"extractPieceSPE"},{"from":"outSAPieceColor","to":"insertPieceSA"},{"from":"outSPDPieceColor","to":"insertPieceSPD"},{"from":"outUnitPAColor","to":"arriveAtPA"}]
[INIT PINS]   - Final portToPinMapping: {
  OpParam: 'OpParam',
  UnitNavPad: 'UnitNavPad',
  UnitPieceColor: 'UnitPieceColor',
  SPEPresence: 'SPEPresence',
  TPresence: 'TPresence',
  TPieceColor: 'TPieceColor',
  SPEPieceColor: 'SPEPieceColor',
  UnitNavLine: 'UnitNavLine',
  SAPieceColor: 'SAPieceColor',
  SPDPieceColor: 'SPDPieceColor',
  UnitPAColor: 'UnitPAColor'
}
[MODEL] initializeAllConnectors() called
[MODEL]   - _moduleContext available: true
[MODEL]   - _moduleContext keys: [
  'PT_SysADL_Ports_ParameterIPT',
  'PT_SysADL_Ports_ParameterOPT',
  'PT_SysADL_Ports_PieceTypeIPT',
  'PT_SysADL_Ports_PieceTypeOPT',
  'PT_SysADL_Ports_PresenceIPT',
  'PT_SysADL_Ports_PresenceOPT',
  'PT_SysADL_Ports_CommandIPT',
  'PT_SysADL_Ports_CommandOPT',
  'PT_SysADL_Ports_DirectionIPT',
  'PT_SysADL_Ports_DirectionOPT'
]
[MODEL]   - Checking component: RobAFISSystemCFD
[MODEL]     - Initializing connector: pConn
[CONNECTOR setModel] pConn: model=SysADLModel, _needsInitialization=true
[CONNECTOR setModel]   - participantSchema keys: [ 'parameterOPT', 'parameterIPT' ]
[CONNECTOR setModel]   - _moduleContext set with keys: [
  'PT_SysADL_Ports_ParameterIPT',
  'PT_SysADL_Ports_ParameterOPT',
  'PT_SysADL_Ports_PieceTypeIPT',
  'PT_SysADL_Ports_PieceTypeOPT',
  'PT_SysADL_Ports_PresenceIPT'
]
[CONNECTOR setModel]   - Calling initializeInternalParticipants()
Initializing participant parameterOPT with portClass PT_SysADL_Ports_ParameterOPT
Resolving port class: PT_SysADL_Ports_ParameterOPT
Module context available: true
Module context keys: [
  'PT_SysADL_Ports_ParameterIPT',
  'PT_SysADL_Ports_ParameterOPT',
  'PT_SysADL_Ports_PieceTypeIPT',
  'PT_SysADL_Ports_PieceTypeOPT',
  'PT_SysADL_Ports_PresenceIPT',
  'PT_SysADL_Ports_PresenceOPT',
  'PT_SysADL_Ports_CommandIPT',
  'PT_SysADL_Ports_CommandOPT',
  'PT_SysADL_Ports_DirectionIPT',
  'PT_SysADL_Ports_DirectionOPT',
  'PT_EnvPortsRobAFIS_OutPieceColor',
  'PT_EnvPortsRobAFIS_InPieceColor',
  'PT_EnvPortsRobAFIS_OutNavColor',
  'PT_EnvPortsRobAFIS_InNavColor',
  'PT_EnvPortsRobAFIS_OutPresence',
  'PT_EnvPortsRobAFIS_InPresence',
  'PT_EnvPortsRobAFIS_OutParameter',
  'PT_EnvPortsRobAFIS_InParameter',
  'PT_EnvPortsRobAFIS_OutMotorCommand',
  'PT_EnvPortsRobAFIS_InMotorCommand',
  'CN_SysADL_Connectors_ParameterCN',
  'CN_SysADL_Connectors_PieceTypeCN',
  'CN_SysADL_Connectors_PresenceCN',
  'CN_SysADL_Connectors_CommandCN',
  'CN_SysADL_Connectors_DirectionCN',
  'CN_EnvConnectorsRobAFIS_DetectPieceColorEnvCN',
  'CN_EnvConnectorsRobAFIS_DetectParameterEnvCN',
  'CN_EnvConnectorsRobAFIS_ReadParameterEnvCN',
  'CN_EnvConnectorsRobAFIS_ReadPieceColorEnvCN',
  'CN_EnvConnectorsRobAFIS_ReadPresenceEnvCN',
  'CN_EnvConnectorsRobAFIS_SendMotorCommandEnvCN',
  'CN_EnvConnectorsRobAFIS_SendEnvironmentalDirectionEnvCN',
  'CN_EnvConnectorsRobAFIS_SendPieceColorEnvCN',
  'CT_SysADL_Behavior_DecideCommandEQ',
  'CT_SysADL_Behavior_ExtractDirEQ',
  'CT_SysADL_Behavior_ExtractGrabEQ',
  'EX_SysADL_Execution_DecideCommandEX',
  'EX_SysADL_Execution_ExtractDirEX',
  'EX_SysADL_Execution_ExtractGrabEX',
  'EX_SysADL_Boundary_Execution_TranslateDirectionToColorEX',
  'EX_SysADL_Boundary_Execution_PassParameterEX',
  'EX_ScenariosRobAFIS_Execution_PassPieceTypeEX',
  'EX_SysADL_Boundary_Execution_PassPresenceEX',
  'EX_ScenariosRobAFIS_Execution_PassMotorCommandEX',
  'EX_ScenariosRobAFIS_Execution_PassMissionParameterEX',
  'EX_ScenariosRobAFIS_Execution_PassNavColorEX',
  'EN_PieceType',
  'EN_MissionParameter',
  'EN_MotorCommand',
  'EN_Direction',
  'EN_NavColor',
  'DT_RobotCommands'
]
Found in module context: [class PT_SysADL_Ports_ParameterOPT extends SimplePort]
Final result for PT_SysADL_Ports_ParameterOPT: [class PT_SysADL_Ports_ParameterOPT extends SimplePort]
Resolved simple port class: [class PT_SysADL_Ports_ParameterOPT extends SimplePort]
PortClass type: function
PortClass constructor: [Function: Function]
Initializing participant parameterIPT with portClass PT_SysADL_Ports_ParameterIPT
Resolving port class: PT_SysADL_Ports_ParameterIPT
Module context available: true
Module context keys: [
  'PT_SysADL_Ports_ParameterIPT',
  'PT_SysADL_Ports_ParameterOPT',
  'PT_SysADL_Ports_PieceTypeIPT',
  'PT_SysADL_Ports_PieceTypeOPT',
  'PT_SysADL_Ports_PresenceIPT',
  'PT_SysADL_Ports_PresenceOPT',
  'PT_SysADL_Ports_CommandIPT',
  'PT_SysADL_Ports_CommandOPT',
  'PT_SysADL_Ports_DirectionIPT',
  'PT_SysADL_Ports_DirectionOPT',
  'PT_EnvPortsRobAFIS_OutPieceColor',
  'PT_EnvPortsRobAFIS_InPieceColor',
  'PT_EnvPortsRobAFIS_OutNavColor',
  'PT_EnvPortsRobAFIS_InNavColor',
  'PT_EnvPortsRobAFIS_OutPresence',
  'PT_EnvPortsRobAFIS_InPresence',
  'PT_EnvPortsRobAFIS_OutParameter',
  'PT_EnvPortsRobAFIS_InParameter',
  'PT_EnvPortsRobAFIS_OutMotorCommand',
  'PT_EnvPortsRobAFIS_InMotorCommand',
  'CN_SysADL_Connectors_ParameterCN',
  'CN_SysADL_Connectors_PieceTypeCN',
  'CN_SysADL_Connectors_PresenceCN',
  'CN_SysADL_Connectors_CommandCN',
  'CN_SysADL_Connectors_DirectionCN',
  'CN_EnvConnectorsRobAFIS_DetectPieceColorEnvCN',
  'CN_EnvConnectorsRobAFIS_DetectParameterEnvCN',
  'CN_EnvConnectorsRobAFIS_ReadParameterEnvCN',
  'CN_EnvConnectorsRobAFIS_ReadPieceColorEnvCN',
  'CN_EnvConnectorsRobAFIS_ReadPresenceEnvCN',
  'CN_EnvConnectorsRobAFIS_SendMotorCommandEnvCN',
  'CN_EnvConnectorsRobAFIS_SendEnvironmentalDirectionEnvCN',
  'CN_EnvConnectorsRobAFIS_SendPieceColorEnvCN',
  'CT_SysADL_Behavior_DecideCommandEQ',
  'CT_SysADL_Behavior_ExtractDirEQ',
  'CT_SysADL_Behavior_ExtractGrabEQ',
  'EX_SysADL_Execution_DecideCommandEX',
  'EX_SysADL_Execution_ExtractDirEX',
  'EX_SysADL_Execution_ExtractGrabEX',
  'EX_SysADL_Boundary_Execution_TranslateDirectionToColorEX',
  'EX_SysADL_Boundary_Execution_PassParameterEX',
  'EX_ScenariosRobAFIS_Execution_PassPieceTypeEX',
  'EX_SysADL_Boundary_Execution_PassPresenceEX',
  'EX_ScenariosRobAFIS_Execution_PassMotorCommandEX',
  'EX_ScenariosRobAFIS_Execution_PassMissionParameterEX',
  'EX_ScenariosRobAFIS_Execution_PassNavColorEX',
  'EN_PieceType',
  'EN_MissionParameter',
  'EN_MotorCommand',
  'EN_Direction',
  'EN_NavColor',
  'DT_RobotCommands'
]
Found in module context: [class PT_SysADL_Ports_ParameterIPT extends SimplePort]
Final result for PT_SysADL_Ports_ParameterIPT: [class PT_SysADL_Ports_ParameterIPT extends SimplePort]
Resolved simple port class: [class PT_SysADL_Ports_ParameterIPT extends SimplePort]
PortClass type: function
PortClass constructor: [Function: Function]
[BIND TO] pConn.parameterOPT bindTo -> bindingType=Object, hasReceive=true
[MODEL]     - Initializing connector: colorConn
[CONNECTOR setModel] colorConn: model=SysADLModel, _needsInitialization=true
[CONNECTOR setModel]   - participantSchema keys: [ 'pieceTypeOPT', 'pieceTypeIPT' ]
[CONNECTOR setModel]   - _moduleContext set with keys: [
  'PT_SysADL_Ports_ParameterIPT',
  'PT_SysADL_Ports_ParameterOPT',
  'PT_SysADL_Ports_PieceTypeIPT',
  'PT_SysADL_Ports_PieceTypeOPT',
  'PT_SysADL_Ports_PresenceIPT'
]
[CONNECTOR setModel]   - Calling initializeInternalParticipants()
Initializing participant pieceTypeOPT with portClass PT_SysADL_Ports_PieceTypeOPT
Resolving port class: PT_SysADL_Ports_PieceTypeOPT
Module context available: true
Module context keys: [
  'PT_SysADL_Ports_ParameterIPT',
  'PT_SysADL_Ports_ParameterOPT',
  'PT_SysADL_Ports_PieceTypeIPT',
  'PT_SysADL_Ports_PieceTypeOPT',
  'PT_SysADL_Ports_PresenceIPT',
  'PT_SysADL_Ports_PresenceOPT',
  'PT_SysADL_Ports_CommandIPT',
  'PT_SysADL_Ports_CommandOPT',
  'PT_SysADL_Ports_DirectionIPT',
  'PT_SysADL_Ports_DirectionOPT',
  'PT_EnvPortsRobAFIS_OutPieceColor',
  'PT_EnvPortsRobAFIS_InPieceColor',
  'PT_EnvPortsRobAFIS_OutNavColor',
  'PT_EnvPortsRobAFIS_InNavColor',
  'PT_EnvPortsRobAFIS_OutPresence',
  'PT_EnvPortsRobAFIS_InPresence',
  'PT_EnvPortsRobAFIS_OutParameter',
  'PT_EnvPortsRobAFIS_InParameter',
  'PT_EnvPortsRobAFIS_OutMotorCommand',
  'PT_EnvPortsRobAFIS_InMotorCommand',
  'CN_SysADL_Connectors_ParameterCN',
  'CN_SysADL_Connectors_PieceTypeCN',
  'CN_SysADL_Connectors_PresenceCN',
  'CN_SysADL_Connectors_CommandCN',
  'CN_SysADL_Connectors_DirectionCN',
  'CN_EnvConnectorsRobAFIS_DetectPieceColorEnvCN',
  'CN_EnvConnectorsRobAFIS_DetectParameterEnvCN',
  'CN_EnvConnectorsRobAFIS_ReadParameterEnvCN',
  'CN_EnvConnectorsRobAFIS_ReadPieceColorEnvCN',
  'CN_EnvConnectorsRobAFIS_ReadPresenceEnvCN',
  'CN_EnvConnectorsRobAFIS_SendMotorCommandEnvCN',
  'CN_EnvConnectorsRobAFIS_SendEnvironmentalDirectionEnvCN',
  'CN_EnvConnectorsRobAFIS_SendPieceColorEnvCN',
  'CT_SysADL_Behavior_DecideCommandEQ',
  'CT_SysADL_Behavior_ExtractDirEQ',
  'CT_SysADL_Behavior_ExtractGrabEQ',
  'EX_SysADL_Execution_DecideCommandEX',
  'EX_SysADL_Execution_ExtractDirEX',
  'EX_SysADL_Execution_ExtractGrabEX',
  'EX_SysADL_Boundary_Execution_TranslateDirectionToColorEX',
  'EX_SysADL_Boundary_Execution_PassParameterEX',
  'EX_ScenariosRobAFIS_Execution_PassPieceTypeEX',
  'EX_SysADL_Boundary_Execution_PassPresenceEX',
  'EX_ScenariosRobAFIS_Execution_PassMotorCommandEX',
  'EX_ScenariosRobAFIS_Execution_PassMissionParameterEX',
  'EX_ScenariosRobAFIS_Execution_PassNavColorEX',
  'EN_PieceType',
  'EN_MissionParameter',
  'EN_MotorCommand',
  'EN_Direction',
  'EN_NavColor',
  'DT_RobotCommands'
]
Found in module context: [class PT_SysADL_Ports_PieceTypeOPT extends SimplePort]
Final result for PT_SysADL_Ports_PieceTypeOPT: [class PT_SysADL_Ports_PieceTypeOPT extends SimplePort]
Resolved simple port class: [class PT_SysADL_Ports_PieceTypeOPT extends SimplePort]
PortClass type: function
PortClass constructor: [Function: Function]
Initializing participant pieceTypeIPT with portClass PT_SysADL_Ports_PieceTypeIPT
Resolving port class: PT_SysADL_Ports_PieceTypeIPT
Module context available: true
Module context keys: [
  'PT_SysADL_Ports_ParameterIPT',
  'PT_SysADL_Ports_ParameterOPT',
  'PT_SysADL_Ports_PieceTypeIPT',
  'PT_SysADL_Ports_PieceTypeOPT',
  'PT_SysADL_Ports_PresenceIPT',
  'PT_SysADL_Ports_PresenceOPT',
  'PT_SysADL_Ports_CommandIPT',
  'PT_SysADL_Ports_CommandOPT',
  'PT_SysADL_Ports_DirectionIPT',
  'PT_SysADL_Ports_DirectionOPT',
  'PT_EnvPortsRobAFIS_OutPieceColor',
  'PT_EnvPortsRobAFIS_InPieceColor',
  'PT_EnvPortsRobAFIS_OutNavColor',
  'PT_EnvPortsRobAFIS_InNavColor',
  'PT_EnvPortsRobAFIS_OutPresence',
  'PT_EnvPortsRobAFIS_InPresence',
  'PT_EnvPortsRobAFIS_OutParameter',
  'PT_EnvPortsRobAFIS_InParameter',
  'PT_EnvPortsRobAFIS_OutMotorCommand',
  'PT_EnvPortsRobAFIS_InMotorCommand',
  'CN_SysADL_Connectors_ParameterCN',
  'CN_SysADL_Connectors_PieceTypeCN',
  'CN_SysADL_Connectors_PresenceCN',
  'CN_SysADL_Connectors_CommandCN',
  'CN_SysADL_Connectors_DirectionCN',
  'CN_EnvConnectorsRobAFIS_DetectPieceColorEnvCN',
  'CN_EnvConnectorsRobAFIS_DetectParameterEnvCN',
  'CN_EnvConnectorsRobAFIS_ReadParameterEnvCN',
  'CN_EnvConnectorsRobAFIS_ReadPieceColorEnvCN',
  'CN_EnvConnectorsRobAFIS_ReadPresenceEnvCN',
  'CN_EnvConnectorsRobAFIS_SendMotorCommandEnvCN',
  'CN_EnvConnectorsRobAFIS_SendEnvironmentalDirectionEnvCN',
  'CN_EnvConnectorsRobAFIS_SendPieceColorEnvCN',
  'CT_SysADL_Behavior_DecideCommandEQ',
  'CT_SysADL_Behavior_ExtractDirEQ',
  'CT_SysADL_Behavior_ExtractGrabEQ',
  'EX_SysADL_Execution_DecideCommandEX',
  'EX_SysADL_Execution_ExtractDirEX',
  'EX_SysADL_Execution_ExtractGrabEX',
  'EX_SysADL_Boundary_Execution_TranslateDirectionToColorEX',
  'EX_SysADL_Boundary_Execution_PassParameterEX',
  'EX_ScenariosRobAFIS_Execution_PassPieceTypeEX',
  'EX_SysADL_Boundary_Execution_PassPresenceEX',
  'EX_ScenariosRobAFIS_Execution_PassMotorCommandEX',
  'EX_ScenariosRobAFIS_Execution_PassMissionParameterEX',
  'EX_ScenariosRobAFIS_Execution_PassNavColorEX',
  'EN_PieceType',
  'EN_MissionParameter',
  'EN_MotorCommand',
  'EN_Direction',
  'EN_NavColor',
  'DT_RobotCommands'
]
Found in module context: [class PT_SysADL_Ports_PieceTypeIPT extends SimplePort]
Final result for PT_SysADL_Ports_PieceTypeIPT: [class PT_SysADL_Ports_PieceTypeIPT extends SimplePort]
Resolved simple port class: [class PT_SysADL_Ports_PieceTypeIPT extends SimplePort]
PortClass type: function
PortClass constructor: [Function: Function]
[BIND TO] colorConn.pieceTypeOPT bindTo -> bindingType=Object, hasReceive=true
[MODEL]     - Initializing connector: speConn
[CONNECTOR setModel] speConn: model=SysADLModel, _needsInitialization=true
[CONNECTOR setModel]   - participantSchema keys: [ 'presenceOPT', 'presenceIPT' ]
[CONNECTOR setModel]   - _moduleContext set with keys: [
  'PT_SysADL_Ports_ParameterIPT',
  'PT_SysADL_Ports_ParameterOPT',
  'PT_SysADL_Ports_PieceTypeIPT',
  'PT_SysADL_Ports_PieceTypeOPT',
  'PT_SysADL_Ports_PresenceIPT'
]
[CONNECTOR setModel]   - Calling initializeInternalParticipants()
Initializing participant presenceOPT with portClass PT_SysADL_Ports_PresenceOPT
Resolving port class: PT_SysADL_Ports_PresenceOPT
Module context available: true
Module context keys: [
  'PT_SysADL_Ports_ParameterIPT',
  'PT_SysADL_Ports_ParameterOPT',
  'PT_SysADL_Ports_PieceTypeIPT',
  'PT_SysADL_Ports_PieceTypeOPT',
  'PT_SysADL_Ports_PresenceIPT',
  'PT_SysADL_Ports_PresenceOPT',
  'PT_SysADL_Ports_CommandIPT',
  'PT_SysADL_Ports_CommandOPT',
  'PT_SysADL_Ports_DirectionIPT',
  'PT_SysADL_Ports_DirectionOPT',
  'PT_EnvPortsRobAFIS_OutPieceColor',
  'PT_EnvPortsRobAFIS_InPieceColor',
  'PT_EnvPortsRobAFIS_OutNavColor',
  'PT_EnvPortsRobAFIS_InNavColor',
  'PT_EnvPortsRobAFIS_OutPresence',
  'PT_EnvPortsRobAFIS_InPresence',
  'PT_EnvPortsRobAFIS_OutParameter',
  'PT_EnvPortsRobAFIS_InParameter',
  'PT_EnvPortsRobAFIS_OutMotorCommand',
  'PT_EnvPortsRobAFIS_InMotorCommand',
  'CN_SysADL_Connectors_ParameterCN',
  'CN_SysADL_Connectors_PieceTypeCN',
  'CN_SysADL_Connectors_PresenceCN',
  'CN_SysADL_Connectors_CommandCN',
  'CN_SysADL_Connectors_DirectionCN',
  'CN_EnvConnectorsRobAFIS_DetectPieceColorEnvCN',
  'CN_EnvConnectorsRobAFIS_DetectParameterEnvCN',
  'CN_EnvConnectorsRobAFIS_ReadParameterEnvCN',
  'CN_EnvConnectorsRobAFIS_ReadPieceColorEnvCN',
  'CN_EnvConnectorsRobAFIS_ReadPresenceEnvCN',
  'CN_EnvConnectorsRobAFIS_SendMotorCommandEnvCN',
  'CN_EnvConnectorsRobAFIS_SendEnvironmentalDirectionEnvCN',
  'CN_EnvConnectorsRobAFIS_SendPieceColorEnvCN',
  'CT_SysADL_Behavior_DecideCommandEQ',
  'CT_SysADL_Behavior_ExtractDirEQ',
  'CT_SysADL_Behavior_ExtractGrabEQ',
  'EX_SysADL_Execution_DecideCommandEX',
  'EX_SysADL_Execution_ExtractDirEX',
  'EX_SysADL_Execution_ExtractGrabEX',
  'EX_SysADL_Boundary_Execution_TranslateDirectionToColorEX',
  'EX_SysADL_Boundary_Execution_PassParameterEX',
  'EX_ScenariosRobAFIS_Execution_PassPieceTypeEX',
  'EX_SysADL_Boundary_Execution_PassPresenceEX',
  'EX_ScenariosRobAFIS_Execution_PassMotorCommandEX',
  'EX_ScenariosRobAFIS_Execution_PassMissionParameterEX',
  'EX_ScenariosRobAFIS_Execution_PassNavColorEX',
  'EN_PieceType',
  'EN_MissionParameter',
  'EN_MotorCommand',
  'EN_Direction',
  'EN_NavColor',
  'DT_RobotCommands'
]
Found in module context: [class PT_SysADL_Ports_PresenceOPT extends SimplePort]
Final result for PT_SysADL_Ports_PresenceOPT: [class PT_SysADL_Ports_PresenceOPT extends SimplePort]
Resolved simple port class: [class PT_SysADL_Ports_PresenceOPT extends SimplePort]
PortClass type: function
PortClass constructor: [Function: Function]
Initializing participant presenceIPT with portClass PT_SysADL_Ports_PresenceIPT
Resolving port class: PT_SysADL_Ports_PresenceIPT
Module context available: true
Module context keys: [
  'PT_SysADL_Ports_ParameterIPT',
  'PT_SysADL_Ports_ParameterOPT',
  'PT_SysADL_Ports_PieceTypeIPT',
  'PT_SysADL_Ports_PieceTypeOPT',
  'PT_SysADL_Ports_PresenceIPT',
  'PT_SysADL_Ports_PresenceOPT',
  'PT_SysADL_Ports_CommandIPT',
  'PT_SysADL_Ports_CommandOPT',
  'PT_SysADL_Ports_DirectionIPT',
  'PT_SysADL_Ports_DirectionOPT',
  'PT_EnvPortsRobAFIS_OutPieceColor',
  'PT_EnvPortsRobAFIS_InPieceColor',
  'PT_EnvPortsRobAFIS_OutNavColor',
  'PT_EnvPortsRobAFIS_InNavColor',
  'PT_EnvPortsRobAFIS_OutPresence',
  'PT_EnvPortsRobAFIS_InPresence',
  'PT_EnvPortsRobAFIS_OutParameter',
  'PT_EnvPortsRobAFIS_InParameter',
  'PT_EnvPortsRobAFIS_OutMotorCommand',
  'PT_EnvPortsRobAFIS_InMotorCommand',
  'CN_SysADL_Connectors_ParameterCN',
  'CN_SysADL_Connectors_PieceTypeCN',
  'CN_SysADL_Connectors_PresenceCN',
  'CN_SysADL_Connectors_CommandCN',
  'CN_SysADL_Connectors_DirectionCN',
  'CN_EnvConnectorsRobAFIS_DetectPieceColorEnvCN',
  'CN_EnvConnectorsRobAFIS_DetectParameterEnvCN',
  'CN_EnvConnectorsRobAFIS_ReadParameterEnvCN',
  'CN_EnvConnectorsRobAFIS_ReadPieceColorEnvCN',
  'CN_EnvConnectorsRobAFIS_ReadPresenceEnvCN',
  'CN_EnvConnectorsRobAFIS_SendMotorCommandEnvCN',
  'CN_EnvConnectorsRobAFIS_SendEnvironmentalDirectionEnvCN',
  'CN_EnvConnectorsRobAFIS_SendPieceColorEnvCN',
  'CT_SysADL_Behavior_DecideCommandEQ',
  'CT_SysADL_Behavior_ExtractDirEQ',
  'CT_SysADL_Behavior_ExtractGrabEQ',
  'EX_SysADL_Execution_DecideCommandEX',
  'EX_SysADL_Execution_ExtractDirEX',
  'EX_SysADL_Execution_ExtractGrabEX',
  'EX_SysADL_Boundary_Execution_TranslateDirectionToColorEX',
  'EX_SysADL_Boundary_Execution_PassParameterEX',
  'EX_ScenariosRobAFIS_Execution_PassPieceTypeEX',
  'EX_SysADL_Boundary_Execution_PassPresenceEX',
  'EX_ScenariosRobAFIS_Execution_PassMotorCommandEX',
  'EX_ScenariosRobAFIS_Execution_PassMissionParameterEX',
  'EX_ScenariosRobAFIS_Execution_PassNavColorEX',
  'EN_PieceType',
  'EN_MissionParameter',
  'EN_MotorCommand',
  'EN_Direction',
  'EN_NavColor',
  'DT_RobotCommands'
]
Found in module context: [class PT_SysADL_Ports_PresenceIPT extends SimplePort]
Final result for PT_SysADL_Ports_PresenceIPT: [class PT_SysADL_Ports_PresenceIPT extends SimplePort]
Resolved simple port class: [class PT_SysADL_Ports_PresenceIPT extends SimplePort]
PortClass type: function
PortClass constructor: [Function: Function]
[BIND TO] speConn.presenceOPT bindTo -> bindingType=Object, hasReceive=true
[MODEL]     - Initializing connector: tConn
[CONNECTOR setModel] tConn: model=SysADLModel, _needsInitialization=true
[CONNECTOR setModel]   - participantSchema keys: [ 'presenceOPT', 'presenceIPT' ]
[CONNECTOR setModel]   - _moduleContext set with keys: [
  'PT_SysADL_Ports_ParameterIPT',
  'PT_SysADL_Ports_ParameterOPT',
  'PT_SysADL_Ports_PieceTypeIPT',
  'PT_SysADL_Ports_PieceTypeOPT',
  'PT_SysADL_Ports_PresenceIPT'
]
[CONNECTOR setModel]   - Calling initializeInternalParticipants()
Initializing participant presenceOPT with portClass PT_SysADL_Ports_PresenceOPT
Resolving port class: PT_SysADL_Ports_PresenceOPT
Module context available: true
Module context keys: [
  'PT_SysADL_Ports_ParameterIPT',
  'PT_SysADL_Ports_ParameterOPT',
  'PT_SysADL_Ports_PieceTypeIPT',
  'PT_SysADL_Ports_PieceTypeOPT',
  'PT_SysADL_Ports_PresenceIPT',
  'PT_SysADL_Ports_PresenceOPT',
  'PT_SysADL_Ports_CommandIPT',
  'PT_SysADL_Ports_CommandOPT',
  'PT_SysADL_Ports_DirectionIPT',
  'PT_SysADL_Ports_DirectionOPT',
  'PT_EnvPortsRobAFIS_OutPieceColor',
  'PT_EnvPortsRobAFIS_InPieceColor',
  'PT_EnvPortsRobAFIS_OutNavColor',
  'PT_EnvPortsRobAFIS_InNavColor',
  'PT_EnvPortsRobAFIS_OutPresence',
  'PT_EnvPortsRobAFIS_InPresence',
  'PT_EnvPortsRobAFIS_OutParameter',
  'PT_EnvPortsRobAFIS_InParameter',
  'PT_EnvPortsRobAFIS_OutMotorCommand',
  'PT_EnvPortsRobAFIS_InMotorCommand',
  'CN_SysADL_Connectors_ParameterCN',
  'CN_SysADL_Connectors_PieceTypeCN',
  'CN_SysADL_Connectors_PresenceCN',
  'CN_SysADL_Connectors_CommandCN',
  'CN_SysADL_Connectors_DirectionCN',
  'CN_EnvConnectorsRobAFIS_DetectPieceColorEnvCN',
  'CN_EnvConnectorsRobAFIS_DetectParameterEnvCN',
  'CN_EnvConnectorsRobAFIS_ReadParameterEnvCN',
  'CN_EnvConnectorsRobAFIS_ReadPieceColorEnvCN',
  'CN_EnvConnectorsRobAFIS_ReadPresenceEnvCN',
  'CN_EnvConnectorsRobAFIS_SendMotorCommandEnvCN',
  'CN_EnvConnectorsRobAFIS_SendEnvironmentalDirectionEnvCN',
  'CN_EnvConnectorsRobAFIS_SendPieceColorEnvCN',
  'CT_SysADL_Behavior_DecideCommandEQ',
  'CT_SysADL_Behavior_ExtractDirEQ',
  'CT_SysADL_Behavior_ExtractGrabEQ',
  'EX_SysADL_Execution_DecideCommandEX',
  'EX_SysADL_Execution_ExtractDirEX',
  'EX_SysADL_Execution_ExtractGrabEX',
  'EX_SysADL_Boundary_Execution_TranslateDirectionToColorEX',
  'EX_SysADL_Boundary_Execution_PassParameterEX',
  'EX_ScenariosRobAFIS_Execution_PassPieceTypeEX',
  'EX_SysADL_Boundary_Execution_PassPresenceEX',
  'EX_ScenariosRobAFIS_Execution_PassMotorCommandEX',
  'EX_ScenariosRobAFIS_Execution_PassMissionParameterEX',
  'EX_ScenariosRobAFIS_Execution_PassNavColorEX',
  'EN_PieceType',
  'EN_MissionParameter',
  'EN_MotorCommand',
  'EN_Direction',
  'EN_NavColor',
  'DT_RobotCommands'
]
Found in module context: [class PT_SysADL_Ports_PresenceOPT extends SimplePort]
Final result for PT_SysADL_Ports_PresenceOPT: [class PT_SysADL_Ports_PresenceOPT extends SimplePort]
Resolved simple port class: [class PT_SysADL_Ports_PresenceOPT extends SimplePort]
PortClass type: function
PortClass constructor: [Function: Function]
Initializing participant presenceIPT with portClass PT_SysADL_Ports_PresenceIPT
Resolving port class: PT_SysADL_Ports_PresenceIPT
Module context available: true
Module context keys: [
  'PT_SysADL_Ports_ParameterIPT',
  'PT_SysADL_Ports_ParameterOPT',
  'PT_SysADL_Ports_PieceTypeIPT',
  'PT_SysADL_Ports_PieceTypeOPT',
  'PT_SysADL_Ports_PresenceIPT',
  'PT_SysADL_Ports_PresenceOPT',
  'PT_SysADL_Ports_CommandIPT',
  'PT_SysADL_Ports_CommandOPT',
  'PT_SysADL_Ports_DirectionIPT',
  'PT_SysADL_Ports_DirectionOPT',
  'PT_EnvPortsRobAFIS_OutPieceColor',
  'PT_EnvPortsRobAFIS_InPieceColor',
  'PT_EnvPortsRobAFIS_OutNavColor',
  'PT_EnvPortsRobAFIS_InNavColor',
  'PT_EnvPortsRobAFIS_OutPresence',
  'PT_EnvPortsRobAFIS_InPresence',
  'PT_EnvPortsRobAFIS_OutParameter',
  'PT_EnvPortsRobAFIS_InParameter',
  'PT_EnvPortsRobAFIS_OutMotorCommand',
  'PT_EnvPortsRobAFIS_InMotorCommand',
  'CN_SysADL_Connectors_ParameterCN',
  'CN_SysADL_Connectors_PieceTypeCN',
  'CN_SysADL_Connectors_PresenceCN',
  'CN_SysADL_Connectors_CommandCN',
  'CN_SysADL_Connectors_DirectionCN',
  'CN_EnvConnectorsRobAFIS_DetectPieceColorEnvCN',
  'CN_EnvConnectorsRobAFIS_DetectParameterEnvCN',
  'CN_EnvConnectorsRobAFIS_ReadParameterEnvCN',
  'CN_EnvConnectorsRobAFIS_ReadPieceColorEnvCN',
  'CN_EnvConnectorsRobAFIS_ReadPresenceEnvCN',
  'CN_EnvConnectorsRobAFIS_SendMotorCommandEnvCN',
  'CN_EnvConnectorsRobAFIS_SendEnvironmentalDirectionEnvCN',
  'CN_EnvConnectorsRobAFIS_SendPieceColorEnvCN',
  'CT_SysADL_Behavior_DecideCommandEQ',
  'CT_SysADL_Behavior_ExtractDirEQ',
  'CT_SysADL_Behavior_ExtractGrabEQ',
  'EX_SysADL_Execution_DecideCommandEX',
  'EX_SysADL_Execution_ExtractDirEX',
  'EX_SysADL_Execution_ExtractGrabEX',
  'EX_SysADL_Boundary_Execution_TranslateDirectionToColorEX',
  'EX_SysADL_Boundary_Execution_PassParameterEX',
  'EX_ScenariosRobAFIS_Execution_PassPieceTypeEX',
  'EX_SysADL_Boundary_Execution_PassPresenceEX',
  'EX_ScenariosRobAFIS_Execution_PassMotorCommandEX',
  'EX_ScenariosRobAFIS_Execution_PassMissionParameterEX',
  'EX_ScenariosRobAFIS_Execution_PassNavColorEX',
  'EN_PieceType',
  'EN_MissionParameter',
  'EN_MotorCommand',
  'EN_Direction',
  'EN_NavColor',
  'DT_RobotCommands'
]
Found in module context: [class PT_SysADL_Ports_PresenceIPT extends SimplePort]
Final result for PT_SysADL_Ports_PresenceIPT: [class PT_SysADL_Ports_PresenceIPT extends SimplePort]
Resolved simple port class: [class PT_SysADL_Ports_PresenceIPT extends SimplePort]
PortClass type: function
PortClass constructor: [Function: Function]
[BIND TO] tConn.presenceOPT bindTo -> bindingType=Object, hasReceive=true
[MODEL]     - Initializing connector: dirConn
[CONNECTOR setModel] dirConn: model=SysADLModel, _needsInitialization=true
[CONNECTOR setModel]   - participantSchema keys: [ 'directionOPT', 'directionIPT' ]
[CONNECTOR setModel]   - _moduleContext set with keys: [
  'PT_SysADL_Ports_ParameterIPT',
  'PT_SysADL_Ports_ParameterOPT',
  'PT_SysADL_Ports_PieceTypeIPT',
  'PT_SysADL_Ports_PieceTypeOPT',
  'PT_SysADL_Ports_PresenceIPT'
]
[CONNECTOR setModel]   - Calling initializeInternalParticipants()
Initializing participant directionOPT with portClass PT_SysADL_Ports_DirectionOPT
Resolving port class: PT_SysADL_Ports_DirectionOPT
Module context available: true
Module context keys: [
  'PT_SysADL_Ports_ParameterIPT',
  'PT_SysADL_Ports_ParameterOPT',
  'PT_SysADL_Ports_PieceTypeIPT',
  'PT_SysADL_Ports_PieceTypeOPT',
  'PT_SysADL_Ports_PresenceIPT',
  'PT_SysADL_Ports_PresenceOPT',
  'PT_SysADL_Ports_CommandIPT',
  'PT_SysADL_Ports_CommandOPT',
  'PT_SysADL_Ports_DirectionIPT',
  'PT_SysADL_Ports_DirectionOPT',
  'PT_EnvPortsRobAFIS_OutPieceColor',
  'PT_EnvPortsRobAFIS_InPieceColor',
  'PT_EnvPortsRobAFIS_OutNavColor',
  'PT_EnvPortsRobAFIS_InNavColor',
  'PT_EnvPortsRobAFIS_OutPresence',
  'PT_EnvPortsRobAFIS_InPresence',
  'PT_EnvPortsRobAFIS_OutParameter',
  'PT_EnvPortsRobAFIS_InParameter',
  'PT_EnvPortsRobAFIS_OutMotorCommand',
  'PT_EnvPortsRobAFIS_InMotorCommand',
  'CN_SysADL_Connectors_ParameterCN',
  'CN_SysADL_Connectors_PieceTypeCN',
  'CN_SysADL_Connectors_PresenceCN',
  'CN_SysADL_Connectors_CommandCN',
  'CN_SysADL_Connectors_DirectionCN',
  'CN_EnvConnectorsRobAFIS_DetectPieceColorEnvCN',
  'CN_EnvConnectorsRobAFIS_DetectParameterEnvCN',
  'CN_EnvConnectorsRobAFIS_ReadParameterEnvCN',
  'CN_EnvConnectorsRobAFIS_ReadPieceColorEnvCN',
  'CN_EnvConnectorsRobAFIS_ReadPresenceEnvCN',
  'CN_EnvConnectorsRobAFIS_SendMotorCommandEnvCN',
  'CN_EnvConnectorsRobAFIS_SendEnvironmentalDirectionEnvCN',
  'CN_EnvConnectorsRobAFIS_SendPieceColorEnvCN',
  'CT_SysADL_Behavior_DecideCommandEQ',
  'CT_SysADL_Behavior_ExtractDirEQ',
  'CT_SysADL_Behavior_ExtractGrabEQ',
  'EX_SysADL_Execution_DecideCommandEX',
  'EX_SysADL_Execution_ExtractDirEX',
  'EX_SysADL_Execution_ExtractGrabEX',
  'EX_SysADL_Boundary_Execution_TranslateDirectionToColorEX',
  'EX_SysADL_Boundary_Execution_PassParameterEX',
  'EX_ScenariosRobAFIS_Execution_PassPieceTypeEX',
  'EX_SysADL_Boundary_Execution_PassPresenceEX',
  'EX_ScenariosRobAFIS_Execution_PassMotorCommandEX',
  'EX_ScenariosRobAFIS_Execution_PassMissionParameterEX',
  'EX_ScenariosRobAFIS_Execution_PassNavColorEX',
  'EN_PieceType',
  'EN_MissionParameter',
  'EN_MotorCommand',
  'EN_Direction',
  'EN_NavColor',
  'DT_RobotCommands'
]
Found in module context: [class PT_SysADL_Ports_DirectionOPT extends SimplePort]
Final result for PT_SysADL_Ports_DirectionOPT: [class PT_SysADL_Ports_DirectionOPT extends SimplePort]
Resolved simple port class: [class PT_SysADL_Ports_DirectionOPT extends SimplePort]
PortClass type: function
PortClass constructor: [Function: Function]
Initializing participant directionIPT with portClass PT_SysADL_Ports_DirectionIPT
Resolving port class: PT_SysADL_Ports_DirectionIPT
Module context available: true
Module context keys: [
  'PT_SysADL_Ports_ParameterIPT',
  'PT_SysADL_Ports_ParameterOPT',
  'PT_SysADL_Ports_PieceTypeIPT',
  'PT_SysADL_Ports_PieceTypeOPT',
  'PT_SysADL_Ports_PresenceIPT',
  'PT_SysADL_Ports_PresenceOPT',
  'PT_SysADL_Ports_CommandIPT',
  'PT_SysADL_Ports_CommandOPT',
  'PT_SysADL_Ports_DirectionIPT',
  'PT_SysADL_Ports_DirectionOPT',
  'PT_EnvPortsRobAFIS_OutPieceColor',
  'PT_EnvPortsRobAFIS_InPieceColor',
  'PT_EnvPortsRobAFIS_OutNavColor',
  'PT_EnvPortsRobAFIS_InNavColor',
  'PT_EnvPortsRobAFIS_OutPresence',
  'PT_EnvPortsRobAFIS_InPresence',
  'PT_EnvPortsRobAFIS_OutParameter',
  'PT_EnvPortsRobAFIS_InParameter',
  'PT_EnvPortsRobAFIS_OutMotorCommand',
  'PT_EnvPortsRobAFIS_InMotorCommand',
  'CN_SysADL_Connectors_ParameterCN',
  'CN_SysADL_Connectors_PieceTypeCN',
  'CN_SysADL_Connectors_PresenceCN',
  'CN_SysADL_Connectors_CommandCN',
  'CN_SysADL_Connectors_DirectionCN',
  'CN_EnvConnectorsRobAFIS_DetectPieceColorEnvCN',
  'CN_EnvConnectorsRobAFIS_DetectParameterEnvCN',
  'CN_EnvConnectorsRobAFIS_ReadParameterEnvCN',
  'CN_EnvConnectorsRobAFIS_ReadPieceColorEnvCN',
  'CN_EnvConnectorsRobAFIS_ReadPresenceEnvCN',
  'CN_EnvConnectorsRobAFIS_SendMotorCommandEnvCN',
  'CN_EnvConnectorsRobAFIS_SendEnvironmentalDirectionEnvCN',
  'CN_EnvConnectorsRobAFIS_SendPieceColorEnvCN',
  'CT_SysADL_Behavior_DecideCommandEQ',
  'CT_SysADL_Behavior_ExtractDirEQ',
  'CT_SysADL_Behavior_ExtractGrabEQ',
  'EX_SysADL_Execution_DecideCommandEX',
  'EX_SysADL_Execution_ExtractDirEX',
  'EX_SysADL_Execution_ExtractGrabEX',
  'EX_SysADL_Boundary_Execution_TranslateDirectionToColorEX',
  'EX_SysADL_Boundary_Execution_PassParameterEX',
  'EX_ScenariosRobAFIS_Execution_PassPieceTypeEX',
  'EX_SysADL_Boundary_Execution_PassPresenceEX',
  'EX_ScenariosRobAFIS_Execution_PassMotorCommandEX',
  'EX_ScenariosRobAFIS_Execution_PassMissionParameterEX',
  'EX_ScenariosRobAFIS_Execution_PassNavColorEX',
  'EN_PieceType',
  'EN_MissionParameter',
  'EN_MotorCommand',
  'EN_Direction',
  'EN_NavColor',
  'DT_RobotCommands'
]
Found in module context: [class PT_SysADL_Ports_DirectionIPT extends SimplePort]
Final result for PT_SysADL_Ports_DirectionIPT: [class PT_SysADL_Ports_DirectionIPT extends SimplePort]
Resolved simple port class: [class PT_SysADL_Ports_DirectionIPT extends SimplePort]
PortClass type: function
PortClass constructor: [Function: Function]
[BIND TO] dirConn.directionOPT bindTo -> bindingType=Object, hasReceive=true
[MODEL]     - Initializing connector: grabConn
[CONNECTOR setModel] grabConn: model=SysADLModel, _needsInitialization=true
[CONNECTOR setModel]   - participantSchema keys: [ 'commandOPT', 'commandIPT' ]
[CONNECTOR setModel]   - _moduleContext set with keys: [
  'PT_SysADL_Ports_ParameterIPT',
  'PT_SysADL_Ports_ParameterOPT',
  'PT_SysADL_Ports_PieceTypeIPT',
  'PT_SysADL_Ports_PieceTypeOPT',
  'PT_SysADL_Ports_PresenceIPT'
]
[CONNECTOR setModel]   - Calling initializeInternalParticipants()
Initializing participant commandOPT with portClass PT_SysADL_Ports_CommandOPT
Resolving port class: PT_SysADL_Ports_CommandOPT
Module context available: true
Module context keys: [
  'PT_SysADL_Ports_ParameterIPT',
  'PT_SysADL_Ports_ParameterOPT',
  'PT_SysADL_Ports_PieceTypeIPT',
  'PT_SysADL_Ports_PieceTypeOPT',
  'PT_SysADL_Ports_PresenceIPT',
  'PT_SysADL_Ports_PresenceOPT',
  'PT_SysADL_Ports_CommandIPT',
  'PT_SysADL_Ports_CommandOPT',
  'PT_SysADL_Ports_DirectionIPT',
  'PT_SysADL_Ports_DirectionOPT',
  'PT_EnvPortsRobAFIS_OutPieceColor',
  'PT_EnvPortsRobAFIS_InPieceColor',
  'PT_EnvPortsRobAFIS_OutNavColor',
  'PT_EnvPortsRobAFIS_InNavColor',
  'PT_EnvPortsRobAFIS_OutPresence',
  'PT_EnvPortsRobAFIS_InPresence',
  'PT_EnvPortsRobAFIS_OutParameter',
  'PT_EnvPortsRobAFIS_InParameter',
  'PT_EnvPortsRobAFIS_OutMotorCommand',
  'PT_EnvPortsRobAFIS_InMotorCommand',
  'CN_SysADL_Connectors_ParameterCN',
  'CN_SysADL_Connectors_PieceTypeCN',
  'CN_SysADL_Connectors_PresenceCN',
  'CN_SysADL_Connectors_CommandCN',
  'CN_SysADL_Connectors_DirectionCN',
  'CN_EnvConnectorsRobAFIS_DetectPieceColorEnvCN',
  'CN_EnvConnectorsRobAFIS_DetectParameterEnvCN',
  'CN_EnvConnectorsRobAFIS_ReadParameterEnvCN',
  'CN_EnvConnectorsRobAFIS_ReadPieceColorEnvCN',
  'CN_EnvConnectorsRobAFIS_ReadPresenceEnvCN',
  'CN_EnvConnectorsRobAFIS_SendMotorCommandEnvCN',
  'CN_EnvConnectorsRobAFIS_SendEnvironmentalDirectionEnvCN',
  'CN_EnvConnectorsRobAFIS_SendPieceColorEnvCN',
  'CT_SysADL_Behavior_DecideCommandEQ',
  'CT_SysADL_Behavior_ExtractDirEQ',
  'CT_SysADL_Behavior_ExtractGrabEQ',
  'EX_SysADL_Execution_DecideCommandEX',
  'EX_SysADL_Execution_ExtractDirEX',
  'EX_SysADL_Execution_ExtractGrabEX',
  'EX_SysADL_Boundary_Execution_TranslateDirectionToColorEX',
  'EX_SysADL_Boundary_Execution_PassParameterEX',
  'EX_ScenariosRobAFIS_Execution_PassPieceTypeEX',
  'EX_SysADL_Boundary_Execution_PassPresenceEX',
  'EX_ScenariosRobAFIS_Execution_PassMotorCommandEX',
  'EX_ScenariosRobAFIS_Execution_PassMissionParameterEX',
  'EX_ScenariosRobAFIS_Execution_PassNavColorEX',
  'EN_PieceType',
  'EN_MissionParameter',
  'EN_MotorCommand',
  'EN_Direction',
  'EN_NavColor',
  'DT_RobotCommands'
]
Found in module context: [class PT_SysADL_Ports_CommandOPT extends SimplePort]
Final result for PT_SysADL_Ports_CommandOPT: [class PT_SysADL_Ports_CommandOPT extends SimplePort]
Resolved simple port class: [class PT_SysADL_Ports_CommandOPT extends SimplePort]
PortClass type: function
PortClass constructor: [Function: Function]
Initializing participant commandIPT with portClass PT_SysADL_Ports_CommandIPT
Resolving port class: PT_SysADL_Ports_CommandIPT
Module context available: true
Module context keys: [
  'PT_SysADL_Ports_ParameterIPT',
  'PT_SysADL_Ports_ParameterOPT',
  'PT_SysADL_Ports_PieceTypeIPT',
  'PT_SysADL_Ports_PieceTypeOPT',
  'PT_SysADL_Ports_PresenceIPT',
  'PT_SysADL_Ports_PresenceOPT',
  'PT_SysADL_Ports_CommandIPT',
  'PT_SysADL_Ports_CommandOPT',
  'PT_SysADL_Ports_DirectionIPT',
  'PT_SysADL_Ports_DirectionOPT',
  'PT_EnvPortsRobAFIS_OutPieceColor',
  'PT_EnvPortsRobAFIS_InPieceColor',
  'PT_EnvPortsRobAFIS_OutNavColor',
  'PT_EnvPortsRobAFIS_InNavColor',
  'PT_EnvPortsRobAFIS_OutPresence',
  'PT_EnvPortsRobAFIS_InPresence',
  'PT_EnvPortsRobAFIS_OutParameter',
  'PT_EnvPortsRobAFIS_InParameter',
  'PT_EnvPortsRobAFIS_OutMotorCommand',
  'PT_EnvPortsRobAFIS_InMotorCommand',
  'CN_SysADL_Connectors_ParameterCN',
  'CN_SysADL_Connectors_PieceTypeCN',
  'CN_SysADL_Connectors_PresenceCN',
  'CN_SysADL_Connectors_CommandCN',
  'CN_SysADL_Connectors_DirectionCN',
  'CN_EnvConnectorsRobAFIS_DetectPieceColorEnvCN',
  'CN_EnvConnectorsRobAFIS_DetectParameterEnvCN',
  'CN_EnvConnectorsRobAFIS_ReadParameterEnvCN',
  'CN_EnvConnectorsRobAFIS_ReadPieceColorEnvCN',
  'CN_EnvConnectorsRobAFIS_ReadPresenceEnvCN',
  'CN_EnvConnectorsRobAFIS_SendMotorCommandEnvCN',
  'CN_EnvConnectorsRobAFIS_SendEnvironmentalDirectionEnvCN',
  'CN_EnvConnectorsRobAFIS_SendPieceColorEnvCN',
  'CT_SysADL_Behavior_DecideCommandEQ',
  'CT_SysADL_Behavior_ExtractDirEQ',
  'CT_SysADL_Behavior_ExtractGrabEQ',
  'EX_SysADL_Execution_DecideCommandEX',
  'EX_SysADL_Execution_ExtractDirEX',
  'EX_SysADL_Execution_ExtractGrabEX',
  'EX_SysADL_Boundary_Execution_TranslateDirectionToColorEX',
  'EX_SysADL_Boundary_Execution_PassParameterEX',
  'EX_ScenariosRobAFIS_Execution_PassPieceTypeEX',
  'EX_SysADL_Boundary_Execution_PassPresenceEX',
  'EX_ScenariosRobAFIS_Execution_PassMotorCommandEX',
  'EX_ScenariosRobAFIS_Execution_PassMissionParameterEX',
  'EX_ScenariosRobAFIS_Execution_PassNavColorEX',
  'EN_PieceType',
  'EN_MissionParameter',
  'EN_MotorCommand',
  'EN_Direction',
  'EN_NavColor',
  'DT_RobotCommands'
]
Found in module context: [class PT_SysADL_Ports_CommandIPT extends SimplePort]
Final result for PT_SysADL_Ports_CommandIPT: [class PT_SysADL_Ports_CommandIPT extends SimplePort]
Resolved simple port class: [class PT_SysADL_Ports_CommandIPT extends SimplePort]
PortClass type: function
PortClass constructor: [Function: Function]
[BIND TO] grabConn.commandOPT bindTo -> bindingType=Object, hasReceive=true
[MODEL]   - Checking component: colorSens
[MODEL]   - Checking component: controller
[MODEL]   - Checking component: drive
[MODEL]   - Checking component: grabber
[MODEL]   - Checking component: pInput
[MODEL]   - Checking component: speSens
[MODEL]   - Checking component: tSens
🔧 Instantiating environment hierarchy, connectors and bridges...
🔌  Instantiated connector tPresenceC of type ReadPresenceEnvCN (transElevator.outPresence -> unit_tSens.inPresence)
🔌  Instantiated connector colorC of type ReadPieceColorEnvCN (transElevator.outPieceColor -> unit_colorSens.inColor)
🔌  Instantiated connector grabC of type SendMotorCommandEnvCN (unit_grabber.outCommand -> transElevator.inCommand)
🔌  Instantiated connector spePresenceC of type ReadPresenceEnvCN (entryStock.outPresence -> unit_speSens.inPresence)
🔌  Instantiated connector zoneC of type ReadPresenceEnvCN (machineZone.outPresence -> unit_zoneSens.inPresence)
🔌  Instantiated connector navLineC of type SendEnvironmentalDirectionEnvCN (unit_driveSys.outColor -> navLine.inColor)
🔌  Instantiated connector navPadC of type SendEnvironmentalDirectionEnvCN (unit_driveSys.outColor -> navPad.inColor)
🔌  Instantiated connector paColorC of type SendEnvironmentalDirectionEnvCN (unit_driveSys.outColor -> standbyPos.inColor)
🔌  Instantiated connector dropSA_CommandC of type SendMotorCommandEnvCN (unit_grabber.outCommand -> arrivalStock.inDropCommand)
🔌  Instantiated connector dropSPD_CommandC of type SendMotorCommandEnvCN (unit_grabber.outCommand -> departureStock.inDropCommand)
🔌  Instantiated connector dropSA_PieceC of type SendPieceColorEnvCN (unit_grabber.outPieceColor -> arrivalStock.inPieceColor)
🔌  Instantiated connector dropSPD_PieceC of type SendPieceColorEnvCN (unit_grabber.outPieceColor -> departureStock.inPieceColor)
🔌  Instantiated connector tPresenceC of type ReadPresenceEnvCN (transElevator.outPresence -> unit_tSens.inPresence)
🔌  Instantiated connector colorC of type ReadPieceColorEnvCN (transElevator.outPieceColor -> unit_colorSens.inColor)
🔌  Instantiated connector grabC of type SendMotorCommandEnvCN (unit_grabber.outCommand -> transElevator.inCommand)
🔌  Instantiated connector spePresenceC of type ReadPresenceEnvCN (entryStock.outPresence -> unit_speSens.inPresence)
🔌  Instantiated connector zoneC of type ReadPresenceEnvCN (machineZone.outPresence -> unit_zoneSens.inPresence)
🔌  Instantiated connector navLineC of type SendEnvironmentalDirectionEnvCN (unit_driveSys.outColor -> navLine.inColor)
🔌  Instantiated connector navPadC of type SendEnvironmentalDirectionEnvCN (unit_driveSys.outColor -> navPad.inColor)
🔌  Instantiated connector paColorC of type SendEnvironmentalDirectionEnvCN (unit_driveSys.outColor -> standbyPos.inColor)
🔌  Instantiated connector dropSA_CommandC of type SendMotorCommandEnvCN (unit_grabber.outCommand -> arrivalStock.inDropCommand)
🔌  Instantiated connector dropSPD_CommandC of type SendMotorCommandEnvCN (unit_grabber.outCommand -> departureStock.inDropCommand)
🔌  Instantiated connector dropSA_PieceC of type SendPieceColorEnvCN (unit_grabber.outPieceColor -> arrivalStock.inPieceColor)
🔌  Instantiated connector dropSPD_PieceC of type SendPieceColorEnvCN (unit_grabber.outPieceColor -> departureStock.inPieceColor)
🔌  Instantiated connector unit1ToUnit2TransferC of type DetectPieceColorEnvCN (unit1.outUnitTransferToSPE -> unit2.inUnitTransferFromSPD)
🔌  Instantiated connector unit2ToUnit1TransferC of type DetectPieceColorEnvCN (unit2.outUnitTransferToSPE -> unit1.inUnitTransferFromSPD)
🔌  Instantiated connector param1C of type ReadParameterEnvCN (operator1.outParam -> r1_pInput.inParam)
🔌  Instantiated connector param2C of type ReadParameterEnvCN (operator2.outParam -> r2_pInput.inParam)
🔌  Instantiated connector unit1MissionC of type DetectParameterEnvCN (operator1.outParam -> unit1.inOpParam)
🔌  Instantiated connector unit2MissionC of type DetectParameterEnvCN (operator2.outParam -> unit2.inOpParam)
[Boundary Extension] Applying SysADL.Components.ColorSensorCP to system component colorSens (CP_SysADL_Components_ColorSensorCP)
[Boundary Extension] Applying SysADL.Components.PresenceSensorCP to system component tSens (CP_SysADL_Components_PresenceSensorCP)
[Boundary Extension] Applying SysADL.Components.PresenceSensorCP to system component speSens (CP_SysADL_Components_PresenceSensorCP)
[Boundary Extension] Applying SysADL.Components.PresenceSensorCP to system component speSens (CP_SysADL_Components_PresenceSensorCP)
[Boundary Extension] Applying SysADL.Components.GrabberCP to system component grabber (CP_SysADL_Components_GrabberCP)
[Boundary Extension] Applying SysADL.Components.DriveSystemCP to system component drive (CP_SysADL_Components_DriveSystemCP)
[Boundary Extension] Applying SysADL.Components.ColorSensorCP to system component colorSens (CP_SysADL_Components_ColorSensorCP)
[Boundary Extension] Applying SysADL.Components.PresenceSensorCP to system component tSens (CP_SysADL_Components_PresenceSensorCP)
[Boundary Extension] Applying SysADL.Components.PresenceSensorCP to system component speSens (CP_SysADL_Components_PresenceSensorCP)
[Boundary Extension] Applying SysADL.Components.PresenceSensorCP to system component speSens (CP_SysADL_Components_PresenceSensorCP)
[Boundary Extension] Applying SysADL.Components.GrabberCP to system component grabber (CP_SysADL_Components_GrabberCP)
[Boundary Extension] Applying SysADL.Components.DriveSystemCP to system component drive (CP_SysADL_Components_DriveSystemCP)
[Boundary Extension] Applying SysADL.Components.ParameterInputCP to system component pInput (CP_SysADL_Components_ParameterInputCP)
[Boundary Extension] Applying SysADL.Components.ParameterInputCP to system component pInput (CP_SysADL_Components_ParameterInputCP)
[Simulator] Scanning executeAsync for target scenarios...
[Simulator] Eagerly registering target scenario: Scenario_ObstacleHandling_Unit1
[SET] ctx.activeScenarios =  (activeAction: )
🎬 [SCENARIO] Registered passive observer for scenario: Scenario_ObstacleHandling_Unit1
[Simulator] Eagerly registering target scenario: Scenario_ObstacleHandling_Unit2
[SET] ctx.activeScenarios = [object Object] (activeAction: )
🎬 [SCENARIO] Registered passive observer for scenario: Scenario_ObstacleHandling_Unit2
[Simulator] Eagerly registering target scenario: Scenario_PriorityResolution_Unit1
[SET] ctx.activeScenarios = [object Object],[object Object] (activeAction: )
🎬 [SCENARIO] Registered passive observer for scenario: Scenario_PriorityResolution_Unit1
[Simulator] Eagerly registering target scenario: Scenario_PriorityResolution_Unit2
[SET] ctx.activeScenarios = [object Object],[object Object],[object Object] (activeAction: )
🎬 [SCENARIO] Registered passive observer for scenario: Scenario_PriorityResolution_Unit2
[Simulator] Eagerly registering target scenario: Scenario_RoutingLogic_P0_Unit1
[SET] ctx.activeScenarios = [object Object],[object Object],[object Object],[object Object] (activeAction: )
🎬 [SCENARIO] Registered passive observer for scenario: Scenario_RoutingLogic_P0_Unit1
[Simulator] Eagerly registering target scenario: Scenario_RoutingLogic_P0_Unit2
[SET] ctx.activeScenarios = [object Object],[object Object],[object Object],[object Object],[object Object] (activeAction: )
🎬 [SCENARIO] Registered passive observer for scenario: Scenario_RoutingLogic_P0_Unit2
[Simulator] Eagerly registering target scenario: Scenario_EndMission_Unit1
[SET] ctx.activeScenarios = [object Object],[object Object],[object Object],[object Object],[object Object],[object Object] (activeAction: )
🎬 [SCENARIO] Registered passive observer for scenario: Scenario_EndMission_Unit1
[Simulator] Eagerly registering target scenario: Scenario_EndMission_Unit2
[SET] ctx.activeScenarios = [object Object],[object Object],[object Object],[object Object],[object Object],[object Object],[object Object] (activeAction: )
🎬 [SCENARIO] Registered passive observer for scenario: Scenario_EndMission_Unit2
DEBUG: EnvConnector.activate called for tPresenceC
DEBUG: EnvConnector tPresenceC resolved ports: source=outPresence, target=inPresence
DEBUG: EnvConnector tPresenceC transferring value: true
[CONNECT] 00:00.017 envconnector.activated: tPresenceC
DEBUG: SimulationLogger not available or disabled on EnvConnector model
🔗 EnvConnector tPresenceC activated: undefined.undefined → undefined.undefined
[CHANGE] 00:00.017 envport.value.changed: outPresence
[CHANGE] 00:00.017 envport.value.changed: outPresence
[CHANGE] 00:00.018 envport.value.changed: outUnitPieceColor
DEBUG: EnvConnector.activate called for colorC
DEBUG: EnvConnector colorC resolved ports: source=outPieceColor, target=inColor
DEBUG: EnvConnector colorC transferring value: P1
[CONNECT] 00:00.018 envconnector.activated: colorC
DEBUG: SimulationLogger not available or disabled on EnvConnector model
🔗 EnvConnector colorC activated: undefined.undefined → undefined.undefined
[CHANGE] 00:00.018 envport.value.changed: outPieceColor
[CHANGE] 00:00.018 envport.value.changed: outColor
[CHANGE] 00:00.018 envport.value.changed: outPresence
[CHANGE] 00:00.018 envport.value.changed: outUnitPieceColor
DEBUG: EnvConnector.activate called for colorC
DEBUG: EnvConnector colorC resolved ports: source=outPieceColor, target=inColor
DEBUG: EnvConnector colorC transferring value: P1
[CONNECT] 00:00.018 envconnector.activated: colorC
DEBUG: SimulationLogger not available or disabled on EnvConnector model
🔗 EnvConnector colorC activated: undefined.undefined → undefined.undefined
[CHANGE] 00:00.018 envport.value.changed: outPieceColor
[CHANGE] 00:00.018 envport.value.changed: outColor
[CHANGE] 00:00.018 envport.value.changed: outPresence
[CHANGE] 00:00.019 envport.value.changed: outUnitPieceColor
DEBUG: EnvConnector.activate called for colorC
DEBUG: EnvConnector colorC resolved ports: source=outPieceColor, target=inColor
DEBUG: EnvConnector colorC transferring value: P1
[CONNECT] 00:00.019 envconnector.activated: colorC
DEBUG: SimulationLogger not available or disabled on EnvConnector model
🔗 EnvConnector colorC activated: undefined.undefined → undefined.undefined
[CHANGE] 00:00.019 envport.value.changed: outPieceColor
[CHANGE] 00:00.019 envport.value.changed: outColor
DEBUG: EnvConnector.activate called for spePresenceC
DEBUG: EnvConnector spePresenceC resolved ports: source=outPresence, target=inPresence
DEBUG: EnvConnector spePresenceC transferring value: true
[CONNECT] 00:00.019 envconnector.activated: spePresenceC
DEBUG: SimulationLogger not available or disabled on EnvConnector model
🔗 EnvConnector spePresenceC activated: undefined.undefined → undefined.undefined
[CHANGE] 00:00.019 envport.value.changed: outPresence
[CHANGE] 00:00.019 envport.value.changed: outPresence
[CHANGE] 00:00.019 envport.value.changed: outPieceColor
[CHANGE] 00:00.019 envport.value.changed: outColor
DEBUG: EnvConnector.activate called for tPresenceC
DEBUG: EnvConnector tPresenceC resolved ports: source=outPresence, target=inPresence
DEBUG: EnvConnector tPresenceC transferring value: true
[CONNECT] 00:00.019 envconnector.activated: tPresenceC
DEBUG: SimulationLogger not available or disabled on EnvConnector model
🔗 EnvConnector tPresenceC activated: undefined.undefined → undefined.undefined
[CHANGE] 00:00.019 envport.value.changed: outPresence
[CHANGE] 00:00.019 envport.value.changed: outPresence
[CHANGE] 00:00.019 envport.value.changed: outUnitPieceColor
DEBUG: EnvConnector.activate called for colorC
DEBUG: EnvConnector colorC resolved ports: source=outPieceColor, target=inColor
DEBUG: EnvConnector colorC transferring value: P1
[CONNECT] 00:00.019 envconnector.activated: colorC
DEBUG: SimulationLogger not available or disabled on EnvConnector model
🔗 EnvConnector colorC activated: undefined.undefined → undefined.undefined
[CHANGE] 00:00.019 envport.value.changed: outPieceColor
[CHANGE] 00:00.019 envport.value.changed: outColor
[CHANGE] 00:00.020 envport.value.changed: outPresence
[CHANGE] 00:00.020 envport.value.changed: outUnitPieceColor
DEBUG: EnvConnector.activate called for colorC
DEBUG: EnvConnector colorC resolved ports: source=outPieceColor, target=inColor
DEBUG: EnvConnector colorC transferring value: P1
[CONNECT] 00:00.020 envconnector.activated: colorC
DEBUG: SimulationLogger not available or disabled on EnvConnector model
🔗 EnvConnector colorC activated: undefined.undefined → undefined.undefined
[CHANGE] 00:00.021 envport.value.changed: outPieceColor
[CHANGE] 00:00.021 envport.value.changed: outColor
DEBUG: EnvConnector.activate called for spePresenceC
DEBUG: EnvConnector spePresenceC resolved ports: source=outPresence, target=inPresence
DEBUG: EnvConnector spePresenceC transferring value: true
[CONNECT] 00:00.021 envconnector.activated: spePresenceC
DEBUG: SimulationLogger not available or disabled on EnvConnector model
🔗 EnvConnector spePresenceC activated: undefined.undefined → undefined.undefined
[CHANGE] 00:00.021 envport.value.changed: outPresence
[CHANGE] 00:00.021 envport.value.changed: outPresence
[CHANGE] 00:00.021 envport.value.changed: outPieceColor
[CHANGE] 00:00.021 envport.value.changed: outColor
⏱️  [SCHEDULER] Scheduled injection: ObstacleDetectedSig in 45ms
⏱️  [SCHEDULER] Scheduled injection: ObstacleRemovedSig in 50ms
📡 [SIGNAL] Handling signal: 'StartSimulationSig' from global

[ERROR] Simulation failed: Maximum call stack size exceeded
RangeError: Maximum call stack size exceeded
    at Function.keys (<anonymous>)
    at traverse (/Users/tales/desenv/SysAdlWebStudio/tales/v0.6/SysADLSimulator.js:462:30)
    at traverse (/Users/tales/desenv/SysAdlWebStudio/tales/v0.6/SysADLSimulator.js:467:11)
    at traverse (/Users/tales/desenv/SysAdlWebStudio/tales/v0.6/SysADLSimulator.js:467:11)
    at traverse (/Users/tales/desenv/SysAdlWebStudio/tales/v0.6/SysADLSimulator.js:467:11)
    at traverse (/Users/tales/desenv/SysAdlWebStudio/tales/v0.6/SysADLSimulator.js:467:11)
    at traverse (/Users/tales/desenv/SysAdlWebStudio/tales/v0.6/SysADLSimulator.js:467:11)
    at traverse (/Users/tales/desenv/SysAdlWebStudio/tales/v0.6/SysADLSimulator.js:467:11)
    at traverse (/Users/tales/desenv/SysAdlWebStudio/tales/v0.6/SysADLSimulator.js:467:11)
    at traverse (/Users/tales/desenv/SysAdlWebStudio/tales/v0.6/SysADLSimulator.js:467:11)
