🚀 SysADL Integrated CLI Simulator
==================================================

📦 Loading environment scenario module...
[INFO] 00:00.001 session_start: ExecutionLogger
[START] ExecutionLogger initialized for model: SysADLModel
   Session ID: SysADLModel-1781269795906-qjwrzl
   Log level: detailed
📦 Batch processing started (interval: 100ms, batch size: 10)
⚡ EventInjector initialized - ready for event injection
SceneExecutor initialized - ready for scene execution
ReactiveStateManager initialized - ready for reactive state tracking
DependencyTracker initialized - ready to analyze SysADL expressions
ReactiveConditionWatcher initialized - event-driven condition monitoring ready
ScenarioExecutor initialized with reactive integration
ExecutionController initialized - master orchestration ready
🎬 Model initialized with Phase 4-6 components: SysADLModel
[ACTIVITY CONSTRUCTOR] name=RobAFISControllerAC, component=RobAFISSystemCFD.controller
[ACTIVITY CONSTRUCTOR]   - delegates param: [{"from":"pIn","to":"pIn"},{"from":"colorIn","to":"colorIn"},{"from":"spePresenceIn","to":"speIn"},{"from":"tPresenceIn","to":"tIn"},{"from":"grabOut","to":"ExtractGrabAN"},{"from":"dirOut","to":"ExtractDirAN"}]
[ACTIVITY CONSTRUCTOR]   - opts: {"outParameters":[{"name":"dirOut","type":"Direction","direction":"out"},{"name":"grabOut","type":"MotorCommand","direction":"out"}],"inParameters":[{"name":"pIn","type":"MissionParameter","direction":"in"},{"name":"colorIn","type":"PieceType","direction":"in"},{"name":"spePresenceIn","type":"Boolean","direction":"in"},{"name":"tPresenceIn","type":"Boolean","direction":"in"}]}
[ACTIVITY CONSTRUCTOR]   - fullOpts.delegates: [{"from":"pIn","to":"pIn"},{"from":"colorIn","to":"colorIn"},{"from":"spePresenceIn","to":"speIn"},{"from":"tPresenceIn","to":"tIn"},{"from":"grabOut","to":"ExtractGrabAN"},{"from":"dirOut","to":"ExtractDirAN"}]
[INIT PINS] Activity: RobAFISControllerAC
[INIT PINS]   - inParameters: [
  { name: 'pIn', type: 'MissionParameter', direction: 'in' },
  { name: 'colorIn', type: 'PieceType', direction: 'in' },
  { name: 'spePresenceIn', type: 'Boolean', direction: 'in' },
  { name: 'tPresenceIn', type: 'Boolean', direction: 'in' }
]
[INIT PINS]   - delegates: [
  { from: 'pIn', to: 'pIn' },
  { from: 'colorIn', to: 'colorIn' },
  { from: 'spePresenceIn', to: 'speIn' },
  { from: 'tPresenceIn', to: 'tIn' },
  { from: 'grabOut', to: 'ExtractGrabAN' },
  { from: 'dirOut', to: 'ExtractDirAN' }
]
[INIT PINS]   - delegates JSON: [{"from":"pIn","to":"pIn"},{"from":"colorIn","to":"colorIn"},{"from":"spePresenceIn","to":"speIn"},{"from":"tPresenceIn","to":"tIn"},{"from":"grabOut","to":"ExtractGrabAN"},{"from":"dirOut","to":"ExtractDirAN"}]
[INIT PINS]     - Mapped port 'pIn' to pin 'pIn'
[INIT PINS]     - Mapped port 'colorIn' to pin 'colorIn'
[INIT PINS]     - Mapped port 'speIn' to pin 'spePresenceIn'
[INIT PINS]     - Mapped port 'tIn' to pin 'tPresenceIn'
[INIT PINS]     - Mapped port 'ExtractGrabAN' to pin 'grabOut'
[INIT PINS]     - Mapped port 'ExtractDirAN' to pin 'dirOut'
[INIT PINS]   - Final portToPinMapping: {
  pIn: 'pIn',
  colorIn: 'colorIn',
  spePresenceIn: 'spePresenceIn',
  tPresenceIn: 'tPresenceIn',
  dirOut: 'dirOut',
  grabOut: 'grabOut',
  speIn: 'spePresenceIn',
  tIn: 'tPresenceIn',
  ExtractGrabAN: 'grabOut',
  ExtractDirAN: 'dirOut'
}
[ACTIVITY CONSTRUCTOR] name=ParameterInputAC, component=RobAFISSystemCFD.pInput
[ACTIVITY CONSTRUCTOR]   - delegates param: [{"from":"inParam","to":"inParam"},{"from":"pOut","to":"passParam"}]
[ACTIVITY CONSTRUCTOR]   - opts: {"outParameters":[{"name":"pOut","type":"MissionParameter","direction":"out"}],"inParameters":[{"name":"Param","type":"MissionParameter","direction":"in"}]}
[ACTIVITY CONSTRUCTOR]   - fullOpts.delegates: [{"from":"inParam","to":"inParam"},{"from":"pOut","to":"passParam"}]
[INIT PINS] Activity: ParameterInputAC
[INIT PINS]   - inParameters: [ { name: 'Param', type: 'MissionParameter', direction: 'in' } ]
[INIT PINS]   - delegates: [
  { from: 'inParam', to: 'inParam' },
  { from: 'pOut', to: 'passParam' }
]
[INIT PINS]   - delegates JSON: [{"from":"inParam","to":"inParam"},{"from":"pOut","to":"passParam"}]
[INIT PINS]     - Mapped port 'passParam' to pin 'pOut'
[INIT PINS]   - Final portToPinMapping: { Param: 'Param', pOut: 'pOut', passParam: 'pOut' }
[ACTIVITY CONSTRUCTOR] name=ColorSensorAC, component=RobAFISSystemCFD.colorSens
[ACTIVITY CONSTRUCTOR]   - delegates param: [{"from":"inColor","to":"inColor"},{"from":"colorOut","to":"passColor"}]
[ACTIVITY CONSTRUCTOR]   - opts: {"outParameters":[{"name":"colorOut","type":"PieceType","direction":"out"}],"inParameters":[{"name":"Color","type":"PieceType","direction":"in"}]}
[ACTIVITY CONSTRUCTOR]   - fullOpts.delegates: [{"from":"inColor","to":"inColor"},{"from":"colorOut","to":"passColor"}]
[INIT PINS] Activity: ColorSensorAC
[INIT PINS]   - inParameters: [ { name: 'Color', type: 'PieceType', direction: 'in' } ]
[INIT PINS]   - delegates: [
  { from: 'inColor', to: 'inColor' },
  { from: 'colorOut', to: 'passColor' }
]
[INIT PINS]   - delegates JSON: [{"from":"inColor","to":"inColor"},{"from":"colorOut","to":"passColor"}]
[INIT PINS]     - Mapped port 'passColor' to pin 'colorOut'
[INIT PINS]   - Final portToPinMapping: { Color: 'Color', colorOut: 'colorOut', passColor: 'colorOut' }
[ACTIVITY CONSTRUCTOR] name=PresenceSensorAC, component=RobAFISSystemCFD.speSens
[ACTIVITY CONSTRUCTOR]   - delegates param: [{"from":"inPresence","to":"inPresence"},{"from":"presenceOut","to":"passPresence"}]
[ACTIVITY CONSTRUCTOR]   - opts: {"outParameters":[{"name":"presenceOut","type":"Boolean","direction":"out"}],"inParameters":[{"name":"Presence","type":"Boolean","direction":"in"}]}
[ACTIVITY CONSTRUCTOR]   - fullOpts.delegates: [{"from":"inPresence","to":"inPresence"},{"from":"presenceOut","to":"passPresence"}]
[INIT PINS] Activity: PresenceSensorAC
[INIT PINS]   - inParameters: [ { name: 'Presence', type: 'Boolean', direction: 'in' } ]
[INIT PINS]   - delegates: [
  { from: 'inPresence', to: 'inPresence' },
  { from: 'presenceOut', to: 'passPresence' }
]
[INIT PINS]   - delegates JSON: [{"from":"inPresence","to":"inPresence"},{"from":"presenceOut","to":"passPresence"}]
[INIT PINS]     - Mapped port 'passPresence' to pin 'presenceOut'
[INIT PINS]   - Final portToPinMapping: {
  Presence: 'Presence',
  presenceOut: 'presenceOut',
  passPresence: 'presenceOut'
}
[ACTIVITY CONSTRUCTOR] name=PresenceSensorAC, component=RobAFISSystemCFD.tSens
[ACTIVITY CONSTRUCTOR]   - delegates param: [{"from":"inPresence","to":"inPresence"},{"from":"presenceOut","to":"passPresence"}]
[ACTIVITY CONSTRUCTOR]   - opts: {"outParameters":[{"name":"presenceOut","type":"Boolean","direction":"out"}],"inParameters":[{"name":"Presence","type":"Boolean","direction":"in"}]}
[ACTIVITY CONSTRUCTOR]   - fullOpts.delegates: [{"from":"inPresence","to":"inPresence"},{"from":"presenceOut","to":"passPresence"}]
[INIT PINS] Activity: PresenceSensorAC
[INIT PINS]   - inParameters: [ { name: 'Presence', type: 'Boolean', direction: 'in' } ]
[INIT PINS]   - delegates: [
  { from: 'inPresence', to: 'inPresence' },
  { from: 'presenceOut', to: 'passPresence' }
]
[INIT PINS]   - delegates JSON: [{"from":"inPresence","to":"inPresence"},{"from":"presenceOut","to":"passPresence"}]
[INIT PINS]     - Mapped port 'passPresence' to pin 'presenceOut'
[INIT PINS]   - Final portToPinMapping: {
  Presence: 'Presence',
  presenceOut: 'presenceOut',
  passPresence: 'presenceOut'
}
[ACTIVITY CONSTRUCTOR] name=GrabberAC, component=RobAFISSystemCFD.grabber
[ACTIVITY CONSTRUCTOR]   - delegates param: [{"from":"cmdIn","to":"inCmd"},{"from":"outCommand","to":"passCmd"}]
[ACTIVITY CONSTRUCTOR]   - opts: {"outParameters":[{"name":"Command","type":"MotorCommand","direction":"out"}],"inParameters":[{"name":"cmdIn","type":"MotorCommand","direction":"in"}]}
[ACTIVITY CONSTRUCTOR]   - fullOpts.delegates: [{"from":"cmdIn","to":"inCmd"},{"from":"outCommand","to":"passCmd"}]
[INIT PINS] Activity: GrabberAC
[INIT PINS]   - inParameters: [ { name: 'cmdIn', type: 'MotorCommand', direction: 'in' } ]
[INIT PINS]   - delegates: [
  { from: 'cmdIn', to: 'inCmd' },
  { from: 'outCommand', to: 'passCmd' }
]
[INIT PINS]   - delegates JSON: [{"from":"cmdIn","to":"inCmd"},{"from":"outCommand","to":"passCmd"}]
[INIT PINS]     - Mapped port 'inCmd' to pin 'cmdIn'
[INIT PINS]   - Final portToPinMapping: { cmdIn: 'cmdIn', Command: 'Command', inCmd: 'cmdIn' }
[ACTIVITY CONSTRUCTOR] name=DriveSystemAC, component=RobAFISSystemCFD.drive
[ACTIVITY CONSTRUCTOR]   - delegates param: [{"from":"dirIn","to":"inDir"},{"from":"outColor","to":"translateDir"}]
[ACTIVITY CONSTRUCTOR]   - opts: {"outParameters":[{"name":"Color","type":"NavColor","direction":"out"}],"inParameters":[{"name":"dirIn","type":"Direction","direction":"in"}]}
[ACTIVITY CONSTRUCTOR]   - fullOpts.delegates: [{"from":"dirIn","to":"inDir"},{"from":"outColor","to":"translateDir"}]
[INIT PINS] Activity: DriveSystemAC
[INIT PINS]   - inParameters: [ { name: 'dirIn', type: 'Direction', direction: 'in' } ]
[INIT PINS]   - delegates: [
  { from: 'dirIn', to: 'inDir' },
  { from: 'outColor', to: 'translateDir' }
]
[INIT PINS]   - delegates JSON: [{"from":"dirIn","to":"inDir"},{"from":"outColor","to":"translateDir"}]
[INIT PINS]     - Mapped port 'inDir' to pin 'dirIn'
[INIT PINS]   - Final portToPinMapping: { dirIn: 'dirIn', Color: 'Color', inDir: 'dirIn' }
[ACTIVITY CONSTRUCTOR] name=OperatorEA, component=RobAFISSystemCFD.pInput
[ACTIVITY CONSTRUCTOR]   - delegates param: [{"from":"opParamOut","to":"setMissionParametersOp"}]
[ACTIVITY CONSTRUCTOR]   - opts: {"outParameters":[{"name":"opParamOut","type":"MissionParameter","direction":"out"}],"inParameters":[]}
[ACTIVITY CONSTRUCTOR]   - fullOpts.delegates: [{"from":"opParamOut","to":"setMissionParametersOp"}]
[INIT PINS] Activity: OperatorEA
[INIT PINS]   - inParameters: []
[INIT PINS]   - delegates: [ { from: 'opParamOut', to: 'setMissionParametersOp' } ]
[INIT PINS]   - delegates JSON: [{"from":"opParamOut","to":"setMissionParametersOp"}]
[INIT PINS]     - Mapped port 'setMissionParametersOp' to pin 'opParamOut'
[INIT PINS]   - Final portToPinMapping: { opParamOut: 'opParamOut', setMissionParametersOp: 'opParamOut' }
[ACTIVITY CONSTRUCTOR] name=OperatorEA, component=RobAFISSystemCFD.colorSens
[ACTIVITY CONSTRUCTOR]   - delegates param: [{"from":"opParamOut","to":"setMissionParametersOp"}]
[ACTIVITY CONSTRUCTOR]   - opts: {"outParameters":[{"name":"opParamOut","type":"MissionParameter","direction":"out"}],"inParameters":[]}
[ACTIVITY CONSTRUCTOR]   - fullOpts.delegates: [{"from":"opParamOut","to":"setMissionParametersOp"}]
[INIT PINS] Activity: OperatorEA
[INIT PINS]   - inParameters: []
[INIT PINS]   - delegates: [ { from: 'opParamOut', to: 'setMissionParametersOp' } ]
[INIT PINS]   - delegates JSON: [{"from":"opParamOut","to":"setMissionParametersOp"}]
[INIT PINS]     - Mapped port 'setMissionParametersOp' to pin 'opParamOut'
[INIT PINS]   - Final portToPinMapping: { opParamOut: 'opParamOut', setMissionParametersOp: 'opParamOut' }
[ACTIVITY CONSTRUCTOR] name=OperatorEA, component=RobAFISSystemCFD.speSens
[ACTIVITY CONSTRUCTOR]   - delegates param: [{"from":"opParamOut","to":"setMissionParametersOp"}]
[ACTIVITY CONSTRUCTOR]   - opts: {"outParameters":[{"name":"opParamOut","type":"MissionParameter","direction":"out"}],"inParameters":[]}
[ACTIVITY CONSTRUCTOR]   - fullOpts.delegates: [{"from":"opParamOut","to":"setMissionParametersOp"}]
[INIT PINS] Activity: OperatorEA
[INIT PINS]   - inParameters: []
[INIT PINS]   - delegates: [ { from: 'opParamOut', to: 'setMissionParametersOp' } ]
[INIT PINS]   - delegates JSON: [{"from":"opParamOut","to":"setMissionParametersOp"}]
[INIT PINS]     - Mapped port 'setMissionParametersOp' to pin 'opParamOut'
[INIT PINS]   - Final portToPinMapping: { opParamOut: 'opParamOut', setMissionParametersOp: 'opParamOut' }
[ACTIVITY CONSTRUCTOR] name=OperatorEA, component=RobAFISSystemCFD.tSens
[ACTIVITY CONSTRUCTOR]   - delegates param: [{"from":"opParamOut","to":"setMissionParametersOp"}]
[ACTIVITY CONSTRUCTOR]   - opts: {"outParameters":[{"name":"opParamOut","type":"MissionParameter","direction":"out"}],"inParameters":[]}
[ACTIVITY CONSTRUCTOR]   - fullOpts.delegates: [{"from":"opParamOut","to":"setMissionParametersOp"}]
[INIT PINS] Activity: OperatorEA
[INIT PINS]   - inParameters: []
[INIT PINS]   - delegates: [ { from: 'opParamOut', to: 'setMissionParametersOp' } ]
[INIT PINS]   - delegates JSON: [{"from":"opParamOut","to":"setMissionParametersOp"}]
[INIT PINS]     - Mapped port 'setMissionParametersOp' to pin 'opParamOut'
[INIT PINS]   - Final portToPinMapping: { opParamOut: 'opParamOut', setMissionParametersOp: 'opParamOut' }
[ACTIVITY CONSTRUCTOR] name=OperatorEA, component=RobAFISSystemCFD.drive
[ACTIVITY CONSTRUCTOR]   - delegates param: [{"from":"opParamOut","to":"setMissionParametersOp"}]
[ACTIVITY CONSTRUCTOR]   - opts: {"outParameters":[{"name":"opParamOut","type":"MissionParameter","direction":"out"}],"inParameters":[]}
[ACTIVITY CONSTRUCTOR]   - fullOpts.delegates: [{"from":"opParamOut","to":"setMissionParametersOp"}]
[INIT PINS] Activity: OperatorEA
[INIT PINS]   - inParameters: []
[INIT PINS]   - delegates: [ { from: 'opParamOut', to: 'setMissionParametersOp' } ]
[INIT PINS]   - delegates JSON: [{"from":"opParamOut","to":"setMissionParametersOp"}]
[INIT PINS]     - Mapped port 'setMissionParametersOp' to pin 'opParamOut'
[INIT PINS]   - Final portToPinMapping: { opParamOut: 'opParamOut', setMissionParametersOp: 'opParamOut' }
[ACTIVITY CONSTRUCTOR] name=OperatorEA, component=RobAFISSystemCFD.grabber
[ACTIVITY CONSTRUCTOR]   - delegates param: [{"from":"opParamOut","to":"setMissionParametersOp"}]
[ACTIVITY CONSTRUCTOR]   - opts: {"outParameters":[{"name":"opParamOut","type":"MissionParameter","direction":"out"}],"inParameters":[]}
[ACTIVITY CONSTRUCTOR]   - fullOpts.delegates: [{"from":"opParamOut","to":"setMissionParametersOp"}]
[INIT PINS] Activity: OperatorEA
[INIT PINS]   - inParameters: []
[INIT PINS]   - delegates: [ { from: 'opParamOut', to: 'setMissionParametersOp' } ]
[INIT PINS]   - delegates JSON: [{"from":"opParamOut","to":"setMissionParametersOp"}]
[INIT PINS]     - Mapped port 'setMissionParametersOp' to pin 'opParamOut'
[INIT PINS]   - Final portToPinMapping: { opParamOut: 'opParamOut', setMissionParametersOp: 'opParamOut' }
[ACTIVITY CONSTRUCTOR] name=OperatorEA, component=RobAFISSystemCFD.controller
[ACTIVITY CONSTRUCTOR]   - delegates param: [{"from":"opParamOut","to":"setMissionParametersOp"}]
[ACTIVITY CONSTRUCTOR]   - opts: {"outParameters":[{"name":"opParamOut","type":"MissionParameter","direction":"out"}],"inParameters":[]}
[ACTIVITY CONSTRUCTOR]   - fullOpts.delegates: [{"from":"opParamOut","to":"setMissionParametersOp"}]
[INIT PINS] Activity: OperatorEA
[INIT PINS]   - inParameters: []
[INIT PINS]   - delegates: [ { from: 'opParamOut', to: 'setMissionParametersOp' } ]
[INIT PINS]   - delegates JSON: [{"from":"opParamOut","to":"setMissionParametersOp"}]
[INIT PINS]     - Mapped port 'setMissionParametersOp' to pin 'opParamOut'
[INIT PINS]   - Final portToPinMapping: { opParamOut: 'opParamOut', setMissionParametersOp: 'opParamOut' }
[ACTIVITY CONSTRUCTOR] name=UnitEA, component=RobAFISSystemCFD.pInput
[ACTIVITY CONSTRUCTOR]   - delegates param: [{"from":"outUnitNavLine","to":"leavePA"},{"from":"outUnitNavLine","to":"turnRight"},{"from":"outUnitNavLine","to":"returnJourney"},{"from":"outUnitNavLine","to":"obstacleDetected"},{"from":"outUnitNavLine","to":"obstacleRemoved"},{"from":"outUnitNavPad","to":"detectGreenPad"},{"from":"outUnitNavPad","to":"detectRedPad"},{"from":"outUnitNavPad","to":"stopAtT"},{"from":"outUnitNavPad","to":"routeToSA"},{"from":"outUnitNavPad","to":"routeToSPD"},{"from":"outUnitNavPad","to":"stopAtSPE"},{"from":"outUnitNavPad","to":"arriveAtTargetStock"},{"from":"outUnitPieceColor","to":"extractPieceT"},{"from":"outUnitPieceColor","to":"extractPieceSPE"},{"from":"outSAPieceColor","to":"insertPieceSA"},{"from":"outSPDPieceColor","to":"insertPieceSPD"},{"from":"outUnitPAColor","to":"arriveAtPA"}]
[ACTIVITY CONSTRUCTOR]   - opts: {"outParameters":[{"name":"UnitNavLine","type":"NavColor","direction":"out"},{"name":"UnitNavPad","type":"NavColor","direction":"out"},{"name":"UnitPieceColor","type":"PieceType","direction":"out"},{"name":"SAPieceColor","type":"PieceType","direction":"out"},{"name":"SPDPieceColor","type":"PieceType","direction":"out"},{"name":"UnitPAColor","type":"NavColor","direction":"out"}],"inParameters":[{"name":"OpParam","type":"MissionParameter","direction":"in"},{"name":"UnitNavPad","type":"NavColor","direction":"in"},{"name":"UnitPieceColor","type":"PieceType","direction":"in"},{"name":"SPEPresence","type":"Boolean","direction":"in"},{"name":"TPresence","type":"Boolean","direction":"in"},{"name":"TPieceColor","type":"PieceType","direction":"in"},{"name":"SPEPieceColor","type":"PieceType","direction":"in"}]}
[ACTIVITY CONSTRUCTOR]   - fullOpts.delegates: [{"from":"outUnitNavLine","to":"leavePA"},{"from":"outUnitNavLine","to":"turnRight"},{"from":"outUnitNavLine","to":"returnJourney"},{"from":"outUnitNavLine","to":"obstacleDetected"},{"from":"outUnitNavLine","to":"obstacleRemoved"},{"from":"outUnitNavPad","to":"detectGreenPad"},{"from":"outUnitNavPad","to":"detectRedPad"},{"from":"outUnitNavPad","to":"stopAtT"},{"from":"outUnitNavPad","to":"routeToSA"},{"from":"outUnitNavPad","to":"routeToSPD"},{"from":"outUnitNavPad","to":"stopAtSPE"},{"from":"outUnitNavPad","to":"arriveAtTargetStock"},{"from":"outUnitPieceColor","to":"extractPieceT"},{"from":"outUnitPieceColor","to":"extractPieceSPE"},{"from":"outSAPieceColor","to":"insertPieceSA"},{"from":"outSPDPieceColor","to":"insertPieceSPD"},{"from":"outUnitPAColor","to":"arriveAtPA"}]
[INIT PINS] Activity: UnitEA
[INIT PINS]   - inParameters: [
  { name: 'OpParam', type: 'MissionParameter', direction: 'in' },
  { name: 'UnitNavPad', type: 'NavColor', direction: 'in' },
  { name: 'UnitPieceColor', type: 'PieceType', direction: 'in' },
  { name: 'SPEPresence', type: 'Boolean', direction: 'in' },
  { name: 'TPresence', type: 'Boolean', direction: 'in' },
  { name: 'TPieceColor', type: 'PieceType', direction: 'in' },
  { name: 'SPEPieceColor', type: 'PieceType', direction: 'in' }
]
[INIT PINS]   - delegates: [
  { from: 'outUnitNavLine', to: 'leavePA' },
  { from: 'outUnitNavLine', to: 'turnRight' },
  { from: 'outUnitNavLine', to: 'returnJourney' },
  { from: 'outUnitNavLine', to: 'obstacleDetected' },
  { from: 'outUnitNavLine', to: 'obstacleRemoved' },
  { from: 'outUnitNavPad', to: 'detectGreenPad' },
  { from: 'outUnitNavPad', to: 'detectRedPad' },
  { from: 'outUnitNavPad', to: 'stopAtT' },
  { from: 'outUnitNavPad', to: 'routeToSA' },
  { from: 'outUnitNavPad', to: 'routeToSPD' },
  { from: 'outUnitNavPad', to: 'stopAtSPE' },
  { from: 'outUnitNavPad', to: 'arriveAtTargetStock' },
  { from: 'outUnitPieceColor', to: 'extractPieceT' },
  { from: 'outUnitPieceColor', to: 'extractPieceSPE' },
  { from: 'outSAPieceColor', to: 'insertPieceSA' },
  { from: 'outSPDPieceColor', to: 'insertPieceSPD' },
  { from: 'outUnitPAColor', to: 'arriveAtPA' }
]
[INIT PINS]   - delegates JSON: [{"from":"outUnitNavLine","to":"leavePA"},{"from":"outUnitNavLine","to":"turnRight"},{"from":"outUnitNavLine","to":"returnJourney"},{"from":"outUnitNavLine","to":"obstacleDetected"},{"from":"outUnitNavLine","to":"obstacleRemoved"},{"from":"outUnitNavPad","to":"detectGreenPad"},{"from":"outUnitNavPad","to":"detectRedPad"},{"from":"outUnitNavPad","to":"stopAtT"},{"from":"outUnitNavPad","to":"routeToSA"},{"from":"outUnitNavPad","to":"routeToSPD"},{"from":"outUnitNavPad","to":"stopAtSPE"},{"from":"outUnitNavPad","to":"arriveAtTargetStock"},{"from":"outUnitPieceColor","to":"extractPieceT"},{"from":"outUnitPieceColor","to":"extractPieceSPE"},{"from":"outSAPieceColor","to":"insertPieceSA"},{"from":"outSPDPieceColor","to":"insertPieceSPD"},{"from":"outUnitPAColor","to":"arriveAtPA"}]
[INIT PINS]   - Final portToPinMapping: {
  OpParam: 'OpParam',
  UnitNavPad: 'UnitNavPad',
  UnitPieceColor: 'UnitPieceColor',
  SPEPresence: 'SPEPresence',
  TPresence: 'TPresence',
  TPieceColor: 'TPieceColor',
  SPEPieceColor: 'SPEPieceColor',
  UnitNavLine: 'UnitNavLine',
  SAPieceColor: 'SAPieceColor',
  SPDPieceColor: 'SPDPieceColor',
  UnitPAColor: 'UnitPAColor'
}
[ACTIVITY CONSTRUCTOR] name=UnitEA, component=RobAFISSystemCFD.colorSens
[ACTIVITY CONSTRUCTOR]   - delegates param: [{"from":"outUnitNavLine","to":"leavePA"},{"from":"outUnitNavLine","to":"turnRight"},{"from":"outUnitNavLine","to":"returnJourney"},{"from":"outUnitNavLine","to":"obstacleDetected"},{"from":"outUnitNavLine","to":"obstacleRemoved"},{"from":"outUnitNavPad","to":"detectGreenPad"},{"from":"outUnitNavPad","to":"detectRedPad"},{"from":"outUnitNavPad","to":"stopAtT"},{"from":"outUnitNavPad","to":"routeToSA"},{"from":"outUnitNavPad","to":"routeToSPD"},{"from":"outUnitNavPad","to":"stopAtSPE"},{"from":"outUnitNavPad","to":"arriveAtTargetStock"},{"from":"outUnitPieceColor","to":"extractPieceT"},{"from":"outUnitPieceColor","to":"extractPieceSPE"},{"from":"outSAPieceColor","to":"insertPieceSA"},{"from":"outSPDPieceColor","to":"insertPieceSPD"},{"from":"outUnitPAColor","to":"arriveAtPA"}]
[ACTIVITY CONSTRUCTOR]   - opts: {"outParameters":[{"name":"UnitNavLine","type":"NavColor","direction":"out"},{"name":"UnitNavPad","type":"NavColor","direction":"out"},{"name":"UnitPieceColor","type":"PieceType","direction":"out"},{"name":"SAPieceColor","type":"PieceType","direction":"out"},{"name":"SPDPieceColor","type":"PieceType","direction":"out"},{"name":"UnitPAColor","type":"NavColor","direction":"out"}],"inParameters":[{"name":"OpParam","type":"MissionParameter","direction":"in"},{"name":"UnitNavPad","type":"NavColor","direction":"in"},{"name":"UnitPieceColor","type":"PieceType","direction":"in"},{"name":"SPEPresence","type":"Boolean","direction":"in"},{"name":"TPresence","type":"Boolean","direction":"in"},{"name":"TPieceColor","type":"PieceType","direction":"in"},{"name":"SPEPieceColor","type":"PieceType","direction":"in"}]}
[ACTIVITY CONSTRUCTOR]   - fullOpts.delegates: [{"from":"outUnitNavLine","to":"leavePA"},{"from":"outUnitNavLine","to":"turnRight"},{"from":"outUnitNavLine","to":"returnJourney"},{"from":"outUnitNavLine","to":"obstacleDetected"},{"from":"outUnitNavLine","to":"obstacleRemoved"},{"from":"outUnitNavPad","to":"detectGreenPad"},{"from":"outUnitNavPad","to":"detectRedPad"},{"from":"outUnitNavPad","to":"stopAtT"},{"from":"outUnitNavPad","to":"routeToSA"},{"from":"outUnitNavPad","to":"routeToSPD"},{"from":"outUnitNavPad","to":"stopAtSPE"},{"from":"outUnitNavPad","to":"arriveAtTargetStock"},{"from":"outUnitPieceColor","to":"extractPieceT"},{"from":"outUnitPieceColor","to":"extractPieceSPE"},{"from":"outSAPieceColor","to":"insertPieceSA"},{"from":"outSPDPieceColor","to":"insertPieceSPD"},{"from":"outUnitPAColor","to":"arriveAtPA"}]
[INIT PINS] Activity: UnitEA
[INIT PINS]   - inParameters: [
  { name: 'OpParam', type: 'MissionParameter', direction: 'in' },
  { name: 'UnitNavPad', type: 'NavColor', direction: 'in' },
  { name: 'UnitPieceColor', type: 'PieceType', direction: 'in' },
  { name: 'SPEPresence', type: 'Boolean', direction: 'in' },
  { name: 'TPresence', type: 'Boolean', direction: 'in' },
  { name: 'TPieceColor', type: 'PieceType', direction: 'in' },
  { name: 'SPEPieceColor', type: 'PieceType', direction: 'in' }
]
[INIT PINS]   - delegates: [
  { from: 'outUnitNavLine', to: 'leavePA' },
  { from: 'outUnitNavLine', to: 'turnRight' },
  { from: 'outUnitNavLine', to: 'returnJourney' },
  { from: 'outUnitNavLine', to: 'obstacleDetected' },
  { from: 'outUnitNavLine', to: 'obstacleRemoved' },
  { from: 'outUnitNavPad', to: 'detectGreenPad' },
  { from: 'outUnitNavPad', to: 'detectRedPad' },
  { from: 'outUnitNavPad', to: 'stopAtT' },
  { from: 'outUnitNavPad', to: 'routeToSA' },
  { from: 'outUnitNavPad', to: 'routeToSPD' },
  { from: 'outUnitNavPad', to: 'stopAtSPE' },
  { from: 'outUnitNavPad', to: 'arriveAtTargetStock' },
  { from: 'outUnitPieceColor', to: 'extractPieceT' },
  { from: 'outUnitPieceColor', to: 'extractPieceSPE' },
  { from: 'outSAPieceColor', to: 'insertPieceSA' },
  { from: 'outSPDPieceColor', to: 'insertPieceSPD' },
  { from: 'outUnitPAColor', to: 'arriveAtPA' }
]
[INIT PINS]   - delegates JSON: [{"from":"outUnitNavLine","to":"leavePA"},{"from":"outUnitNavLine","to":"turnRight"},{"from":"outUnitNavLine","to":"returnJourney"},{"from":"outUnitNavLine","to":"obstacleDetected"},{"from":"outUnitNavLine","to":"obstacleRemoved"},{"from":"outUnitNavPad","to":"detectGreenPad"},{"from":"outUnitNavPad","to":"detectRedPad"},{"from":"outUnitNavPad","to":"stopAtT"},{"from":"outUnitNavPad","to":"routeToSA"},{"from":"outUnitNavPad","to":"routeToSPD"},{"from":"outUnitNavPad","to":"stopAtSPE"},{"from":"outUnitNavPad","to":"arriveAtTargetStock"},{"from":"outUnitPieceColor","to":"extractPieceT"},{"from":"outUnitPieceColor","to":"extractPieceSPE"},{"from":"outSAPieceColor","to":"insertPieceSA"},{"from":"outSPDPieceColor","to":"insertPieceSPD"},{"from":"outUnitPAColor","to":"arriveAtPA"}]
[INIT PINS]   - Final portToPinMapping: {
  OpParam: 'OpParam',
  UnitNavPad: 'UnitNavPad',
  UnitPieceColor: 'UnitPieceColor',
  SPEPresence: 'SPEPresence',
  TPresence: 'TPresence',
  TPieceColor: 'TPieceColor',
  SPEPieceColor: 'SPEPieceColor',
  UnitNavLine: 'UnitNavLine',
  SAPieceColor: 'SAPieceColor',
  SPDPieceColor: 'SPDPieceColor',
  UnitPAColor: 'UnitPAColor'
}
[ACTIVITY CONSTRUCTOR] name=UnitEA, component=RobAFISSystemCFD.speSens
[ACTIVITY CONSTRUCTOR]   - delegates param: [{"from":"outUnitNavLine","to":"leavePA"},{"from":"outUnitNavLine","to":"turnRight"},{"from":"outUnitNavLine","to":"returnJourney"},{"from":"outUnitNavLine","to":"obstacleDetected"},{"from":"outUnitNavLine","to":"obstacleRemoved"},{"from":"outUnitNavPad","to":"detectGreenPad"},{"from":"outUnitNavPad","to":"detectRedPad"},{"from":"outUnitNavPad","to":"stopAtT"},{"from":"outUnitNavPad","to":"routeToSA"},{"from":"outUnitNavPad","to":"routeToSPD"},{"from":"outUnitNavPad","to":"stopAtSPE"},{"from":"outUnitNavPad","to":"arriveAtTargetStock"},{"from":"outUnitPieceColor","to":"extractPieceT"},{"from":"outUnitPieceColor","to":"extractPieceSPE"},{"from":"outSAPieceColor","to":"insertPieceSA"},{"from":"outSPDPieceColor","to":"insertPieceSPD"},{"from":"outUnitPAColor","to":"arriveAtPA"}]
[ACTIVITY CONSTRUCTOR]   - opts: {"outParameters":[{"name":"UnitNavLine","type":"NavColor","direction":"out"},{"name":"UnitNavPad","type":"NavColor","direction":"out"},{"name":"UnitPieceColor","type":"PieceType","direction":"out"},{"name":"SAPieceColor","type":"PieceType","direction":"out"},{"name":"SPDPieceColor","type":"PieceType","direction":"out"},{"name":"UnitPAColor","type":"NavColor","direction":"out"}],"inParameters":[{"name":"OpParam","type":"MissionParameter","direction":"in"},{"name":"UnitNavPad","type":"NavColor","direction":"in"},{"name":"UnitPieceColor","type":"PieceType","direction":"in"},{"name":"SPEPresence","type":"Boolean","direction":"in"},{"name":"TPresence","type":"Boolean","direction":"in"},{"name":"TPieceColor","type":"PieceType","direction":"in"},{"name":"SPEPieceColor","type":"PieceType","direction":"in"}]}
[ACTIVITY CONSTRUCTOR]   - fullOpts.delegates: [{"from":"outUnitNavLine","to":"leavePA"},{"from":"outUnitNavLine","to":"turnRight"},{"from":"outUnitNavLine","to":"returnJourney"},{"from":"outUnitNavLine","to":"obstacleDetected"},{"from":"outUnitNavLine","to":"obstacleRemoved"},{"from":"outUnitNavPad","to":"detectGreenPad"},{"from":"outUnitNavPad","to":"detectRedPad"},{"from":"outUnitNavPad","to":"stopAtT"},{"from":"outUnitNavPad","to":"routeToSA"},{"from":"outUnitNavPad","to":"routeToSPD"},{"from":"outUnitNavPad","to":"stopAtSPE"},{"from":"outUnitNavPad","to":"arriveAtTargetStock"},{"from":"outUnitPieceColor","to":"extractPieceT"},{"from":"outUnitPieceColor","to":"extractPieceSPE"},{"from":"outSAPieceColor","to":"insertPieceSA"},{"from":"outSPDPieceColor","to":"insertPieceSPD"},{"from":"outUnitPAColor","to":"arriveAtPA"}]
[INIT PINS] Activity: UnitEA
[INIT PINS]   - inParameters: [
  { name: 'OpParam', type: 'MissionParameter', direction: 'in' },
  { name: 'UnitNavPad', type: 'NavColor', direction: 'in' },
  { name: 'UnitPieceColor', type: 'PieceType', direction: 'in' },
  { name: 'SPEPresence', type: 'Boolean', direction: 'in' },
  { name: 'TPresence', type: 'Boolean', direction: 'in' },
  { name: 'TPieceColor', type: 'PieceType', direction: 'in' },
  { name: 'SPEPieceColor', type: 'PieceType', direction: 'in' }
]
[INIT PINS]   - delegates: [
  { from: 'outUnitNavLine', to: 'leavePA' },
  { from: 'outUnitNavLine', to: 'turnRight' },
  { from: 'outUnitNavLine', to: 'returnJourney' },
  { from: 'outUnitNavLine', to: 'obstacleDetected' },
  { from: 'outUnitNavLine', to: 'obstacleRemoved' },
  { from: 'outUnitNavPad', to: 'detectGreenPad' },
  { from: 'outUnitNavPad', to: 'detectRedPad' },
  { from: 'outUnitNavPad', to: 'stopAtT' },
  { from: 'outUnitNavPad', to: 'routeToSA' },
  { from: 'outUnitNavPad', to: 'routeToSPD' },
  { from: 'outUnitNavPad', to: 'stopAtSPE' },
  { from: 'outUnitNavPad', to: 'arriveAtTargetStock' },
  { from: 'outUnitPieceColor', to: 'extractPieceT' },
  { from: 'outUnitPieceColor', to: 'extractPieceSPE' },
  { from: 'outSAPieceColor', to: 'insertPieceSA' },
  { from: 'outSPDPieceColor', to: 'insertPieceSPD' },
  { from: 'outUnitPAColor', to: 'arriveAtPA' }
]
[INIT PINS]   - delegates JSON: [{"from":"outUnitNavLine","to":"leavePA"},{"from":"outUnitNavLine","to":"turnRight"},{"from":"outUnitNavLine","to":"returnJourney"},{"from":"outUnitNavLine","to":"obstacleDetected"},{"from":"outUnitNavLine","to":"obstacleRemoved"},{"from":"outUnitNavPad","to":"detectGreenPad"},{"from":"outUnitNavPad","to":"detectRedPad"},{"from":"outUnitNavPad","to":"stopAtT"},{"from":"outUnitNavPad","to":"routeToSA"},{"from":"outUnitNavPad","to":"routeToSPD"},{"from":"outUnitNavPad","to":"stopAtSPE"},{"from":"outUnitNavPad","to":"arriveAtTargetStock"},{"from":"outUnitPieceColor","to":"extractPieceT"},{"from":"outUnitPieceColor","to":"extractPieceSPE"},{"from":"outSAPieceColor","to":"insertPieceSA"},{"from":"outSPDPieceColor","to":"insertPieceSPD"},{"from":"outUnitPAColor","to":"arriveAtPA"}]
[INIT PINS]   - Final portToPinMapping: {
  OpParam: 'OpParam',
  UnitNavPad: 'UnitNavPad',
  UnitPieceColor: 'UnitPieceColor',
  SPEPresence: 'SPEPresence',
  TPresence: 'TPresence',
  TPieceColor: 'TPieceColor',
  SPEPieceColor: 'SPEPieceColor',
  UnitNavLine: 'UnitNavLine',
  SAPieceColor: 'SAPieceColor',
  SPDPieceColor: 'SPDPieceColor',
  UnitPAColor: 'UnitPAColor'
}
[ACTIVITY CONSTRUCTOR] name=UnitEA, component=RobAFISSystemCFD.tSens
[ACTIVITY CONSTRUCTOR]   - delegates param: [{"from":"outUnitNavLine","to":"leavePA"},{"from":"outUnitNavLine","to":"turnRight"},{"from":"outUnitNavLine","to":"returnJourney"},{"from":"outUnitNavLine","to":"obstacleDetected"},{"from":"outUnitNavLine","to":"obstacleRemoved"},{"from":"outUnitNavPad","to":"detectGreenPad"},{"from":"outUnitNavPad","to":"detectRedPad"},{"from":"outUnitNavPad","to":"stopAtT"},{"from":"outUnitNavPad","to":"routeToSA"},{"from":"outUnitNavPad","to":"routeToSPD"},{"from":"outUnitNavPad","to":"stopAtSPE"},{"from":"outUnitNavPad","to":"arriveAtTargetStock"},{"from":"outUnitPieceColor","to":"extractPieceT"},{"from":"outUnitPieceColor","to":"extractPieceSPE"},{"from":"outSAPieceColor","to":"insertPieceSA"},{"from":"outSPDPieceColor","to":"insertPieceSPD"},{"from":"outUnitPAColor","to":"arriveAtPA"}]
[ACTIVITY CONSTRUCTOR]   - opts: {"outParameters":[{"name":"UnitNavLine","type":"NavColor","direction":"out"},{"name":"UnitNavPad","type":"NavColor","direction":"out"},{"name":"UnitPieceColor","type":"PieceType","direction":"out"},{"name":"SAPieceColor","type":"PieceType","direction":"out"},{"name":"SPDPieceColor","type":"PieceType","direction":"out"},{"name":"UnitPAColor","type":"NavColor","direction":"out"}],"inParameters":[{"name":"OpParam","type":"MissionParameter","direction":"in"},{"name":"UnitNavPad","type":"NavColor","direction":"in"},{"name":"UnitPieceColor","type":"PieceType","direction":"in"},{"name":"SPEPresence","type":"Boolean","direction":"in"},{"name":"TPresence","type":"Boolean","direction":"in"},{"name":"TPieceColor","type":"PieceType","direction":"in"},{"name":"SPEPieceColor","type":"PieceType","direction":"in"}]}
[ACTIVITY CONSTRUCTOR]   - fullOpts.delegates: [{"from":"outUnitNavLine","to":"leavePA"},{"from":"outUnitNavLine","to":"turnRight"},{"from":"outUnitNavLine","to":"returnJourney"},{"from":"outUnitNavLine","to":"obstacleDetected"},{"from":"outUnitNavLine","to":"obstacleRemoved"},{"from":"outUnitNavPad","to":"detectGreenPad"},{"from":"outUnitNavPad","to":"detectRedPad"},{"from":"outUnitNavPad","to":"stopAtT"},{"from":"outUnitNavPad","to":"routeToSA"},{"from":"outUnitNavPad","to":"routeToSPD"},{"from":"outUnitNavPad","to":"stopAtSPE"},{"from":"outUnitNavPad","to":"arriveAtTargetStock"},{"from":"outUnitPieceColor","to":"extractPieceT"},{"from":"outUnitPieceColor","to":"extractPieceSPE"},{"from":"outSAPieceColor","to":"insertPieceSA"},{"from":"outSPDPieceColor","to":"insertPieceSPD"},{"from":"outUnitPAColor","to":"arriveAtPA"}]
[INIT PINS] Activity: UnitEA
[INIT PINS]   - inParameters: [
  { name: 'OpParam', type: 'MissionParameter', direction: 'in' },
  { name: 'UnitNavPad', type: 'NavColor', direction: 'in' },
  { name: 'UnitPieceColor', type: 'PieceType', direction: 'in' },
  { name: 'SPEPresence', type: 'Boolean', direction: 'in' },
  { name: 'TPresence', type: 'Boolean', direction: 'in' },
  { name: 'TPieceColor', type: 'PieceType', direction: 'in' },
  { name: 'SPEPieceColor', type: 'PieceType', direction: 'in' }
]
[INIT PINS]   - delegates: [
  { from: 'outUnitNavLine', to: 'leavePA' },
  { from: 'outUnitNavLine', to: 'turnRight' },
  { from: 'outUnitNavLine', to: 'returnJourney' },
  { from: 'outUnitNavLine', to: 'obstacleDetected' },
  { from: 'outUnitNavLine', to: 'obstacleRemoved' },
  { from: 'outUnitNavPad', to: 'detectGreenPad' },
  { from: 'outUnitNavPad', to: 'detectRedPad' },
  { from: 'outUnitNavPad', to: 'stopAtT' },
  { from: 'outUnitNavPad', to: 'routeToSA' },
  { from: 'outUnitNavPad', to: 'routeToSPD' },
  { from: 'outUnitNavPad', to: 'stopAtSPE' },
  { from: 'outUnitNavPad', to: 'arriveAtTargetStock' },
  { from: 'outUnitPieceColor', to: 'extractPieceT' },
  { from: 'outUnitPieceColor', to: 'extractPieceSPE' },
  { from: 'outSAPieceColor', to: 'insertPieceSA' },
  { from: 'outSPDPieceColor', to: 'insertPieceSPD' },
  { from: 'outUnitPAColor', to: 'arriveAtPA' }
]
[INIT PINS]   - delegates JSON: [{"from":"outUnitNavLine","to":"leavePA"},{"from":"outUnitNavLine","to":"turnRight"},{"from":"outUnitNavLine","to":"returnJourney"},{"from":"outUnitNavLine","to":"obstacleDetected"},{"from":"outUnitNavLine","to":"obstacleRemoved"},{"from":"outUnitNavPad","to":"detectGreenPad"},{"from":"outUnitNavPad","to":"detectRedPad"},{"from":"outUnitNavPad","to":"stopAtT"},{"from":"outUnitNavPad","to":"routeToSA"},{"from":"outUnitNavPad","to":"routeToSPD"},{"from":"outUnitNavPad","to":"stopAtSPE"},{"from":"outUnitNavPad","to":"arriveAtTargetStock"},{"from":"outUnitPieceColor","to":"extractPieceT"},{"from":"outUnitPieceColor","to":"extractPieceSPE"},{"from":"outSAPieceColor","to":"insertPieceSA"},{"from":"outSPDPieceColor","to":"insertPieceSPD"},{"from":"outUnitPAColor","to":"arriveAtPA"}]
[INIT PINS]   - Final portToPinMapping: {
  OpParam: 'OpParam',
  UnitNavPad: 'UnitNavPad',
  UnitPieceColor: 'UnitPieceColor',
  SPEPresence: 'SPEPresence',
  TPresence: 'TPresence',
  TPieceColor: 'TPieceColor',
  SPEPieceColor: 'SPEPieceColor',
  UnitNavLine: 'UnitNavLine',
  SAPieceColor: 'SAPieceColor',
  SPDPieceColor: 'SPDPieceColor',
  UnitPAColor: 'UnitPAColor'
}
[ACTIVITY CONSTRUCTOR] name=UnitEA, component=RobAFISSystemCFD.drive
[ACTIVITY CONSTRUCTOR]   - delegates param: [{"from":"outUnitNavLine","to":"leavePA"},{"from":"outUnitNavLine","to":"turnRight"},{"from":"outUnitNavLine","to":"returnJourney"},{"from":"outUnitNavLine","to":"obstacleDetected"},{"from":"outUnitNavLine","to":"obstacleRemoved"},{"from":"outUnitNavPad","to":"detectGreenPad"},{"from":"outUnitNavPad","to":"detectRedPad"},{"from":"outUnitNavPad","to":"stopAtT"},{"from":"outUnitNavPad","to":"routeToSA"},{"from":"outUnitNavPad","to":"routeToSPD"},{"from":"outUnitNavPad","to":"stopAtSPE"},{"from":"outUnitNavPad","to":"arriveAtTargetStock"},{"from":"outUnitPieceColor","to":"extractPieceT"},{"from":"outUnitPieceColor","to":"extractPieceSPE"},{"from":"outSAPieceColor","to":"insertPieceSA"},{"from":"outSPDPieceColor","to":"insertPieceSPD"},{"from":"outUnitPAColor","to":"arriveAtPA"}]
[ACTIVITY CONSTRUCTOR]   - opts: {"outParameters":[{"name":"UnitNavLine","type":"NavColor","direction":"out"},{"name":"UnitNavPad","type":"NavColor","direction":"out"},{"name":"UnitPieceColor","type":"PieceType","direction":"out"},{"name":"SAPieceColor","type":"PieceType","direction":"out"},{"name":"SPDPieceColor","type":"PieceType","direction":"out"},{"name":"UnitPAColor","type":"NavColor","direction":"out"}],"inParameters":[{"name":"OpParam","type":"MissionParameter","direction":"in"},{"name":"UnitNavPad","type":"NavColor","direction":"in"},{"name":"UnitPieceColor","type":"PieceType","direction":"in"},{"name":"SPEPresence","type":"Boolean","direction":"in"},{"name":"TPresence","type":"Boolean","direction":"in"},{"name":"TPieceColor","type":"PieceType","direction":"in"},{"name":"SPEPieceColor","type":"PieceType","direction":"in"}]}
[ACTIVITY CONSTRUCTOR]   - fullOpts.delegates: [{"from":"outUnitNavLine","to":"leavePA"},{"from":"outUnitNavLine","to":"turnRight"},{"from":"outUnitNavLine","to":"returnJourney"},{"from":"outUnitNavLine","to":"obstacleDetected"},{"from":"outUnitNavLine","to":"obstacleRemoved"},{"from":"outUnitNavPad","to":"detectGreenPad"},{"from":"outUnitNavPad","to":"detectRedPad"},{"from":"outUnitNavPad","to":"stopAtT"},{"from":"outUnitNavPad","to":"routeToSA"},{"from":"outUnitNavPad","to":"routeToSPD"},{"from":"outUnitNavPad","to":"stopAtSPE"},{"from":"outUnitNavPad","to":"arriveAtTargetStock"},{"from":"outUnitPieceColor","to":"extractPieceT"},{"from":"outUnitPieceColor","to":"extractPieceSPE"},{"from":"outSAPieceColor","to":"insertPieceSA"},{"from":"outSPDPieceColor","to":"insertPieceSPD"},{"from":"outUnitPAColor","to":"arriveAtPA"}]
[INIT PINS] Activity: UnitEA
[INIT PINS]   - inParameters: [
  { name: 'OpParam', type: 'MissionParameter', direction: 'in' },
  { name: 'UnitNavPad', type: 'NavColor', direction: 'in' },
  { name: 'UnitPieceColor', type: 'PieceType', direction: 'in' },
  { name: 'SPEPresence', type: 'Boolean', direction: 'in' },
  { name: 'TPresence', type: 'Boolean', direction: 'in' },
  { name: 'TPieceColor', type: 'PieceType', direction: 'in' },
  { name: 'SPEPieceColor', type: 'PieceType', direction: 'in' }
]
[INIT PINS]   - delegates: [
  { from: 'outUnitNavLine', to: 'leavePA' },
  { from: 'outUnitNavLine', to: 'turnRight' },
  { from: 'outUnitNavLine', to: 'returnJourney' },
  { from: 'outUnitNavLine', to: 'obstacleDetected' },
  { from: 'outUnitNavLine', to: 'obstacleRemoved' },
  { from: 'outUnitNavPad', to: 'detectGreenPad' },
  { from: 'outUnitNavPad', to: 'detectRedPad' },
  { from: 'outUnitNavPad', to: 'stopAtT' },
  { from: 'outUnitNavPad', to: 'routeToSA' },
  { from: 'outUnitNavPad', to: 'routeToSPD' },
  { from: 'outUnitNavPad', to: 'stopAtSPE' },
  { from: 'outUnitNavPad', to: 'arriveAtTargetStock' },
  { from: 'outUnitPieceColor', to: 'extractPieceT' },
  { from: 'outUnitPieceColor', to: 'extractPieceSPE' },
  { from: 'outSAPieceColor', to: 'insertPieceSA' },
  { from: 'outSPDPieceColor', to: 'insertPieceSPD' },
  { from: 'outUnitPAColor', to: 'arriveAtPA' }
]
[INIT PINS]   - delegates JSON: [{"from":"outUnitNavLine","to":"leavePA"},{"from":"outUnitNavLine","to":"turnRight"},{"from":"outUnitNavLine","to":"returnJourney"},{"from":"outUnitNavLine","to":"obstacleDetected"},{"from":"outUnitNavLine","to":"obstacleRemoved"},{"from":"outUnitNavPad","to":"detectGreenPad"},{"from":"outUnitNavPad","to":"detectRedPad"},{"from":"outUnitNavPad","to":"stopAtT"},{"from":"outUnitNavPad","to":"routeToSA"},{"from":"outUnitNavPad","to":"routeToSPD"},{"from":"outUnitNavPad","to":"stopAtSPE"},{"from":"outUnitNavPad","to":"arriveAtTargetStock"},{"from":"outUnitPieceColor","to":"extractPieceT"},{"from":"outUnitPieceColor","to":"extractPieceSPE"},{"from":"outSAPieceColor","to":"insertPieceSA"},{"from":"outSPDPieceColor","to":"insertPieceSPD"},{"from":"outUnitPAColor","to":"arriveAtPA"}]
[INIT PINS]   - Final portToPinMapping: {
  OpParam: 'OpParam',
  UnitNavPad: 'UnitNavPad',
  UnitPieceColor: 'UnitPieceColor',
  SPEPresence: 'SPEPresence',
  TPresence: 'TPresence',
  TPieceColor: 'TPieceColor',
  SPEPieceColor: 'SPEPieceColor',
  UnitNavLine: 'UnitNavLine',
  SAPieceColor: 'SAPieceColor',
  SPDPieceColor: 'SPDPieceColor',
  UnitPAColor: 'UnitPAColor'
}
[ACTIVITY CONSTRUCTOR] name=UnitEA, component=RobAFISSystemCFD.grabber
[ACTIVITY CONSTRUCTOR]   - delegates param: [{"from":"outUnitNavLine","to":"leavePA"},{"from":"outUnitNavLine","to":"turnRight"},{"from":"outUnitNavLine","to":"returnJourney"},{"from":"outUnitNavLine","to":"obstacleDetected"},{"from":"outUnitNavLine","to":"obstacleRemoved"},{"from":"outUnitNavPad","to":"detectGreenPad"},{"from":"outUnitNavPad","to":"detectRedPad"},{"from":"outUnitNavPad","to":"stopAtT"},{"from":"outUnitNavPad","to":"routeToSA"},{"from":"outUnitNavPad","to":"routeToSPD"},{"from":"outUnitNavPad","to":"stopAtSPE"},{"from":"outUnitNavPad","to":"arriveAtTargetStock"},{"from":"outUnitPieceColor","to":"extractPieceT"},{"from":"outUnitPieceColor","to":"extractPieceSPE"},{"from":"outSAPieceColor","to":"insertPieceSA"},{"from":"outSPDPieceColor","to":"insertPieceSPD"},{"from":"outUnitPAColor","to":"arriveAtPA"}]
[ACTIVITY CONSTRUCTOR]   - opts: {"outParameters":[{"name":"UnitNavLine","type":"NavColor","direction":"out"},{"name":"UnitNavPad","type":"NavColor","direction":"out"},{"name":"UnitPieceColor","type":"PieceType","direction":"out"},{"name":"SAPieceColor","type":"PieceType","direction":"out"},{"name":"SPDPieceColor","type":"PieceType","direction":"out"},{"name":"UnitPAColor","type":"NavColor","direction":"out"}],"inParameters":[{"name":"OpParam","type":"MissionParameter","direction":"in"},{"name":"UnitNavPad","type":"NavColor","direction":"in"},{"name":"UnitPieceColor","type":"PieceType","direction":"in"},{"name":"SPEPresence","type":"Boolean","direction":"in"},{"name":"TPresence","type":"Boolean","direction":"in"},{"name":"TPieceColor","type":"PieceType","direction":"in"},{"name":"SPEPieceColor","type":"PieceType","direction":"in"}]}
[ACTIVITY CONSTRUCTOR]   - fullOpts.delegates: [{"from":"outUnitNavLine","to":"leavePA"},{"from":"outUnitNavLine","to":"turnRight"},{"from":"outUnitNavLine","to":"returnJourney"},{"from":"outUnitNavLine","to":"obstacleDetected"},{"from":"outUnitNavLine","to":"obstacleRemoved"},{"from":"outUnitNavPad","to":"detectGreenPad"},{"from":"outUnitNavPad","to":"detectRedPad"},{"from":"outUnitNavPad","to":"stopAtT"},{"from":"outUnitNavPad","to":"routeToSA"},{"from":"outUnitNavPad","to":"routeToSPD"},{"from":"outUnitNavPad","to":"stopAtSPE"},{"from":"outUnitNavPad","to":"arriveAtTargetStock"},{"from":"outUnitPieceColor","to":"extractPieceT"},{"from":"outUnitPieceColor","to":"extractPieceSPE"},{"from":"outSAPieceColor","to":"insertPieceSA"},{"from":"outSPDPieceColor","to":"insertPieceSPD"},{"from":"outUnitPAColor","to":"arriveAtPA"}]
[INIT PINS] Activity: UnitEA
[INIT PINS]   - inParameters: [
  { name: 'OpParam', type: 'MissionParameter', direction: 'in' },
  { name: 'UnitNavPad', type: 'NavColor', direction: 'in' },
  { name: 'UnitPieceColor', type: 'PieceType', direction: 'in' },
  { name: 'SPEPresence', type: 'Boolean', direction: 'in' },
  { name: 'TPresence', type: 'Boolean', direction: 'in' },
  { name: 'TPieceColor', type: 'PieceType', direction: 'in' },
  { name: 'SPEPieceColor', type: 'PieceType', direction: 'in' }
]
[INIT PINS]   - delegates: [
  { from: 'outUnitNavLine', to: 'leavePA' },
  { from: 'outUnitNavLine', to: 'turnRight' },
  { from: 'outUnitNavLine', to: 'returnJourney' },
  { from: 'outUnitNavLine', to: 'obstacleDetected' },
  { from: 'outUnitNavLine', to: 'obstacleRemoved' },
  { from: 'outUnitNavPad', to: 'detectGreenPad' },
  { from: 'outUnitNavPad', to: 'detectRedPad' },
  { from: 'outUnitNavPad', to: 'stopAtT' },
  { from: 'outUnitNavPad', to: 'routeToSA' },
  { from: 'outUnitNavPad', to: 'routeToSPD' },
  { from: 'outUnitNavPad', to: 'stopAtSPE' },
  { from: 'outUnitNavPad', to: 'arriveAtTargetStock' },
  { from: 'outUnitPieceColor', to: 'extractPieceT' },
  { from: 'outUnitPieceColor', to: 'extractPieceSPE' },
  { from: 'outSAPieceColor', to: 'insertPieceSA' },
  { from: 'outSPDPieceColor', to: 'insertPieceSPD' },
  { from: 'outUnitPAColor', to: 'arriveAtPA' }
]
[INIT PINS]   - delegates JSON: [{"from":"outUnitNavLine","to":"leavePA"},{"from":"outUnitNavLine","to":"turnRight"},{"from":"outUnitNavLine","to":"returnJourney"},{"from":"outUnitNavLine","to":"obstacleDetected"},{"from":"outUnitNavLine","to":"obstacleRemoved"},{"from":"outUnitNavPad","to":"detectGreenPad"},{"from":"outUnitNavPad","to":"detectRedPad"},{"from":"outUnitNavPad","to":"stopAtT"},{"from":"outUnitNavPad","to":"routeToSA"},{"from":"outUnitNavPad","to":"routeToSPD"},{"from":"outUnitNavPad","to":"stopAtSPE"},{"from":"outUnitNavPad","to":"arriveAtTargetStock"},{"from":"outUnitPieceColor","to":"extractPieceT"},{"from":"outUnitPieceColor","to":"extractPieceSPE"},{"from":"outSAPieceColor","to":"insertPieceSA"},{"from":"outSPDPieceColor","to":"insertPieceSPD"},{"from":"outUnitPAColor","to":"arriveAtPA"}]
[INIT PINS]   - Final portToPinMapping: {
  OpParam: 'OpParam',
  UnitNavPad: 'UnitNavPad',
  UnitPieceColor: 'UnitPieceColor',
  SPEPresence: 'SPEPresence',
  TPresence: 'TPresence',
  TPieceColor: 'TPieceColor',
  SPEPieceColor: 'SPEPieceColor',
  UnitNavLine: 'UnitNavLine',
  SAPieceColor: 'SAPieceColor',
  SPDPieceColor: 'SPDPieceColor',
  UnitPAColor: 'UnitPAColor'
}
[ACTIVITY CONSTRUCTOR] name=UnitEA, component=RobAFISSystemCFD.controller
[ACTIVITY CONSTRUCTOR]   - delegates param: [{"from":"outUnitNavLine","to":"leavePA"},{"from":"outUnitNavLine","to":"turnRight"},{"from":"outUnitNavLine","to":"returnJourney"},{"from":"outUnitNavLine","to":"obstacleDetected"},{"from":"outUnitNavLine","to":"obstacleRemoved"},{"from":"outUnitNavPad","to":"detectGreenPad"},{"from":"outUnitNavPad","to":"detectRedPad"},{"from":"outUnitNavPad","to":"stopAtT"},{"from":"outUnitNavPad","to":"routeToSA"},{"from":"outUnitNavPad","to":"routeToSPD"},{"from":"outUnitNavPad","to":"stopAtSPE"},{"from":"outUnitNavPad","to":"arriveAtTargetStock"},{"from":"outUnitPieceColor","to":"extractPieceT"},{"from":"outUnitPieceColor","to":"extractPieceSPE"},{"from":"outSAPieceColor","to":"insertPieceSA"},{"from":"outSPDPieceColor","to":"insertPieceSPD"},{"from":"outUnitPAColor","to":"arriveAtPA"}]
[ACTIVITY CONSTRUCTOR]   - opts: {"outParameters":[{"name":"UnitNavLine","type":"NavColor","direction":"out"},{"name":"UnitNavPad","type":"NavColor","direction":"out"},{"name":"UnitPieceColor","type":"PieceType","direction":"out"},{"name":"SAPieceColor","type":"PieceType","direction":"out"},{"name":"SPDPieceColor","type":"PieceType","direction":"out"},{"name":"UnitPAColor","type":"NavColor","direction":"out"}],"inParameters":[{"name":"OpParam","type":"MissionParameter","direction":"in"},{"name":"UnitNavPad","type":"NavColor","direction":"in"},{"name":"UnitPieceColor","type":"PieceType","direction":"in"},{"name":"SPEPresence","type":"Boolean","direction":"in"},{"name":"TPresence","type":"Boolean","direction":"in"},{"name":"TPieceColor","type":"PieceType","direction":"in"},{"name":"SPEPieceColor","type":"PieceType","direction":"in"}]}
[ACTIVITY CONSTRUCTOR]   - fullOpts.delegates: [{"from":"outUnitNavLine","to":"leavePA"},{"from":"outUnitNavLine","to":"turnRight"},{"from":"outUnitNavLine","to":"returnJourney"},{"from":"outUnitNavLine","to":"obstacleDetected"},{"from":"outUnitNavLine","to":"obstacleRemoved"},{"from":"outUnitNavPad","to":"detectGreenPad"},{"from":"outUnitNavPad","to":"detectRedPad"},{"from":"outUnitNavPad","to":"stopAtT"},{"from":"outUnitNavPad","to":"routeToSA"},{"from":"outUnitNavPad","to":"routeToSPD"},{"from":"outUnitNavPad","to":"stopAtSPE"},{"from":"outUnitNavPad","to":"arriveAtTargetStock"},{"from":"outUnitPieceColor","to":"extractPieceT"},{"from":"outUnitPieceColor","to":"extractPieceSPE"},{"from":"outSAPieceColor","to":"insertPieceSA"},{"from":"outSPDPieceColor","to":"insertPieceSPD"},{"from":"outUnitPAColor","to":"arriveAtPA"}]
[INIT PINS] Activity: UnitEA
[INIT PINS]   - inParameters: [
  { name: 'OpParam', type: 'MissionParameter', direction: 'in' },
  { name: 'UnitNavPad', type: 'NavColor', direction: 'in' },
  { name: 'UnitPieceColor', type: 'PieceType', direction: 'in' },
  { name: 'SPEPresence', type: 'Boolean', direction: 'in' },
  { name: 'TPresence', type: 'Boolean', direction: 'in' },
  { name: 'TPieceColor', type: 'PieceType', direction: 'in' },
  { name: 'SPEPieceColor', type: 'PieceType', direction: 'in' }
]
[INIT PINS]   - delegates: [
  { from: 'outUnitNavLine', to: 'leavePA' },
  { from: 'outUnitNavLine', to: 'turnRight' },
  { from: 'outUnitNavLine', to: 'returnJourney' },
  { from: 'outUnitNavLine', to: 'obstacleDetected' },
  { from: 'outUnitNavLine', to: 'obstacleRemoved' },
  { from: 'outUnitNavPad', to: 'detectGreenPad' },
  { from: 'outUnitNavPad', to: 'detectRedPad' },
  { from: 'outUnitNavPad', to: 'stopAtT' },
  { from: 'outUnitNavPad', to: 'routeToSA' },
  { from: 'outUnitNavPad', to: 'routeToSPD' },
  { from: 'outUnitNavPad', to: 'stopAtSPE' },
  { from: 'outUnitNavPad', to: 'arriveAtTargetStock' },
  { from: 'outUnitPieceColor', to: 'extractPieceT' },
  { from: 'outUnitPieceColor', to: 'extractPieceSPE' },
  { from: 'outSAPieceColor', to: 'insertPieceSA' },
  { from: 'outSPDPieceColor', to: 'insertPieceSPD' },
  { from: 'outUnitPAColor', to: 'arriveAtPA' }
]
[INIT PINS]   - delegates JSON: [{"from":"outUnitNavLine","to":"leavePA"},{"from":"outUnitNavLine","to":"turnRight"},{"from":"outUnitNavLine","to":"returnJourney"},{"from":"outUnitNavLine","to":"obstacleDetected"},{"from":"outUnitNavLine","to":"obstacleRemoved"},{"from":"outUnitNavPad","to":"detectGreenPad"},{"from":"outUnitNavPad","to":"detectRedPad"},{"from":"outUnitNavPad","to":"stopAtT"},{"from":"outUnitNavPad","to":"routeToSA"},{"from":"outUnitNavPad","to":"routeToSPD"},{"from":"outUnitNavPad","to":"stopAtSPE"},{"from":"outUnitNavPad","to":"arriveAtTargetStock"},{"from":"outUnitPieceColor","to":"extractPieceT"},{"from":"outUnitPieceColor","to":"extractPieceSPE"},{"from":"outSAPieceColor","to":"insertPieceSA"},{"from":"outSPDPieceColor","to":"insertPieceSPD"},{"from":"outUnitPAColor","to":"arriveAtPA"}]
[INIT PINS]   - Final portToPinMapping: {
  OpParam: 'OpParam',
  UnitNavPad: 'UnitNavPad',
  UnitPieceColor: 'UnitPieceColor',
  SPEPresence: 'SPEPresence',
  TPresence: 'TPresence',
  TPieceColor: 'TPieceColor',
  SPEPieceColor: 'SPEPieceColor',
  UnitNavLine: 'UnitNavLine',
  SAPieceColor: 'SAPieceColor',
  SPDPieceColor: 'SPDPieceColor',
  UnitPAColor: 'UnitPAColor'
}
[MODEL] initializeAllConnectors() called
[MODEL]   - _moduleContext available: true
[MODEL]   - _moduleContext keys: [
  'PT_SysADL_Ports_ParameterIPT',
  'PT_SysADL_Ports_ParameterOPT',
  'PT_SysADL_Ports_PieceTypeIPT',
  'PT_SysADL_Ports_PieceTypeOPT',
  'PT_SysADL_Ports_PresenceIPT',
  'PT_SysADL_Ports_PresenceOPT',
  'PT_SysADL_Ports_CommandIPT',
  'PT_SysADL_Ports_CommandOPT',
  'PT_SysADL_Ports_DirectionIPT',
  'PT_SysADL_Ports_DirectionOPT'
]
[MODEL]   - Checking component: RobAFISSystemCFD
[MODEL]     - Initializing connector: pConn
[CONNECTOR setModel] pConn: model=SysADLModel, _needsInitialization=true
[CONNECTOR setModel]   - participantSchema keys: [ 'parameterOPT', 'parameterIPT' ]
[CONNECTOR setModel]   - _moduleContext set with keys: [
  'PT_SysADL_Ports_ParameterIPT',
  'PT_SysADL_Ports_ParameterOPT',
  'PT_SysADL_Ports_PieceTypeIPT',
  'PT_SysADL_Ports_PieceTypeOPT',
  'PT_SysADL_Ports_PresenceIPT'
]
[CONNECTOR setModel]   - Calling initializeInternalParticipants()
Initializing participant parameterOPT with portClass PT_SysADL_Ports_ParameterOPT
Resolving port class: PT_SysADL_Ports_ParameterOPT
Module context available: true
Module context keys: [
  'PT_SysADL_Ports_ParameterIPT',
  'PT_SysADL_Ports_ParameterOPT',
  'PT_SysADL_Ports_PieceTypeIPT',
  'PT_SysADL_Ports_PieceTypeOPT',
  'PT_SysADL_Ports_PresenceIPT',
  'PT_SysADL_Ports_PresenceOPT',
  'PT_SysADL_Ports_CommandIPT',
  'PT_SysADL_Ports_CommandOPT',
  'PT_SysADL_Ports_DirectionIPT',
  'PT_SysADL_Ports_DirectionOPT',
  'PT_EnvPortsRobAFIS_OutPieceColor',
  'PT_EnvPortsRobAFIS_InPieceColor',
  'PT_EnvPortsRobAFIS_OutNavColor',
  'PT_EnvPortsRobAFIS_InNavColor',
  'PT_EnvPortsRobAFIS_OutPresence',
  'PT_EnvPortsRobAFIS_InPresence',
  'PT_EnvPortsRobAFIS_OutParameter',
  'PT_EnvPortsRobAFIS_InParameter',
  'PT_EnvPortsRobAFIS_OutMotorCommand',
  'PT_EnvPortsRobAFIS_InMotorCommand',
  'CN_SysADL_Connectors_ParameterCN',
  'CN_SysADL_Connectors_PieceTypeCN',
  'CN_SysADL_Connectors_PresenceCN',
  'CN_SysADL_Connectors_CommandCN',
  'CN_SysADL_Connectors_DirectionCN',
  'CN_EnvConnectorsRobAFIS_DetectPieceColorEnvCN',
  'CN_EnvConnectorsRobAFIS_DetectParameterEnvCN',
  'CN_EnvConnectorsRobAFIS_ReadParameterEnvCN',
  'CN_EnvConnectorsRobAFIS_ReadPieceColorEnvCN',
  'CN_EnvConnectorsRobAFIS_ReadPresenceEnvCN',
  'CN_EnvConnectorsRobAFIS_SendMotorCommandEnvCN',
  'CN_EnvConnectorsRobAFIS_SendEnvironmentalDirectionEnvCN',
  'CN_EnvConnectorsRobAFIS_SendPieceColorEnvCN',
  'CT_SysADL_Behavior_DecideCommandEQ',
  'CT_SysADL_Behavior_ExtractDirEQ',
  'CT_SysADL_Behavior_ExtractGrabEQ',
  'EX_SysADL_Execution_DecideCommandEX',
  'EX_SysADL_Execution_ExtractDirEX',
  'EX_SysADL_Execution_ExtractGrabEX',
  'EX_SysADL_Boundary_Execution_TranslateDirectionToColorEX',
  'EX_SysADL_Boundary_Execution_PassParameterEX',
  'EX_ScenariosRobAFIS_Execution_PassPieceTypeEX',
  'EX_SysADL_Boundary_Execution_PassPresenceEX',
  'EX_ScenariosRobAFIS_Execution_PassMotorCommandEX',
  'EX_ScenariosRobAFIS_Execution_PassMissionParameterEX',
  'EX_ScenariosRobAFIS_Execution_PassNavColorEX',
  'EN_PieceType',
  'EN_MissionParameter',
  'EN_MotorCommand',
  'EN_Direction',
  'EN_NavColor',
  'DT_RobotCommands'
]
Found in module context: [class PT_SysADL_Ports_ParameterOPT extends SimplePort]
Final result for PT_SysADL_Ports_ParameterOPT: [class PT_SysADL_Ports_ParameterOPT extends SimplePort]
Resolved simple port class: [class PT_SysADL_Ports_ParameterOPT extends SimplePort]
PortClass type: function
PortClass constructor: [Function: Function]
Initializing participant parameterIPT with portClass PT_SysADL_Ports_ParameterIPT
Resolving port class: PT_SysADL_Ports_ParameterIPT
Module context available: true
Module context keys: [
  'PT_SysADL_Ports_ParameterIPT',
  'PT_SysADL_Ports_ParameterOPT',
  'PT_SysADL_Ports_PieceTypeIPT',
  'PT_SysADL_Ports_PieceTypeOPT',
  'PT_SysADL_Ports_PresenceIPT',
  'PT_SysADL_Ports_PresenceOPT',
  'PT_SysADL_Ports_CommandIPT',
  'PT_SysADL_Ports_CommandOPT',
  'PT_SysADL_Ports_DirectionIPT',
  'PT_SysADL_Ports_DirectionOPT',
  'PT_EnvPortsRobAFIS_OutPieceColor',
  'PT_EnvPortsRobAFIS_InPieceColor',
  'PT_EnvPortsRobAFIS_OutNavColor',
  'PT_EnvPortsRobAFIS_InNavColor',
  'PT_EnvPortsRobAFIS_OutPresence',
  'PT_EnvPortsRobAFIS_InPresence',
  'PT_EnvPortsRobAFIS_OutParameter',
  'PT_EnvPortsRobAFIS_InParameter',
  'PT_EnvPortsRobAFIS_OutMotorCommand',
  'PT_EnvPortsRobAFIS_InMotorCommand',
  'CN_SysADL_Connectors_ParameterCN',
  'CN_SysADL_Connectors_PieceTypeCN',
  'CN_SysADL_Connectors_PresenceCN',
  'CN_SysADL_Connectors_CommandCN',
  'CN_SysADL_Connectors_DirectionCN',
  'CN_EnvConnectorsRobAFIS_DetectPieceColorEnvCN',
  'CN_EnvConnectorsRobAFIS_DetectParameterEnvCN',
  'CN_EnvConnectorsRobAFIS_ReadParameterEnvCN',
  'CN_EnvConnectorsRobAFIS_ReadPieceColorEnvCN',
  'CN_EnvConnectorsRobAFIS_ReadPresenceEnvCN',
  'CN_EnvConnectorsRobAFIS_SendMotorCommandEnvCN',
  'CN_EnvConnectorsRobAFIS_SendEnvironmentalDirectionEnvCN',
  'CN_EnvConnectorsRobAFIS_SendPieceColorEnvCN',
  'CT_SysADL_Behavior_DecideCommandEQ',
  'CT_SysADL_Behavior_ExtractDirEQ',
  'CT_SysADL_Behavior_ExtractGrabEQ',
  'EX_SysADL_Execution_DecideCommandEX',
  'EX_SysADL_Execution_ExtractDirEX',
  'EX_SysADL_Execution_ExtractGrabEX',
  'EX_SysADL_Boundary_Execution_TranslateDirectionToColorEX',
  'EX_SysADL_Boundary_Execution_PassParameterEX',
  'EX_ScenariosRobAFIS_Execution_PassPieceTypeEX',
  'EX_SysADL_Boundary_Execution_PassPresenceEX',
  'EX_ScenariosRobAFIS_Execution_PassMotorCommandEX',
  'EX_ScenariosRobAFIS_Execution_PassMissionParameterEX',
  'EX_ScenariosRobAFIS_Execution_PassNavColorEX',
  'EN_PieceType',
  'EN_MissionParameter',
  'EN_MotorCommand',
  'EN_Direction',
  'EN_NavColor',
  'DT_RobotCommands'
]
Found in module context: [class PT_SysADL_Ports_ParameterIPT extends SimplePort]
Final result for PT_SysADL_Ports_ParameterIPT: [class PT_SysADL_Ports_ParameterIPT extends SimplePort]
Resolved simple port class: [class PT_SysADL_Ports_ParameterIPT extends SimplePort]
PortClass type: function
PortClass constructor: [Function: Function]
[BIND TO] pConn.parameterOPT bindTo -> bindingType=Object, hasReceive=true
[MODEL]     - Initializing connector: colorConn
[CONNECTOR setModel] colorConn: model=SysADLModel, _needsInitialization=true
[CONNECTOR setModel]   - participantSchema keys: [ 'pieceTypeOPT', 'pieceTypeIPT' ]
[CONNECTOR setModel]   - _moduleContext set with keys: [
  'PT_SysADL_Ports_ParameterIPT',
  'PT_SysADL_Ports_ParameterOPT',
  'PT_SysADL_Ports_PieceTypeIPT',
  'PT_SysADL_Ports_PieceTypeOPT',
  'PT_SysADL_Ports_PresenceIPT'
]
[CONNECTOR setModel]   - Calling initializeInternalParticipants()
Initializing participant pieceTypeOPT with portClass PT_SysADL_Ports_PieceTypeOPT
Resolving port class: PT_SysADL_Ports_PieceTypeOPT
Module context available: true
Module context keys: [
  'PT_SysADL_Ports_ParameterIPT',
  'PT_SysADL_Ports_ParameterOPT',
  'PT_SysADL_Ports_PieceTypeIPT',
  'PT_SysADL_Ports_PieceTypeOPT',
  'PT_SysADL_Ports_PresenceIPT',
  'PT_SysADL_Ports_PresenceOPT',
  'PT_SysADL_Ports_CommandIPT',
  'PT_SysADL_Ports_CommandOPT',
  'PT_SysADL_Ports_DirectionIPT',
  'PT_SysADL_Ports_DirectionOPT',
  'PT_EnvPortsRobAFIS_OutPieceColor',
  'PT_EnvPortsRobAFIS_InPieceColor',
  'PT_EnvPortsRobAFIS_OutNavColor',
  'PT_EnvPortsRobAFIS_InNavColor',
  'PT_EnvPortsRobAFIS_OutPresence',
  'PT_EnvPortsRobAFIS_InPresence',
  'PT_EnvPortsRobAFIS_OutParameter',
  'PT_EnvPortsRobAFIS_InParameter',
  'PT_EnvPortsRobAFIS_OutMotorCommand',
  'PT_EnvPortsRobAFIS_InMotorCommand',
  'CN_SysADL_Connectors_ParameterCN',
  'CN_SysADL_Connectors_PieceTypeCN',
  'CN_SysADL_Connectors_PresenceCN',
  'CN_SysADL_Connectors_CommandCN',
  'CN_SysADL_Connectors_DirectionCN',
  'CN_EnvConnectorsRobAFIS_DetectPieceColorEnvCN',
  'CN_EnvConnectorsRobAFIS_DetectParameterEnvCN',
  'CN_EnvConnectorsRobAFIS_ReadParameterEnvCN',
  'CN_EnvConnectorsRobAFIS_ReadPieceColorEnvCN',
  'CN_EnvConnectorsRobAFIS_ReadPresenceEnvCN',
  'CN_EnvConnectorsRobAFIS_SendMotorCommandEnvCN',
  'CN_EnvConnectorsRobAFIS_SendEnvironmentalDirectionEnvCN',
  'CN_EnvConnectorsRobAFIS_SendPieceColorEnvCN',
  'CT_SysADL_Behavior_DecideCommandEQ',
  'CT_SysADL_Behavior_ExtractDirEQ',
  'CT_SysADL_Behavior_ExtractGrabEQ',
  'EX_SysADL_Execution_DecideCommandEX',
  'EX_SysADL_Execution_ExtractDirEX',
  'EX_SysADL_Execution_ExtractGrabEX',
  'EX_SysADL_Boundary_Execution_TranslateDirectionToColorEX',
  'EX_SysADL_Boundary_Execution_PassParameterEX',
  'EX_ScenariosRobAFIS_Execution_PassPieceTypeEX',
  'EX_SysADL_Boundary_Execution_PassPresenceEX',
  'EX_ScenariosRobAFIS_Execution_PassMotorCommandEX',
  'EX_ScenariosRobAFIS_Execution_PassMissionParameterEX',
  'EX_ScenariosRobAFIS_Execution_PassNavColorEX',
  'EN_PieceType',
  'EN_MissionParameter',
  'EN_MotorCommand',
  'EN_Direction',
  'EN_NavColor',
  'DT_RobotCommands'
]
Found in module context: [class PT_SysADL_Ports_PieceTypeOPT extends SimplePort]
Final result for PT_SysADL_Ports_PieceTypeOPT: [class PT_SysADL_Ports_PieceTypeOPT extends SimplePort]
Resolved simple port class: [class PT_SysADL_Ports_PieceTypeOPT extends SimplePort]
PortClass type: function
PortClass constructor: [Function: Function]
Initializing participant pieceTypeIPT with portClass PT_SysADL_Ports_PieceTypeIPT
Resolving port class: PT_SysADL_Ports_PieceTypeIPT
Module context available: true
Module context keys: [
  'PT_SysADL_Ports_ParameterIPT',
  'PT_SysADL_Ports_ParameterOPT',
  'PT_SysADL_Ports_PieceTypeIPT',
  'PT_SysADL_Ports_PieceTypeOPT',
  'PT_SysADL_Ports_PresenceIPT',
  'PT_SysADL_Ports_PresenceOPT',
  'PT_SysADL_Ports_CommandIPT',
  'PT_SysADL_Ports_CommandOPT',
  'PT_SysADL_Ports_DirectionIPT',
  'PT_SysADL_Ports_DirectionOPT',
  'PT_EnvPortsRobAFIS_OutPieceColor',
  'PT_EnvPortsRobAFIS_InPieceColor',
  'PT_EnvPortsRobAFIS_OutNavColor',
  'PT_EnvPortsRobAFIS_InNavColor',
  'PT_EnvPortsRobAFIS_OutPresence',
  'PT_EnvPortsRobAFIS_InPresence',
  'PT_EnvPortsRobAFIS_OutParameter',
  'PT_EnvPortsRobAFIS_InParameter',
  'PT_EnvPortsRobAFIS_OutMotorCommand',
  'PT_EnvPortsRobAFIS_InMotorCommand',
  'CN_SysADL_Connectors_ParameterCN',
  'CN_SysADL_Connectors_PieceTypeCN',
  'CN_SysADL_Connectors_PresenceCN',
  'CN_SysADL_Connectors_CommandCN',
  'CN_SysADL_Connectors_DirectionCN',
  'CN_EnvConnectorsRobAFIS_DetectPieceColorEnvCN',
  'CN_EnvConnectorsRobAFIS_DetectParameterEnvCN',
  'CN_EnvConnectorsRobAFIS_ReadParameterEnvCN',
  'CN_EnvConnectorsRobAFIS_ReadPieceColorEnvCN',
  'CN_EnvConnectorsRobAFIS_ReadPresenceEnvCN',
  'CN_EnvConnectorsRobAFIS_SendMotorCommandEnvCN',
  'CN_EnvConnectorsRobAFIS_SendEnvironmentalDirectionEnvCN',
  'CN_EnvConnectorsRobAFIS_SendPieceColorEnvCN',
  'CT_SysADL_Behavior_DecideCommandEQ',
  'CT_SysADL_Behavior_ExtractDirEQ',
  'CT_SysADL_Behavior_ExtractGrabEQ',
  'EX_SysADL_Execution_DecideCommandEX',
  'EX_SysADL_Execution_ExtractDirEX',
  'EX_SysADL_Execution_ExtractGrabEX',
  'EX_SysADL_Boundary_Execution_TranslateDirectionToColorEX',
  'EX_SysADL_Boundary_Execution_PassParameterEX',
  'EX_ScenariosRobAFIS_Execution_PassPieceTypeEX',
  'EX_SysADL_Boundary_Execution_PassPresenceEX',
  'EX_ScenariosRobAFIS_Execution_PassMotorCommandEX',
  'EX_ScenariosRobAFIS_Execution_PassMissionParameterEX',
  'EX_ScenariosRobAFIS_Execution_PassNavColorEX',
  'EN_PieceType',
  'EN_MissionParameter',
  'EN_MotorCommand',
  'EN_Direction',
  'EN_NavColor',
  'DT_RobotCommands'
]
Found in module context: [class PT_SysADL_Ports_PieceTypeIPT extends SimplePort]
Final result for PT_SysADL_Ports_PieceTypeIPT: [class PT_SysADL_Ports_PieceTypeIPT extends SimplePort]
Resolved simple port class: [class PT_SysADL_Ports_PieceTypeIPT extends SimplePort]
PortClass type: function
PortClass constructor: [Function: Function]
[BIND TO] colorConn.pieceTypeOPT bindTo -> bindingType=Object, hasReceive=true
[MODEL]     - Initializing connector: speConn
[CONNECTOR setModel] speConn: model=SysADLModel, _needsInitialization=true
[CONNECTOR setModel]   - participantSchema keys: [ 'presenceOPT', 'presenceIPT' ]
[CONNECTOR setModel]   - _moduleContext set with keys: [
  'PT_SysADL_Ports_ParameterIPT',
  'PT_SysADL_Ports_ParameterOPT',
  'PT_SysADL_Ports_PieceTypeIPT',
  'PT_SysADL_Ports_PieceTypeOPT',
  'PT_SysADL_Ports_PresenceIPT'
]
[CONNECTOR setModel]   - Calling initializeInternalParticipants()
Initializing participant presenceOPT with portClass PT_SysADL_Ports_PresenceOPT
Resolving port class: PT_SysADL_Ports_PresenceOPT
Module context available: true
Module context keys: [
  'PT_SysADL_Ports_ParameterIPT',
  'PT_SysADL_Ports_ParameterOPT',
  'PT_SysADL_Ports_PieceTypeIPT',
  'PT_SysADL_Ports_PieceTypeOPT',
  'PT_SysADL_Ports_PresenceIPT',
  'PT_SysADL_Ports_PresenceOPT',
  'PT_SysADL_Ports_CommandIPT',
  'PT_SysADL_Ports_CommandOPT',
  'PT_SysADL_Ports_DirectionIPT',
  'PT_SysADL_Ports_DirectionOPT',
  'PT_EnvPortsRobAFIS_OutPieceColor',
  'PT_EnvPortsRobAFIS_InPieceColor',
  'PT_EnvPortsRobAFIS_OutNavColor',
  'PT_EnvPortsRobAFIS_InNavColor',
  'PT_EnvPortsRobAFIS_OutPresence',
  'PT_EnvPortsRobAFIS_InPresence',
  'PT_EnvPortsRobAFIS_OutParameter',
  'PT_EnvPortsRobAFIS_InParameter',
  'PT_EnvPortsRobAFIS_OutMotorCommand',
  'PT_EnvPortsRobAFIS_InMotorCommand',
  'CN_SysADL_Connectors_ParameterCN',
  'CN_SysADL_Connectors_PieceTypeCN',
  'CN_SysADL_Connectors_PresenceCN',
  'CN_SysADL_Connectors_CommandCN',
  'CN_SysADL_Connectors_DirectionCN',
  'CN_EnvConnectorsRobAFIS_DetectPieceColorEnvCN',
  'CN_EnvConnectorsRobAFIS_DetectParameterEnvCN',
  'CN_EnvConnectorsRobAFIS_ReadParameterEnvCN',
  'CN_EnvConnectorsRobAFIS_ReadPieceColorEnvCN',
  'CN_EnvConnectorsRobAFIS_ReadPresenceEnvCN',
  'CN_EnvConnectorsRobAFIS_SendMotorCommandEnvCN',
  'CN_EnvConnectorsRobAFIS_SendEnvironmentalDirectionEnvCN',
  'CN_EnvConnectorsRobAFIS_SendPieceColorEnvCN',
  'CT_SysADL_Behavior_DecideCommandEQ',
  'CT_SysADL_Behavior_ExtractDirEQ',
  'CT_SysADL_Behavior_ExtractGrabEQ',
  'EX_SysADL_Execution_DecideCommandEX',
  'EX_SysADL_Execution_ExtractDirEX',
  'EX_SysADL_Execution_ExtractGrabEX',
  'EX_SysADL_Boundary_Execution_TranslateDirectionToColorEX',
  'EX_SysADL_Boundary_Execution_PassParameterEX',
  'EX_ScenariosRobAFIS_Execution_PassPieceTypeEX',
  'EX_SysADL_Boundary_Execution_PassPresenceEX',
  'EX_ScenariosRobAFIS_Execution_PassMotorCommandEX',
  'EX_ScenariosRobAFIS_Execution_PassMissionParameterEX',
  'EX_ScenariosRobAFIS_Execution_PassNavColorEX',
  'EN_PieceType',
  'EN_MissionParameter',
  'EN_MotorCommand',
  'EN_Direction',
  'EN_NavColor',
  'DT_RobotCommands'
]
Found in module context: [class PT_SysADL_Ports_PresenceOPT extends SimplePort]
Final result for PT_SysADL_Ports_PresenceOPT: [class PT_SysADL_Ports_PresenceOPT extends SimplePort]
Resolved simple port class: [class PT_SysADL_Ports_PresenceOPT extends SimplePort]
PortClass type: function
PortClass constructor: [Function: Function]
Initializing participant presenceIPT with portClass PT_SysADL_Ports_PresenceIPT
Resolving port class: PT_SysADL_Ports_PresenceIPT
Module context available: true
Module context keys: [
  'PT_SysADL_Ports_ParameterIPT',
  'PT_SysADL_Ports_ParameterOPT',
  'PT_SysADL_Ports_PieceTypeIPT',
  'PT_SysADL_Ports_PieceTypeOPT',
  'PT_SysADL_Ports_PresenceIPT',
  'PT_SysADL_Ports_PresenceOPT',
  'PT_SysADL_Ports_CommandIPT',
  'PT_SysADL_Ports_CommandOPT',
  'PT_SysADL_Ports_DirectionIPT',
  'PT_SysADL_Ports_DirectionOPT',
  'PT_EnvPortsRobAFIS_OutPieceColor',
  'PT_EnvPortsRobAFIS_InPieceColor',
  'PT_EnvPortsRobAFIS_OutNavColor',
  'PT_EnvPortsRobAFIS_InNavColor',
  'PT_EnvPortsRobAFIS_OutPresence',
  'PT_EnvPortsRobAFIS_InPresence',
  'PT_EnvPortsRobAFIS_OutParameter',
  'PT_EnvPortsRobAFIS_InParameter',
  'PT_EnvPortsRobAFIS_OutMotorCommand',
  'PT_EnvPortsRobAFIS_InMotorCommand',
  'CN_SysADL_Connectors_ParameterCN',
  'CN_SysADL_Connectors_PieceTypeCN',
  'CN_SysADL_Connectors_PresenceCN',
  'CN_SysADL_Connectors_CommandCN',
  'CN_SysADL_Connectors_DirectionCN',
  'CN_EnvConnectorsRobAFIS_DetectPieceColorEnvCN',
  'CN_EnvConnectorsRobAFIS_DetectParameterEnvCN',
  'CN_EnvConnectorsRobAFIS_ReadParameterEnvCN',
  'CN_EnvConnectorsRobAFIS_ReadPieceColorEnvCN',
  'CN_EnvConnectorsRobAFIS_ReadPresenceEnvCN',
  'CN_EnvConnectorsRobAFIS_SendMotorCommandEnvCN',
  'CN_EnvConnectorsRobAFIS_SendEnvironmentalDirectionEnvCN',
  'CN_EnvConnectorsRobAFIS_SendPieceColorEnvCN',
  'CT_SysADL_Behavior_DecideCommandEQ',
  'CT_SysADL_Behavior_ExtractDirEQ',
  'CT_SysADL_Behavior_ExtractGrabEQ',
  'EX_SysADL_Execution_DecideCommandEX',
  'EX_SysADL_Execution_ExtractDirEX',
  'EX_SysADL_Execution_ExtractGrabEX',
  'EX_SysADL_Boundary_Execution_TranslateDirectionToColorEX',
  'EX_SysADL_Boundary_Execution_PassParameterEX',
  'EX_ScenariosRobAFIS_Execution_PassPieceTypeEX',
  'EX_SysADL_Boundary_Execution_PassPresenceEX',
  'EX_ScenariosRobAFIS_Execution_PassMotorCommandEX',
  'EX_ScenariosRobAFIS_Execution_PassMissionParameterEX',
  'EX_ScenariosRobAFIS_Execution_PassNavColorEX',
  'EN_PieceType',
  'EN_MissionParameter',
  'EN_MotorCommand',
  'EN_Direction',
  'EN_NavColor',
  'DT_RobotCommands'
]
Found in module context: [class PT_SysADL_Ports_PresenceIPT extends SimplePort]
Final result for PT_SysADL_Ports_PresenceIPT: [class PT_SysADL_Ports_PresenceIPT extends SimplePort]
Resolved simple port class: [class PT_SysADL_Ports_PresenceIPT extends SimplePort]
PortClass type: function
PortClass constructor: [Function: Function]
[BIND TO] speConn.presenceOPT bindTo -> bindingType=Object, hasReceive=true
[MODEL]     - Initializing connector: tConn
[CONNECTOR setModel] tConn: model=SysADLModel, _needsInitialization=true
[CONNECTOR setModel]   - participantSchema keys: [ 'presenceOPT', 'presenceIPT' ]
[CONNECTOR setModel]   - _moduleContext set with keys: [
  'PT_SysADL_Ports_ParameterIPT',
  'PT_SysADL_Ports_ParameterOPT',
  'PT_SysADL_Ports_PieceTypeIPT',
  'PT_SysADL_Ports_PieceTypeOPT',
  'PT_SysADL_Ports_PresenceIPT'
]
[CONNECTOR setModel]   - Calling initializeInternalParticipants()
Initializing participant presenceOPT with portClass PT_SysADL_Ports_PresenceOPT
Resolving port class: PT_SysADL_Ports_PresenceOPT
Module context available: true
Module context keys: [
  'PT_SysADL_Ports_ParameterIPT',
  'PT_SysADL_Ports_ParameterOPT',
  'PT_SysADL_Ports_PieceTypeIPT',
  'PT_SysADL_Ports_PieceTypeOPT',
  'PT_SysADL_Ports_PresenceIPT',
  'PT_SysADL_Ports_PresenceOPT',
  'PT_SysADL_Ports_CommandIPT',
  'PT_SysADL_Ports_CommandOPT',
  'PT_SysADL_Ports_DirectionIPT',
  'PT_SysADL_Ports_DirectionOPT',
  'PT_EnvPortsRobAFIS_OutPieceColor',
  'PT_EnvPortsRobAFIS_InPieceColor',
  'PT_EnvPortsRobAFIS_OutNavColor',
  'PT_EnvPortsRobAFIS_InNavColor',
  'PT_EnvPortsRobAFIS_OutPresence',
  'PT_EnvPortsRobAFIS_InPresence',
  'PT_EnvPortsRobAFIS_OutParameter',
  'PT_EnvPortsRobAFIS_InParameter',
  'PT_EnvPortsRobAFIS_OutMotorCommand',
  'PT_EnvPortsRobAFIS_InMotorCommand',
  'CN_SysADL_Connectors_ParameterCN',
  'CN_SysADL_Connectors_PieceTypeCN',
  'CN_SysADL_Connectors_PresenceCN',
  'CN_SysADL_Connectors_CommandCN',
  'CN_SysADL_Connectors_DirectionCN',
  'CN_EnvConnectorsRobAFIS_DetectPieceColorEnvCN',
  'CN_EnvConnectorsRobAFIS_DetectParameterEnvCN',
  'CN_EnvConnectorsRobAFIS_ReadParameterEnvCN',
  'CN_EnvConnectorsRobAFIS_ReadPieceColorEnvCN',
  'CN_EnvConnectorsRobAFIS_ReadPresenceEnvCN',
  'CN_EnvConnectorsRobAFIS_SendMotorCommandEnvCN',
  'CN_EnvConnectorsRobAFIS_SendEnvironmentalDirectionEnvCN',
  'CN_EnvConnectorsRobAFIS_SendPieceColorEnvCN',
  'CT_SysADL_Behavior_DecideCommandEQ',
  'CT_SysADL_Behavior_ExtractDirEQ',
  'CT_SysADL_Behavior_ExtractGrabEQ',
  'EX_SysADL_Execution_DecideCommandEX',
  'EX_SysADL_Execution_ExtractDirEX',
  'EX_SysADL_Execution_ExtractGrabEX',
  'EX_SysADL_Boundary_Execution_TranslateDirectionToColorEX',
  'EX_SysADL_Boundary_Execution_PassParameterEX',
  'EX_ScenariosRobAFIS_Execution_PassPieceTypeEX',
  'EX_SysADL_Boundary_Execution_PassPresenceEX',
  'EX_ScenariosRobAFIS_Execution_PassMotorCommandEX',
  'EX_ScenariosRobAFIS_Execution_PassMissionParameterEX',
  'EX_ScenariosRobAFIS_Execution_PassNavColorEX',
  'EN_PieceType',
  'EN_MissionParameter',
  'EN_MotorCommand',
  'EN_Direction',
  'EN_NavColor',
  'DT_RobotCommands'
]
Found in module context: [class PT_SysADL_Ports_PresenceOPT extends SimplePort]
Final result for PT_SysADL_Ports_PresenceOPT: [class PT_SysADL_Ports_PresenceOPT extends SimplePort]
Resolved simple port class: [class PT_SysADL_Ports_PresenceOPT extends SimplePort]
PortClass type: function
PortClass constructor: [Function: Function]
Initializing participant presenceIPT with portClass PT_SysADL_Ports_PresenceIPT
Resolving port class: PT_SysADL_Ports_PresenceIPT
Module context available: true
Module context keys: [
  'PT_SysADL_Ports_ParameterIPT',
  'PT_SysADL_Ports_ParameterOPT',
  'PT_SysADL_Ports_PieceTypeIPT',
  'PT_SysADL_Ports_PieceTypeOPT',
  'PT_SysADL_Ports_PresenceIPT',
  'PT_SysADL_Ports_PresenceOPT',
  'PT_SysADL_Ports_CommandIPT',
  'PT_SysADL_Ports_CommandOPT',
  'PT_SysADL_Ports_DirectionIPT',
  'PT_SysADL_Ports_DirectionOPT',
  'PT_EnvPortsRobAFIS_OutPieceColor',
  'PT_EnvPortsRobAFIS_InPieceColor',
  'PT_EnvPortsRobAFIS_OutNavColor',
  'PT_EnvPortsRobAFIS_InNavColor',
  'PT_EnvPortsRobAFIS_OutPresence',
  'PT_EnvPortsRobAFIS_InPresence',
  'PT_EnvPortsRobAFIS_OutParameter',
  'PT_EnvPortsRobAFIS_InParameter',
  'PT_EnvPortsRobAFIS_OutMotorCommand',
  'PT_EnvPortsRobAFIS_InMotorCommand',
  'CN_SysADL_Connectors_ParameterCN',
  'CN_SysADL_Connectors_PieceTypeCN',
  'CN_SysADL_Connectors_PresenceCN',
  'CN_SysADL_Connectors_CommandCN',
  'CN_SysADL_Connectors_DirectionCN',
  'CN_EnvConnectorsRobAFIS_DetectPieceColorEnvCN',
  'CN_EnvConnectorsRobAFIS_DetectParameterEnvCN',
  'CN_EnvConnectorsRobAFIS_ReadParameterEnvCN',
  'CN_EnvConnectorsRobAFIS_ReadPieceColorEnvCN',
  'CN_EnvConnectorsRobAFIS_ReadPresenceEnvCN',
  'CN_EnvConnectorsRobAFIS_SendMotorCommandEnvCN',
  'CN_EnvConnectorsRobAFIS_SendEnvironmentalDirectionEnvCN',
  'CN_EnvConnectorsRobAFIS_SendPieceColorEnvCN',
  'CT_SysADL_Behavior_DecideCommandEQ',
  'CT_SysADL_Behavior_ExtractDirEQ',
  'CT_SysADL_Behavior_ExtractGrabEQ',
  'EX_SysADL_Execution_DecideCommandEX',
  'EX_SysADL_Execution_ExtractDirEX',
  'EX_SysADL_Execution_ExtractGrabEX',
  'EX_SysADL_Boundary_Execution_TranslateDirectionToColorEX',
  'EX_SysADL_Boundary_Execution_PassParameterEX',
  'EX_ScenariosRobAFIS_Execution_PassPieceTypeEX',
  'EX_SysADL_Boundary_Execution_PassPresenceEX',
  'EX_ScenariosRobAFIS_Execution_PassMotorCommandEX',
  'EX_ScenariosRobAFIS_Execution_PassMissionParameterEX',
  'EX_ScenariosRobAFIS_Execution_PassNavColorEX',
  'EN_PieceType',
  'EN_MissionParameter',
  'EN_MotorCommand',
  'EN_Direction',
  'EN_NavColor',
  'DT_RobotCommands'
]
Found in module context: [class PT_SysADL_Ports_PresenceIPT extends SimplePort]
Final result for PT_SysADL_Ports_PresenceIPT: [class PT_SysADL_Ports_PresenceIPT extends SimplePort]
Resolved simple port class: [class PT_SysADL_Ports_PresenceIPT extends SimplePort]
PortClass type: function
PortClass constructor: [Function: Function]
[BIND TO] tConn.presenceOPT bindTo -> bindingType=Object, hasReceive=true
[MODEL]     - Initializing connector: dirConn
[CONNECTOR setModel] dirConn: model=SysADLModel, _needsInitialization=true
[CONNECTOR setModel]   - participantSchema keys: [ 'directionOPT', 'directionIPT' ]
[CONNECTOR setModel]   - _moduleContext set with keys: [
  'PT_SysADL_Ports_ParameterIPT',
  'PT_SysADL_Ports_ParameterOPT',
  'PT_SysADL_Ports_PieceTypeIPT',
  'PT_SysADL_Ports_PieceTypeOPT',
  'PT_SysADL_Ports_PresenceIPT'
]
[CONNECTOR setModel]   - Calling initializeInternalParticipants()
Initializing participant directionOPT with portClass PT_SysADL_Ports_DirectionOPT
Resolving port class: PT_SysADL_Ports_DirectionOPT
Module context available: true
Module context keys: [
  'PT_SysADL_Ports_ParameterIPT',
  'PT_SysADL_Ports_ParameterOPT',
  'PT_SysADL_Ports_PieceTypeIPT',
  'PT_SysADL_Ports_PieceTypeOPT',
  'PT_SysADL_Ports_PresenceIPT',
  'PT_SysADL_Ports_PresenceOPT',
  'PT_SysADL_Ports_CommandIPT',
  'PT_SysADL_Ports_CommandOPT',
  'PT_SysADL_Ports_DirectionIPT',
  'PT_SysADL_Ports_DirectionOPT',
  'PT_EnvPortsRobAFIS_OutPieceColor',
  'PT_EnvPortsRobAFIS_InPieceColor',
  'PT_EnvPortsRobAFIS_OutNavColor',
  'PT_EnvPortsRobAFIS_InNavColor',
  'PT_EnvPortsRobAFIS_OutPresence',
  'PT_EnvPortsRobAFIS_InPresence',
  'PT_EnvPortsRobAFIS_OutParameter',
  'PT_EnvPortsRobAFIS_InParameter',
  'PT_EnvPortsRobAFIS_OutMotorCommand',
  'PT_EnvPortsRobAFIS_InMotorCommand',
  'CN_SysADL_Connectors_ParameterCN',
  'CN_SysADL_Connectors_PieceTypeCN',
  'CN_SysADL_Connectors_PresenceCN',
  'CN_SysADL_Connectors_CommandCN',
  'CN_SysADL_Connectors_DirectionCN',
  'CN_EnvConnectorsRobAFIS_DetectPieceColorEnvCN',
  'CN_EnvConnectorsRobAFIS_DetectParameterEnvCN',
  'CN_EnvConnectorsRobAFIS_ReadParameterEnvCN',
  'CN_EnvConnectorsRobAFIS_ReadPieceColorEnvCN',
  'CN_EnvConnectorsRobAFIS_ReadPresenceEnvCN',
  'CN_EnvConnectorsRobAFIS_SendMotorCommandEnvCN',
  'CN_EnvConnectorsRobAFIS_SendEnvironmentalDirectionEnvCN',
  'CN_EnvConnectorsRobAFIS_SendPieceColorEnvCN',
  'CT_SysADL_Behavior_DecideCommandEQ',
  'CT_SysADL_Behavior_ExtractDirEQ',
  'CT_SysADL_Behavior_ExtractGrabEQ',
  'EX_SysADL_Execution_DecideCommandEX',
  'EX_SysADL_Execution_ExtractDirEX',
  'EX_SysADL_Execution_ExtractGrabEX',
  'EX_SysADL_Boundary_Execution_TranslateDirectionToColorEX',
  'EX_SysADL_Boundary_Execution_PassParameterEX',
  'EX_ScenariosRobAFIS_Execution_PassPieceTypeEX',
  'EX_SysADL_Boundary_Execution_PassPresenceEX',
  'EX_ScenariosRobAFIS_Execution_PassMotorCommandEX',
  'EX_ScenariosRobAFIS_Execution_PassMissionParameterEX',
  'EX_ScenariosRobAFIS_Execution_PassNavColorEX',
  'EN_PieceType',
  'EN_MissionParameter',
  'EN_MotorCommand',
  'EN_Direction',
  'EN_NavColor',
  'DT_RobotCommands'
]
Found in module context: [class PT_SysADL_Ports_DirectionOPT extends SimplePort]
Final result for PT_SysADL_Ports_DirectionOPT: [class PT_SysADL_Ports_DirectionOPT extends SimplePort]
Resolved simple port class: [class PT_SysADL_Ports_DirectionOPT extends SimplePort]
PortClass type: function
PortClass constructor: [Function: Function]
Initializing participant directionIPT with portClass PT_SysADL_Ports_DirectionIPT
Resolving port class: PT_SysADL_Ports_DirectionIPT
Module context available: true
Module context keys: [
  'PT_SysADL_Ports_ParameterIPT',
  'PT_SysADL_Ports_ParameterOPT',
  'PT_SysADL_Ports_PieceTypeIPT',
  'PT_SysADL_Ports_PieceTypeOPT',
  'PT_SysADL_Ports_PresenceIPT',
  'PT_SysADL_Ports_PresenceOPT',
  'PT_SysADL_Ports_CommandIPT',
  'PT_SysADL_Ports_CommandOPT',
  'PT_SysADL_Ports_DirectionIPT',
  'PT_SysADL_Ports_DirectionOPT',
  'PT_EnvPortsRobAFIS_OutPieceColor',
  'PT_EnvPortsRobAFIS_InPieceColor',
  'PT_EnvPortsRobAFIS_OutNavColor',
  'PT_EnvPortsRobAFIS_InNavColor',
  'PT_EnvPortsRobAFIS_OutPresence',
  'PT_EnvPortsRobAFIS_InPresence',
  'PT_EnvPortsRobAFIS_OutParameter',
  'PT_EnvPortsRobAFIS_InParameter',
  'PT_EnvPortsRobAFIS_OutMotorCommand',
  'PT_EnvPortsRobAFIS_InMotorCommand',
  'CN_SysADL_Connectors_ParameterCN',
  'CN_SysADL_Connectors_PieceTypeCN',
  'CN_SysADL_Connectors_PresenceCN',
  'CN_SysADL_Connectors_CommandCN',
  'CN_SysADL_Connectors_DirectionCN',
  'CN_EnvConnectorsRobAFIS_DetectPieceColorEnvCN',
  'CN_EnvConnectorsRobAFIS_DetectParameterEnvCN',
  'CN_EnvConnectorsRobAFIS_ReadParameterEnvCN',
  'CN_EnvConnectorsRobAFIS_ReadPieceColorEnvCN',
  'CN_EnvConnectorsRobAFIS_ReadPresenceEnvCN',
  'CN_EnvConnectorsRobAFIS_SendMotorCommandEnvCN',
  'CN_EnvConnectorsRobAFIS_SendEnvironmentalDirectionEnvCN',
  'CN_EnvConnectorsRobAFIS_SendPieceColorEnvCN',
  'CT_SysADL_Behavior_DecideCommandEQ',
  'CT_SysADL_Behavior_ExtractDirEQ',
  'CT_SysADL_Behavior_ExtractGrabEQ',
  'EX_SysADL_Execution_DecideCommandEX',
  'EX_SysADL_Execution_ExtractDirEX',
  'EX_SysADL_Execution_ExtractGrabEX',
  'EX_SysADL_Boundary_Execution_TranslateDirectionToColorEX',
  'EX_SysADL_Boundary_Execution_PassParameterEX',
  'EX_ScenariosRobAFIS_Execution_PassPieceTypeEX',
  'EX_SysADL_Boundary_Execution_PassPresenceEX',
  'EX_ScenariosRobAFIS_Execution_PassMotorCommandEX',
  'EX_ScenariosRobAFIS_Execution_PassMissionParameterEX',
  'EX_ScenariosRobAFIS_Execution_PassNavColorEX',
  'EN_PieceType',
  'EN_MissionParameter',
  'EN_MotorCommand',
  'EN_Direction',
  'EN_NavColor',
  'DT_RobotCommands'
]
Found in module context: [class PT_SysADL_Ports_DirectionIPT extends SimplePort]
Final result for PT_SysADL_Ports_DirectionIPT: [class PT_SysADL_Ports_DirectionIPT extends SimplePort]
Resolved simple port class: [class PT_SysADL_Ports_DirectionIPT extends SimplePort]
PortClass type: function
PortClass constructor: [Function: Function]
[BIND TO] dirConn.directionOPT bindTo -> bindingType=Object, hasReceive=true
[MODEL]     - Initializing connector: grabConn
[CONNECTOR setModel] grabConn: model=SysADLModel, _needsInitialization=true
[CONNECTOR setModel]   - participantSchema keys: [ 'commandOPT', 'commandIPT' ]
[CONNECTOR setModel]   - _moduleContext set with keys: [
  'PT_SysADL_Ports_ParameterIPT',
  'PT_SysADL_Ports_ParameterOPT',
  'PT_SysADL_Ports_PieceTypeIPT',
  'PT_SysADL_Ports_PieceTypeOPT',
  'PT_SysADL_Ports_PresenceIPT'
]
[CONNECTOR setModel]   - Calling initializeInternalParticipants()
Initializing participant commandOPT with portClass PT_SysADL_Ports_CommandOPT
Resolving port class: PT_SysADL_Ports_CommandOPT
Module context available: true
Module context keys: [
  'PT_SysADL_Ports_ParameterIPT',
  'PT_SysADL_Ports_ParameterOPT',
  'PT_SysADL_Ports_PieceTypeIPT',
  'PT_SysADL_Ports_PieceTypeOPT',
  'PT_SysADL_Ports_PresenceIPT',
  'PT_SysADL_Ports_PresenceOPT',
  'PT_SysADL_Ports_CommandIPT',
  'PT_SysADL_Ports_CommandOPT',
  'PT_SysADL_Ports_DirectionIPT',
  'PT_SysADL_Ports_DirectionOPT',
  'PT_EnvPortsRobAFIS_OutPieceColor',
  'PT_EnvPortsRobAFIS_InPieceColor',
  'PT_EnvPortsRobAFIS_OutNavColor',
  'PT_EnvPortsRobAFIS_InNavColor',
  'PT_EnvPortsRobAFIS_OutPresence',
  'PT_EnvPortsRobAFIS_InPresence',
  'PT_EnvPortsRobAFIS_OutParameter',
  'PT_EnvPortsRobAFIS_InParameter',
  'PT_EnvPortsRobAFIS_OutMotorCommand',
  'PT_EnvPortsRobAFIS_InMotorCommand',
  'CN_SysADL_Connectors_ParameterCN',
  'CN_SysADL_Connectors_PieceTypeCN',
  'CN_SysADL_Connectors_PresenceCN',
  'CN_SysADL_Connectors_CommandCN',
  'CN_SysADL_Connectors_DirectionCN',
  'CN_EnvConnectorsRobAFIS_DetectPieceColorEnvCN',
  'CN_EnvConnectorsRobAFIS_DetectParameterEnvCN',
  'CN_EnvConnectorsRobAFIS_ReadParameterEnvCN',
  'CN_EnvConnectorsRobAFIS_ReadPieceColorEnvCN',
  'CN_EnvConnectorsRobAFIS_ReadPresenceEnvCN',
  'CN_EnvConnectorsRobAFIS_SendMotorCommandEnvCN',
  'CN_EnvConnectorsRobAFIS_SendEnvironmentalDirectionEnvCN',
  'CN_EnvConnectorsRobAFIS_SendPieceColorEnvCN',
  'CT_SysADL_Behavior_DecideCommandEQ',
  'CT_SysADL_Behavior_ExtractDirEQ',
  'CT_SysADL_Behavior_ExtractGrabEQ',
  'EX_SysADL_Execution_DecideCommandEX',
  'EX_SysADL_Execution_ExtractDirEX',
  'EX_SysADL_Execution_ExtractGrabEX',
  'EX_SysADL_Boundary_Execution_TranslateDirectionToColorEX',
  'EX_SysADL_Boundary_Execution_PassParameterEX',
  'EX_ScenariosRobAFIS_Execution_PassPieceTypeEX',
  'EX_SysADL_Boundary_Execution_PassPresenceEX',
  'EX_ScenariosRobAFIS_Execution_PassMotorCommandEX',
  'EX_ScenariosRobAFIS_Execution_PassMissionParameterEX',
  'EX_ScenariosRobAFIS_Execution_PassNavColorEX',
  'EN_PieceType',
  'EN_MissionParameter',
  'EN_MotorCommand',
  'EN_Direction',
  'EN_NavColor',
  'DT_RobotCommands'
]
Found in module context: [class PT_SysADL_Ports_CommandOPT extends SimplePort]
Final result for PT_SysADL_Ports_CommandOPT: [class PT_SysADL_Ports_CommandOPT extends SimplePort]
Resolved simple port class: [class PT_SysADL_Ports_CommandOPT extends SimplePort]
PortClass type: function
PortClass constructor: [Function: Function]
Initializing participant commandIPT with portClass PT_SysADL_Ports_CommandIPT
Resolving port class: PT_SysADL_Ports_CommandIPT
Module context available: true
Module context keys: [
  'PT_SysADL_Ports_ParameterIPT',
  'PT_SysADL_Ports_ParameterOPT',
  'PT_SysADL_Ports_PieceTypeIPT',
  'PT_SysADL_Ports_PieceTypeOPT',
  'PT_SysADL_Ports_PresenceIPT',
  'PT_SysADL_Ports_PresenceOPT',
  'PT_SysADL_Ports_CommandIPT',
  'PT_SysADL_Ports_CommandOPT',
  'PT_SysADL_Ports_DirectionIPT',
  'PT_SysADL_Ports_DirectionOPT',
  'PT_EnvPortsRobAFIS_OutPieceColor',
  'PT_EnvPortsRobAFIS_InPieceColor',
  'PT_EnvPortsRobAFIS_OutNavColor',
  'PT_EnvPortsRobAFIS_InNavColor',
  'PT_EnvPortsRobAFIS_OutPresence',
  'PT_EnvPortsRobAFIS_InPresence',
  'PT_EnvPortsRobAFIS_OutParameter',
  'PT_EnvPortsRobAFIS_InParameter',
  'PT_EnvPortsRobAFIS_OutMotorCommand',
  'PT_EnvPortsRobAFIS_InMotorCommand',
  'CN_SysADL_Connectors_ParameterCN',
  'CN_SysADL_Connectors_PieceTypeCN',
  'CN_SysADL_Connectors_PresenceCN',
  'CN_SysADL_Connectors_CommandCN',
  'CN_SysADL_Connectors_DirectionCN',
  'CN_EnvConnectorsRobAFIS_DetectPieceColorEnvCN',
  'CN_EnvConnectorsRobAFIS_DetectParameterEnvCN',
  'CN_EnvConnectorsRobAFIS_ReadParameterEnvCN',
  'CN_EnvConnectorsRobAFIS_ReadPieceColorEnvCN',
  'CN_EnvConnectorsRobAFIS_ReadPresenceEnvCN',
  'CN_EnvConnectorsRobAFIS_SendMotorCommandEnvCN',
  'CN_EnvConnectorsRobAFIS_SendEnvironmentalDirectionEnvCN',
  'CN_EnvConnectorsRobAFIS_SendPieceColorEnvCN',
  'CT_SysADL_Behavior_DecideCommandEQ',
  'CT_SysADL_Behavior_ExtractDirEQ',
  'CT_SysADL_Behavior_ExtractGrabEQ',
  'EX_SysADL_Execution_DecideCommandEX',
  'EX_SysADL_Execution_ExtractDirEX',
  'EX_SysADL_Execution_ExtractGrabEX',
  'EX_SysADL_Boundary_Execution_TranslateDirectionToColorEX',
  'EX_SysADL_Boundary_Execution_PassParameterEX',
  'EX_ScenariosRobAFIS_Execution_PassPieceTypeEX',
  'EX_SysADL_Boundary_Execution_PassPresenceEX',
  'EX_ScenariosRobAFIS_Execution_PassMotorCommandEX',
  'EX_ScenariosRobAFIS_Execution_PassMissionParameterEX',
  'EX_ScenariosRobAFIS_Execution_PassNavColorEX',
  'EN_PieceType',
  'EN_MissionParameter',
  'EN_MotorCommand',
  'EN_Direction',
  'EN_NavColor',
  'DT_RobotCommands'
]
Found in module context: [class PT_SysADL_Ports_CommandIPT extends SimplePort]
Final result for PT_SysADL_Ports_CommandIPT: [class PT_SysADL_Ports_CommandIPT extends SimplePort]
Resolved simple port class: [class PT_SysADL_Ports_CommandIPT extends SimplePort]
PortClass type: function
PortClass constructor: [Function: Function]
[BIND TO] grabConn.commandOPT bindTo -> bindingType=Object, hasReceive=true
[MODEL]   - Checking component: colorSens
[MODEL]   - Checking component: controller
[MODEL]   - Checking component: drive
[MODEL]   - Checking component: grabber
[MODEL]   - Checking component: pInput
[MODEL]   - Checking component: speSens
[MODEL]   - Checking component: tSens

Executing scenario executions...

▶ Starting execution: RobAFIS_Validation_Run_P0
[INFO] 00:00.000 session_start: ExecutionLogger
[START] ExecutionLogger initialized for model: SysADLModel
   Session ID: SysADLModel-1781269795925-2hi7i4
   Log level: detailed
📦 Batch processing started (interval: 100ms, batch size: 10)
⚡ EventInjector initialized - ready for event injection
SceneExecutor initialized - ready for scene execution
ReactiveStateManager initialized - ready for reactive state tracking
DependencyTracker initialized - ready to analyze SysADL expressions
ReactiveConditionWatcher initialized - event-driven condition monitoring ready
ScenarioExecutor initialized with reactive integration
ExecutionController initialized - master orchestration ready
🎬 Model initialized with Phase 4-6 components: SysADLModel
[ACTIVITY CONSTRUCTOR] name=RobAFISControllerAC, component=RobAFISSystemCFD.controller
[ACTIVITY CONSTRUCTOR]   - delegates param: [{"from":"pIn","to":"pIn"},{"from":"colorIn","to":"colorIn"},{"from":"spePresenceIn","to":"speIn"},{"from":"tPresenceIn","to":"tIn"},{"from":"grabOut","to":"ExtractGrabAN"},{"from":"dirOut","to":"ExtractDirAN"}]
[ACTIVITY CONSTRUCTOR]   - opts: {"outParameters":[{"name":"dirOut","type":"Direction","direction":"out"},{"name":"grabOut","type":"MotorCommand","direction":"out"}],"inParameters":[{"name":"pIn","type":"MissionParameter","direction":"in"},{"name":"colorIn","type":"PieceType","direction":"in"},{"name":"spePresenceIn","type":"Boolean","direction":"in"},{"name":"tPresenceIn","type":"Boolean","direction":"in"}]}
[ACTIVITY CONSTRUCTOR]   - fullOpts.delegates: [{"from":"pIn","to":"pIn"},{"from":"colorIn","to":"colorIn"},{"from":"spePresenceIn","to":"speIn"},{"from":"tPresenceIn","to":"tIn"},{"from":"grabOut","to":"ExtractGrabAN"},{"from":"dirOut","to":"ExtractDirAN"}]
[INIT PINS] Activity: RobAFISControllerAC
[INIT PINS]   - inParameters: [
  { name: 'pIn', type: 'MissionParameter', direction: 'in' },
  { name: 'colorIn', type: 'PieceType', direction: 'in' },
  { name: 'spePresenceIn', type: 'Boolean', direction: 'in' },
  { name: 'tPresenceIn', type: 'Boolean', direction: 'in' }
]
[INIT PINS]   - delegates: [
  { from: 'pIn', to: 'pIn' },
  { from: 'colorIn', to: 'colorIn' },
  { from: 'spePresenceIn', to: 'speIn' },
  { from: 'tPresenceIn', to: 'tIn' },
  { from: 'grabOut', to: 'ExtractGrabAN' },
  { from: 'dirOut', to: 'ExtractDirAN' }
]
[INIT PINS]   - delegates JSON: [{"from":"pIn","to":"pIn"},{"from":"colorIn","to":"colorIn"},{"from":"spePresenceIn","to":"speIn"},{"from":"tPresenceIn","to":"tIn"},{"from":"grabOut","to":"ExtractGrabAN"},{"from":"dirOut","to":"ExtractDirAN"}]
[INIT PINS]     - Mapped port 'pIn' to pin 'pIn'
[INIT PINS]     - Mapped port 'colorIn' to pin 'colorIn'
[INIT PINS]     - Mapped port 'speIn' to pin 'spePresenceIn'
[INIT PINS]     - Mapped port 'tIn' to pin 'tPresenceIn'
[INIT PINS]     - Mapped port 'ExtractGrabAN' to pin 'grabOut'
[INIT PINS]     - Mapped port 'ExtractDirAN' to pin 'dirOut'
[INIT PINS]   - Final portToPinMapping: {
  pIn: 'pIn',
  colorIn: 'colorIn',
  spePresenceIn: 'spePresenceIn',
  tPresenceIn: 'tPresenceIn',
  dirOut: 'dirOut',
  grabOut: 'grabOut',
  speIn: 'spePresenceIn',
  tIn: 'tPresenceIn',
  ExtractGrabAN: 'grabOut',
  ExtractDirAN: 'dirOut'
}
[ACTIVITY CONSTRUCTOR] name=ParameterInputAC, component=RobAFISSystemCFD.pInput
[ACTIVITY CONSTRUCTOR]   - delegates param: [{"from":"inParam","to":"inParam"},{"from":"pOut","to":"passParam"}]
[ACTIVITY CONSTRUCTOR]   - opts: {"outParameters":[{"name":"pOut","type":"MissionParameter","direction":"out"}],"inParameters":[{"name":"Param","type":"MissionParameter","direction":"in"}]}
[ACTIVITY CONSTRUCTOR]   - fullOpts.delegates: [{"from":"inParam","to":"inParam"},{"from":"pOut","to":"passParam"}]
[INIT PINS] Activity: ParameterInputAC
[INIT PINS]   - inParameters: [ { name: 'Param', type: 'MissionParameter', direction: 'in' } ]
[INIT PINS]   - delegates: [
  { from: 'inParam', to: 'inParam' },
  { from: 'pOut', to: 'passParam' }
]
[INIT PINS]   - delegates JSON: [{"from":"inParam","to":"inParam"},{"from":"pOut","to":"passParam"}]
[INIT PINS]     - Mapped port 'passParam' to pin 'pOut'
[INIT PINS]   - Final portToPinMapping: { Param: 'Param', pOut: 'pOut', passParam: 'pOut' }
[ACTIVITY CONSTRUCTOR] name=ColorSensorAC, component=RobAFISSystemCFD.colorSens
[ACTIVITY CONSTRUCTOR]   - delegates param: [{"from":"inColor","to":"inColor"},{"from":"colorOut","to":"passColor"}]
[ACTIVITY CONSTRUCTOR]   - opts: {"outParameters":[{"name":"colorOut","type":"PieceType","direction":"out"}],"inParameters":[{"name":"Color","type":"PieceType","direction":"in"}]}
[ACTIVITY CONSTRUCTOR]   - fullOpts.delegates: [{"from":"inColor","to":"inColor"},{"from":"colorOut","to":"passColor"}]
[INIT PINS] Activity: ColorSensorAC
[INIT PINS]   - inParameters: [ { name: 'Color', type: 'PieceType', direction: 'in' } ]
[INIT PINS]   - delegates: [
  { from: 'inColor', to: 'inColor' },
  { from: 'colorOut', to: 'passColor' }
]
[INIT PINS]   - delegates JSON: [{"from":"inColor","to":"inColor"},{"from":"colorOut","to":"passColor"}]
[INIT PINS]     - Mapped port 'passColor' to pin 'colorOut'
[INIT PINS]   - Final portToPinMapping: { Color: 'Color', colorOut: 'colorOut', passColor: 'colorOut' }
[ACTIVITY CONSTRUCTOR] name=PresenceSensorAC, component=RobAFISSystemCFD.speSens
[ACTIVITY CONSTRUCTOR]   - delegates param: [{"from":"inPresence","to":"inPresence"},{"from":"presenceOut","to":"passPresence"}]
[ACTIVITY CONSTRUCTOR]   - opts: {"outParameters":[{"name":"presenceOut","type":"Boolean","direction":"out"}],"inParameters":[{"name":"Presence","type":"Boolean","direction":"in"}]}
[ACTIVITY CONSTRUCTOR]   - fullOpts.delegates: [{"from":"inPresence","to":"inPresence"},{"from":"presenceOut","to":"passPresence"}]
[INIT PINS] Activity: PresenceSensorAC
[INIT PINS]   - inParameters: [ { name: 'Presence', type: 'Boolean', direction: 'in' } ]
[INIT PINS]   - delegates: [
  { from: 'inPresence', to: 'inPresence' },
  { from: 'presenceOut', to: 'passPresence' }
]
[INIT PINS]   - delegates JSON: [{"from":"inPresence","to":"inPresence"},{"from":"presenceOut","to":"passPresence"}]
[INIT PINS]     - Mapped port 'passPresence' to pin 'presenceOut'
[INIT PINS]   - Final portToPinMapping: {
  Presence: 'Presence',
  presenceOut: 'presenceOut',
  passPresence: 'presenceOut'
}
[ACTIVITY CONSTRUCTOR] name=PresenceSensorAC, component=RobAFISSystemCFD.tSens
[ACTIVITY CONSTRUCTOR]   - delegates param: [{"from":"inPresence","to":"inPresence"},{"from":"presenceOut","to":"passPresence"}]
[ACTIVITY CONSTRUCTOR]   - opts: {"outParameters":[{"name":"presenceOut","type":"Boolean","direction":"out"}],"inParameters":[{"name":"Presence","type":"Boolean","direction":"in"}]}
[ACTIVITY CONSTRUCTOR]   - fullOpts.delegates: [{"from":"inPresence","to":"inPresence"},{"from":"presenceOut","to":"passPresence"}]
[INIT PINS] Activity: PresenceSensorAC
[INIT PINS]   - inParameters: [ { name: 'Presence', type: 'Boolean', direction: 'in' } ]
[INIT PINS]   - delegates: [
  { from: 'inPresence', to: 'inPresence' },
  { from: 'presenceOut', to: 'passPresence' }
]
[INIT PINS]   - delegates JSON: [{"from":"inPresence","to":"inPresence"},{"from":"presenceOut","to":"passPresence"}]
[INIT PINS]     - Mapped port 'passPresence' to pin 'presenceOut'
[INIT PINS]   - Final portToPinMapping: {
  Presence: 'Presence',
  presenceOut: 'presenceOut',
  passPresence: 'presenceOut'
}
[ACTIVITY CONSTRUCTOR] name=GrabberAC, component=RobAFISSystemCFD.grabber
[ACTIVITY CONSTRUCTOR]   - delegates param: [{"from":"cmdIn","to":"inCmd"},{"from":"outCommand","to":"passCmd"}]
[ACTIVITY CONSTRUCTOR]   - opts: {"outParameters":[{"name":"Command","type":"MotorCommand","direction":"out"}],"inParameters":[{"name":"cmdIn","type":"MotorCommand","direction":"in"}]}
[ACTIVITY CONSTRUCTOR]   - fullOpts.delegates: [{"from":"cmdIn","to":"inCmd"},{"from":"outCommand","to":"passCmd"}]
[INIT PINS] Activity: GrabberAC
[INIT PINS]   - inParameters: [ { name: 'cmdIn', type: 'MotorCommand', direction: 'in' } ]
[INIT PINS]   - delegates: [
  { from: 'cmdIn', to: 'inCmd' },
  { from: 'outCommand', to: 'passCmd' }
]
[INIT PINS]   - delegates JSON: [{"from":"cmdIn","to":"inCmd"},{"from":"outCommand","to":"passCmd"}]
[INIT PINS]     - Mapped port 'inCmd' to pin 'cmdIn'
[INIT PINS]   - Final portToPinMapping: { cmdIn: 'cmdIn', Command: 'Command', inCmd: 'cmdIn' }
[ACTIVITY CONSTRUCTOR] name=DriveSystemAC, component=RobAFISSystemCFD.drive
[ACTIVITY CONSTRUCTOR]   - delegates param: [{"from":"dirIn","to":"inDir"},{"from":"outColor","to":"translateDir"}]
[ACTIVITY CONSTRUCTOR]   - opts: {"outParameters":[{"name":"Color","type":"NavColor","direction":"out"}],"inParameters":[{"name":"dirIn","type":"Direction","direction":"in"}]}
[ACTIVITY CONSTRUCTOR]   - fullOpts.delegates: [{"from":"dirIn","to":"inDir"},{"from":"outColor","to":"translateDir"}]
[INIT PINS] Activity: DriveSystemAC
[INIT PINS]   - inParameters: [ { name: 'dirIn', type: 'Direction', direction: 'in' } ]
[INIT PINS]   - delegates: [
  { from: 'dirIn', to: 'inDir' },
  { from: 'outColor', to: 'translateDir' }
]
[INIT PINS]   - delegates JSON: [{"from":"dirIn","to":"inDir"},{"from":"outColor","to":"translateDir"}]
[INIT PINS]     - Mapped port 'inDir' to pin 'dirIn'
[INIT PINS]   - Final portToPinMapping: { dirIn: 'dirIn', Color: 'Color', inDir: 'dirIn' }
[ACTIVITY CONSTRUCTOR] name=OperatorEA, component=RobAFISSystemCFD.pInput
[ACTIVITY CONSTRUCTOR]   - delegates param: [{"from":"opParamOut","to":"setMissionParametersOp"}]
[ACTIVITY CONSTRUCTOR]   - opts: {"outParameters":[{"name":"opParamOut","type":"MissionParameter","direction":"out"}],"inParameters":[]}
[ACTIVITY CONSTRUCTOR]   - fullOpts.delegates: [{"from":"opParamOut","to":"setMissionParametersOp"}]
[INIT PINS] Activity: OperatorEA
[INIT PINS]   - inParameters: []
[INIT PINS]   - delegates: [ { from: 'opParamOut', to: 'setMissionParametersOp' } ]
[INIT PINS]   - delegates JSON: [{"from":"opParamOut","to":"setMissionParametersOp"}]
[INIT PINS]     - Mapped port 'setMissionParametersOp' to pin 'opParamOut'
[INIT PINS]   - Final portToPinMapping: { opParamOut: 'opParamOut', setMissionParametersOp: 'opParamOut' }
[ACTIVITY CONSTRUCTOR] name=OperatorEA, component=RobAFISSystemCFD.colorSens
[ACTIVITY CONSTRUCTOR]   - delegates param: [{"from":"opParamOut","to":"setMissionParametersOp"}]
[ACTIVITY CONSTRUCTOR]   - opts: {"outParameters":[{"name":"opParamOut","type":"MissionParameter","direction":"out"}],"inParameters":[]}
[ACTIVITY CONSTRUCTOR]   - fullOpts.delegates: [{"from":"opParamOut","to":"setMissionParametersOp"}]
[INIT PINS] Activity: OperatorEA
[INIT PINS]   - inParameters: []
[INIT PINS]   - delegates: [ { from: 'opParamOut', to: 'setMissionParametersOp' } ]
[INIT PINS]   - delegates JSON: [{"from":"opParamOut","to":"setMissionParametersOp"}]
[INIT PINS]     - Mapped port 'setMissionParametersOp' to pin 'opParamOut'
[INIT PINS]   - Final portToPinMapping: { opParamOut: 'opParamOut', setMissionParametersOp: 'opParamOut' }
[ACTIVITY CONSTRUCTOR] name=OperatorEA, component=RobAFISSystemCFD.speSens
[ACTIVITY CONSTRUCTOR]   - delegates param: [{"from":"opParamOut","to":"setMissionParametersOp"}]
[ACTIVITY CONSTRUCTOR]   - opts: {"outParameters":[{"name":"opParamOut","type":"MissionParameter","direction":"out"}],"inParameters":[]}
[ACTIVITY CONSTRUCTOR]   - fullOpts.delegates: [{"from":"opParamOut","to":"setMissionParametersOp"}]
[INIT PINS] Activity: OperatorEA
[INIT PINS]   - inParameters: []
[INIT PINS]   - delegates: [ { from: 'opParamOut', to: 'setMissionParametersOp' } ]
[INIT PINS]   - delegates JSON: [{"from":"opParamOut","to":"setMissionParametersOp"}]
[INIT PINS]     - Mapped port 'setMissionParametersOp' to pin 'opParamOut'
[INIT PINS]   - Final portToPinMapping: { opParamOut: 'opParamOut', setMissionParametersOp: 'opParamOut' }
[ACTIVITY CONSTRUCTOR] name=OperatorEA, component=RobAFISSystemCFD.tSens
[ACTIVITY CONSTRUCTOR]   - delegates param: [{"from":"opParamOut","to":"setMissionParametersOp"}]
[ACTIVITY CONSTRUCTOR]   - opts: {"outParameters":[{"name":"opParamOut","type":"MissionParameter","direction":"out"}],"inParameters":[]}
[ACTIVITY CONSTRUCTOR]   - fullOpts.delegates: [{"from":"opParamOut","to":"setMissionParametersOp"}]
[INIT PINS] Activity: OperatorEA
[INIT PINS]   - inParameters: []
[INIT PINS]   - delegates: [ { from: 'opParamOut', to: 'setMissionParametersOp' } ]
[INIT PINS]   - delegates JSON: [{"from":"opParamOut","to":"setMissionParametersOp"}]
[INIT PINS]     - Mapped port 'setMissionParametersOp' to pin 'opParamOut'
[INIT PINS]   - Final portToPinMapping: { opParamOut: 'opParamOut', setMissionParametersOp: 'opParamOut' }
[ACTIVITY CONSTRUCTOR] name=OperatorEA, component=RobAFISSystemCFD.drive
[ACTIVITY CONSTRUCTOR]   - delegates param: [{"from":"opParamOut","to":"setMissionParametersOp"}]
[ACTIVITY CONSTRUCTOR]   - opts: {"outParameters":[{"name":"opParamOut","type":"MissionParameter","direction":"out"}],"inParameters":[]}
[ACTIVITY CONSTRUCTOR]   - fullOpts.delegates: [{"from":"opParamOut","to":"setMissionParametersOp"}]
[INIT PINS] Activity: OperatorEA
[INIT PINS]   - inParameters: []
[INIT PINS]   - delegates: [ { from: 'opParamOut', to: 'setMissionParametersOp' } ]
[INIT PINS]   - delegates JSON: [{"from":"opParamOut","to":"setMissionParametersOp"}]
[INIT PINS]     - Mapped port 'setMissionParametersOp' to pin 'opParamOut'
[INIT PINS]   - Final portToPinMapping: { opParamOut: 'opParamOut', setMissionParametersOp: 'opParamOut' }
[ACTIVITY CONSTRUCTOR] name=OperatorEA, component=RobAFISSystemCFD.grabber
[ACTIVITY CONSTRUCTOR]   - delegates param: [{"from":"opParamOut","to":"setMissionParametersOp"}]
[ACTIVITY CONSTRUCTOR]   - opts: {"outParameters":[{"name":"opParamOut","type":"MissionParameter","direction":"out"}],"inParameters":[]}
[ACTIVITY CONSTRUCTOR]   - fullOpts.delegates: [{"from":"opParamOut","to":"setMissionParametersOp"}]
[INIT PINS] Activity: OperatorEA
[INIT PINS]   - inParameters: []
[INIT PINS]   - delegates: [ { from: 'opParamOut', to: 'setMissionParametersOp' } ]
[INIT PINS]   - delegates JSON: [{"from":"opParamOut","to":"setMissionParametersOp"}]
[INIT PINS]     - Mapped port 'setMissionParametersOp' to pin 'opParamOut'
[INIT PINS]   - Final portToPinMapping: { opParamOut: 'opParamOut', setMissionParametersOp: 'opParamOut' }
[ACTIVITY CONSTRUCTOR] name=OperatorEA, component=RobAFISSystemCFD.controller
[ACTIVITY CONSTRUCTOR]   - delegates param: [{"from":"opParamOut","to":"setMissionParametersOp"}]
[ACTIVITY CONSTRUCTOR]   - opts: {"outParameters":[{"name":"opParamOut","type":"MissionParameter","direction":"out"}],"inParameters":[]}
[ACTIVITY CONSTRUCTOR]   - fullOpts.delegates: [{"from":"opParamOut","to":"setMissionParametersOp"}]
[INIT PINS] Activity: OperatorEA
[INIT PINS]   - inParameters: []
[INIT PINS]   - delegates: [ { from: 'opParamOut', to: 'setMissionParametersOp' } ]
[INIT PINS]   - delegates JSON: [{"from":"opParamOut","to":"setMissionParametersOp"}]
[INIT PINS]     - Mapped port 'setMissionParametersOp' to pin 'opParamOut'
[INIT PINS]   - Final portToPinMapping: { opParamOut: 'opParamOut', setMissionParametersOp: 'opParamOut' }
[ACTIVITY CONSTRUCTOR] name=UnitEA, component=RobAFISSystemCFD.pInput
[ACTIVITY CONSTRUCTOR]   - delegates param: [{"from":"outUnitNavLine","to":"leavePA"},{"from":"outUnitNavLine","to":"turnRight"},{"from":"outUnitNavLine","to":"returnJourney"},{"from":"outUnitNavLine","to":"obstacleDetected"},{"from":"outUnitNavLine","to":"obstacleRemoved"},{"from":"outUnitNavPad","to":"detectGreenPad"},{"from":"outUnitNavPad","to":"detectRedPad"},{"from":"outUnitNavPad","to":"stopAtT"},{"from":"outUnitNavPad","to":"routeToSA"},{"from":"outUnitNavPad","to":"routeToSPD"},{"from":"outUnitNavPad","to":"stopAtSPE"},{"from":"outUnitNavPad","to":"arriveAtTargetStock"},{"from":"outUnitPieceColor","to":"extractPieceT"},{"from":"outUnitPieceColor","to":"extractPieceSPE"},{"from":"outSAPieceColor","to":"insertPieceSA"},{"from":"outSPDPieceColor","to":"insertPieceSPD"},{"from":"outUnitPAColor","to":"arriveAtPA"}]
[ACTIVITY CONSTRUCTOR]   - opts: {"outParameters":[{"name":"UnitNavLine","type":"NavColor","direction":"out"},{"name":"UnitNavPad","type":"NavColor","direction":"out"},{"name":"UnitPieceColor","type":"PieceType","direction":"out"},{"name":"SAPieceColor","type":"PieceType","direction":"out"},{"name":"SPDPieceColor","type":"PieceType","direction":"out"},{"name":"UnitPAColor","type":"NavColor","direction":"out"}],"inParameters":[{"name":"OpParam","type":"MissionParameter","direction":"in"},{"name":"UnitNavPad","type":"NavColor","direction":"in"},{"name":"UnitPieceColor","type":"PieceType","direction":"in"},{"name":"SPEPresence","type":"Boolean","direction":"in"},{"name":"TPresence","type":"Boolean","direction":"in"},{"name":"TPieceColor","type":"PieceType","direction":"in"},{"name":"SPEPieceColor","type":"PieceType","direction":"in"}]}
[ACTIVITY CONSTRUCTOR]   - fullOpts.delegates: [{"from":"outUnitNavLine","to":"leavePA"},{"from":"outUnitNavLine","to":"turnRight"},{"from":"outUnitNavLine","to":"returnJourney"},{"from":"outUnitNavLine","to":"obstacleDetected"},{"from":"outUnitNavLine","to":"obstacleRemoved"},{"from":"outUnitNavPad","to":"detectGreenPad"},{"from":"outUnitNavPad","to":"detectRedPad"},{"from":"outUnitNavPad","to":"stopAtT"},{"from":"outUnitNavPad","to":"routeToSA"},{"from":"outUnitNavPad","to":"routeToSPD"},{"from":"outUnitNavPad","to":"stopAtSPE"},{"from":"outUnitNavPad","to":"arriveAtTargetStock"},{"from":"outUnitPieceColor","to":"extractPieceT"},{"from":"outUnitPieceColor","to":"extractPieceSPE"},{"from":"outSAPieceColor","to":"insertPieceSA"},{"from":"outSPDPieceColor","to":"insertPieceSPD"},{"from":"outUnitPAColor","to":"arriveAtPA"}]
[INIT PINS] Activity: UnitEA
[INIT PINS]   - inParameters: [
  { name: 'OpParam', type: 'MissionParameter', direction: 'in' },
  { name: 'UnitNavPad', type: 'NavColor', direction: 'in' },
  { name: 'UnitPieceColor', type: 'PieceType', direction: 'in' },
  { name: 'SPEPresence', type: 'Boolean', direction: 'in' },
  { name: 'TPresence', type: 'Boolean', direction: 'in' },
  { name: 'TPieceColor', type: 'PieceType', direction: 'in' },
  { name: 'SPEPieceColor', type: 'PieceType', direction: 'in' }
]
[INIT PINS]   - delegates: [
  { from: 'outUnitNavLine', to: 'leavePA' },
  { from: 'outUnitNavLine', to: 'turnRight' },
  { from: 'outUnitNavLine', to: 'returnJourney' },
  { from: 'outUnitNavLine', to: 'obstacleDetected' },
  { from: 'outUnitNavLine', to: 'obstacleRemoved' },
  { from: 'outUnitNavPad', to: 'detectGreenPad' },
  { from: 'outUnitNavPad', to: 'detectRedPad' },
  { from: 'outUnitNavPad', to: 'stopAtT' },
  { from: 'outUnitNavPad', to: 'routeToSA' },
  { from: 'outUnitNavPad', to: 'routeToSPD' },
  { from: 'outUnitNavPad', to: 'stopAtSPE' },
  { from: 'outUnitNavPad', to: 'arriveAtTargetStock' },
  { from: 'outUnitPieceColor', to: 'extractPieceT' },
  { from: 'outUnitPieceColor', to: 'extractPieceSPE' },
  { from: 'outSAPieceColor', to: 'insertPieceSA' },
  { from: 'outSPDPieceColor', to: 'insertPieceSPD' },
  { from: 'outUnitPAColor', to: 'arriveAtPA' }
]
[INIT PINS]   - delegates JSON: [{"from":"outUnitNavLine","to":"leavePA"},{"from":"outUnitNavLine","to":"turnRight"},{"from":"outUnitNavLine","to":"returnJourney"},{"from":"outUnitNavLine","to":"obstacleDetected"},{"from":"outUnitNavLine","to":"obstacleRemoved"},{"from":"outUnitNavPad","to":"detectGreenPad"},{"from":"outUnitNavPad","to":"detectRedPad"},{"from":"outUnitNavPad","to":"stopAtT"},{"from":"outUnitNavPad","to":"routeToSA"},{"from":"outUnitNavPad","to":"routeToSPD"},{"from":"outUnitNavPad","to":"stopAtSPE"},{"from":"outUnitNavPad","to":"arriveAtTargetStock"},{"from":"outUnitPieceColor","to":"extractPieceT"},{"from":"outUnitPieceColor","to":"extractPieceSPE"},{"from":"outSAPieceColor","to":"insertPieceSA"},{"from":"outSPDPieceColor","to":"insertPieceSPD"},{"from":"outUnitPAColor","to":"arriveAtPA"}]
[INIT PINS]   - Final portToPinMapping: {
  OpParam: 'OpParam',
  UnitNavPad: 'UnitNavPad',
  UnitPieceColor: 'UnitPieceColor',
  SPEPresence: 'SPEPresence',
  TPresence: 'TPresence',
  TPieceColor: 'TPieceColor',
  SPEPieceColor: 'SPEPieceColor',
  UnitNavLine: 'UnitNavLine',
  SAPieceColor: 'SAPieceColor',
  SPDPieceColor: 'SPDPieceColor',
  UnitPAColor: 'UnitPAColor'
}
[ACTIVITY CONSTRUCTOR] name=UnitEA, component=RobAFISSystemCFD.colorSens
[ACTIVITY CONSTRUCTOR]   - delegates param: [{"from":"outUnitNavLine","to":"leavePA"},{"from":"outUnitNavLine","to":"turnRight"},{"from":"outUnitNavLine","to":"returnJourney"},{"from":"outUnitNavLine","to":"obstacleDetected"},{"from":"outUnitNavLine","to":"obstacleRemoved"},{"from":"outUnitNavPad","to":"detectGreenPad"},{"from":"outUnitNavPad","to":"detectRedPad"},{"from":"outUnitNavPad","to":"stopAtT"},{"from":"outUnitNavPad","to":"routeToSA"},{"from":"outUnitNavPad","to":"routeToSPD"},{"from":"outUnitNavPad","to":"stopAtSPE"},{"from":"outUnitNavPad","to":"arriveAtTargetStock"},{"from":"outUnitPieceColor","to":"extractPieceT"},{"from":"outUnitPieceColor","to":"extractPieceSPE"},{"from":"outSAPieceColor","to":"insertPieceSA"},{"from":"outSPDPieceColor","to":"insertPieceSPD"},{"from":"outUnitPAColor","to":"arriveAtPA"}]
[ACTIVITY CONSTRUCTOR]   - opts: {"outParameters":[{"name":"UnitNavLine","type":"NavColor","direction":"out"},{"name":"UnitNavPad","type":"NavColor","direction":"out"},{"name":"UnitPieceColor","type":"PieceType","direction":"out"},{"name":"SAPieceColor","type":"PieceType","direction":"out"},{"name":"SPDPieceColor","type":"PieceType","direction":"out"},{"name":"UnitPAColor","type":"NavColor","direction":"out"}],"inParameters":[{"name":"OpParam","type":"MissionParameter","direction":"in"},{"name":"UnitNavPad","type":"NavColor","direction":"in"},{"name":"UnitPieceColor","type":"PieceType","direction":"in"},{"name":"SPEPresence","type":"Boolean","direction":"in"},{"name":"TPresence","type":"Boolean","direction":"in"},{"name":"TPieceColor","type":"PieceType","direction":"in"},{"name":"SPEPieceColor","type":"PieceType","direction":"in"}]}
[ACTIVITY CONSTRUCTOR]   - fullOpts.delegates: [{"from":"outUnitNavLine","to":"leavePA"},{"from":"outUnitNavLine","to":"turnRight"},{"from":"outUnitNavLine","to":"returnJourney"},{"from":"outUnitNavLine","to":"obstacleDetected"},{"from":"outUnitNavLine","to":"obstacleRemoved"},{"from":"outUnitNavPad","to":"detectGreenPad"},{"from":"outUnitNavPad","to":"detectRedPad"},{"from":"outUnitNavPad","to":"stopAtT"},{"from":"outUnitNavPad","to":"routeToSA"},{"from":"outUnitNavPad","to":"routeToSPD"},{"from":"outUnitNavPad","to":"stopAtSPE"},{"from":"outUnitNavPad","to":"arriveAtTargetStock"},{"from":"outUnitPieceColor","to":"extractPieceT"},{"from":"outUnitPieceColor","to":"extractPieceSPE"},{"from":"outSAPieceColor","to":"insertPieceSA"},{"from":"outSPDPieceColor","to":"insertPieceSPD"},{"from":"outUnitPAColor","to":"arriveAtPA"}]
[INIT PINS] Activity: UnitEA
[INIT PINS]   - inParameters: [
  { name: 'OpParam', type: 'MissionParameter', direction: 'in' },
  { name: 'UnitNavPad', type: 'NavColor', direction: 'in' },
  { name: 'UnitPieceColor', type: 'PieceType', direction: 'in' },
  { name: 'SPEPresence', type: 'Boolean', direction: 'in' },
  { name: 'TPresence', type: 'Boolean', direction: 'in' },
  { name: 'TPieceColor', type: 'PieceType', direction: 'in' },
  { name: 'SPEPieceColor', type: 'PieceType', direction: 'in' }
]
[INIT PINS]   - delegates: [
  { from: 'outUnitNavLine', to: 'leavePA' },
  { from: 'outUnitNavLine', to: 'turnRight' },
  { from: 'outUnitNavLine', to: 'returnJourney' },
  { from: 'outUnitNavLine', to: 'obstacleDetected' },
  { from: 'outUnitNavLine', to: 'obstacleRemoved' },
  { from: 'outUnitNavPad', to: 'detectGreenPad' },
  { from: 'outUnitNavPad', to: 'detectRedPad' },
  { from: 'outUnitNavPad', to: 'stopAtT' },
  { from: 'outUnitNavPad', to: 'routeToSA' },
  { from: 'outUnitNavPad', to: 'routeToSPD' },
  { from: 'outUnitNavPad', to: 'stopAtSPE' },
  { from: 'outUnitNavPad', to: 'arriveAtTargetStock' },
  { from: 'outUnitPieceColor', to: 'extractPieceT' },
  { from: 'outUnitPieceColor', to: 'extractPieceSPE' },
  { from: 'outSAPieceColor', to: 'insertPieceSA' },
  { from: 'outSPDPieceColor', to: 'insertPieceSPD' },
  { from: 'outUnitPAColor', to: 'arriveAtPA' }
]
[INIT PINS]   - delegates JSON: [{"from":"outUnitNavLine","to":"leavePA"},{"from":"outUnitNavLine","to":"turnRight"},{"from":"outUnitNavLine","to":"returnJourney"},{"from":"outUnitNavLine","to":"obstacleDetected"},{"from":"outUnitNavLine","to":"obstacleRemoved"},{"from":"outUnitNavPad","to":"detectGreenPad"},{"from":"outUnitNavPad","to":"detectRedPad"},{"from":"outUnitNavPad","to":"stopAtT"},{"from":"outUnitNavPad","to":"routeToSA"},{"from":"outUnitNavPad","to":"routeToSPD"},{"from":"outUnitNavPad","to":"stopAtSPE"},{"from":"outUnitNavPad","to":"arriveAtTargetStock"},{"from":"outUnitPieceColor","to":"extractPieceT"},{"from":"outUnitPieceColor","to":"extractPieceSPE"},{"from":"outSAPieceColor","to":"insertPieceSA"},{"from":"outSPDPieceColor","to":"insertPieceSPD"},{"from":"outUnitPAColor","to":"arriveAtPA"}]
[INIT PINS]   - Final portToPinMapping: {
  OpParam: 'OpParam',
  UnitNavPad: 'UnitNavPad',
  UnitPieceColor: 'UnitPieceColor',
  SPEPresence: 'SPEPresence',
  TPresence: 'TPresence',
  TPieceColor: 'TPieceColor',
  SPEPieceColor: 'SPEPieceColor',
  UnitNavLine: 'UnitNavLine',
  SAPieceColor: 'SAPieceColor',
  SPDPieceColor: 'SPDPieceColor',
  UnitPAColor: 'UnitPAColor'
}
[ACTIVITY CONSTRUCTOR] name=UnitEA, component=RobAFISSystemCFD.speSens
[ACTIVITY CONSTRUCTOR]   - delegates param: [{"from":"outUnitNavLine","to":"leavePA"},{"from":"outUnitNavLine","to":"turnRight"},{"from":"outUnitNavLine","to":"returnJourney"},{"from":"outUnitNavLine","to":"obstacleDetected"},{"from":"outUnitNavLine","to":"obstacleRemoved"},{"from":"outUnitNavPad","to":"detectGreenPad"},{"from":"outUnitNavPad","to":"detectRedPad"},{"from":"outUnitNavPad","to":"stopAtT"},{"from":"outUnitNavPad","to":"routeToSA"},{"from":"outUnitNavPad","to":"routeToSPD"},{"from":"outUnitNavPad","to":"stopAtSPE"},{"from":"outUnitNavPad","to":"arriveAtTargetStock"},{"from":"outUnitPieceColor","to":"extractPieceT"},{"from":"outUnitPieceColor","to":"extractPieceSPE"},{"from":"outSAPieceColor","to":"insertPieceSA"},{"from":"outSPDPieceColor","to":"insertPieceSPD"},{"from":"outUnitPAColor","to":"arriveAtPA"}]
[ACTIVITY CONSTRUCTOR]   - opts: {"outParameters":[{"name":"UnitNavLine","type":"NavColor","direction":"out"},{"name":"UnitNavPad","type":"NavColor","direction":"out"},{"name":"UnitPieceColor","type":"PieceType","direction":"out"},{"name":"SAPieceColor","type":"PieceType","direction":"out"},{"name":"SPDPieceColor","type":"PieceType","direction":"out"},{"name":"UnitPAColor","type":"NavColor","direction":"out"}],"inParameters":[{"name":"OpParam","type":"MissionParameter","direction":"in"},{"name":"UnitNavPad","type":"NavColor","direction":"in"},{"name":"UnitPieceColor","type":"PieceType","direction":"in"},{"name":"SPEPresence","type":"Boolean","direction":"in"},{"name":"TPresence","type":"Boolean","direction":"in"},{"name":"TPieceColor","type":"PieceType","direction":"in"},{"name":"SPEPieceColor","type":"PieceType","direction":"in"}]}
[ACTIVITY CONSTRUCTOR]   - fullOpts.delegates: [{"from":"outUnitNavLine","to":"leavePA"},{"from":"outUnitNavLine","to":"turnRight"},{"from":"outUnitNavLine","to":"returnJourney"},{"from":"outUnitNavLine","to":"obstacleDetected"},{"from":"outUnitNavLine","to":"obstacleRemoved"},{"from":"outUnitNavPad","to":"detectGreenPad"},{"from":"outUnitNavPad","to":"detectRedPad"},{"from":"outUnitNavPad","to":"stopAtT"},{"from":"outUnitNavPad","to":"routeToSA"},{"from":"outUnitNavPad","to":"routeToSPD"},{"from":"outUnitNavPad","to":"stopAtSPE"},{"from":"outUnitNavPad","to":"arriveAtTargetStock"},{"from":"outUnitPieceColor","to":"extractPieceT"},{"from":"outUnitPieceColor","to":"extractPieceSPE"},{"from":"outSAPieceColor","to":"insertPieceSA"},{"from":"outSPDPieceColor","to":"insertPieceSPD"},{"from":"outUnitPAColor","to":"arriveAtPA"}]
[INIT PINS] Activity: UnitEA
[INIT PINS]   - inParameters: [
  { name: 'OpParam', type: 'MissionParameter', direction: 'in' },
  { name: 'UnitNavPad', type: 'NavColor', direction: 'in' },
  { name: 'UnitPieceColor', type: 'PieceType', direction: 'in' },
  { name: 'SPEPresence', type: 'Boolean', direction: 'in' },
  { name: 'TPresence', type: 'Boolean', direction: 'in' },
  { name: 'TPieceColor', type: 'PieceType', direction: 'in' },
  { name: 'SPEPieceColor', type: 'PieceType', direction: 'in' }
]
[INIT PINS]   - delegates: [
  { from: 'outUnitNavLine', to: 'leavePA' },
  { from: 'outUnitNavLine', to: 'turnRight' },
  { from: 'outUnitNavLine', to: 'returnJourney' },
  { from: 'outUnitNavLine', to: 'obstacleDetected' },
  { from: 'outUnitNavLine', to: 'obstacleRemoved' },
  { from: 'outUnitNavPad', to: 'detectGreenPad' },
  { from: 'outUnitNavPad', to: 'detectRedPad' },
  { from: 'outUnitNavPad', to: 'stopAtT' },
  { from: 'outUnitNavPad', to: 'routeToSA' },
  { from: 'outUnitNavPad', to: 'routeToSPD' },
  { from: 'outUnitNavPad', to: 'stopAtSPE' },
  { from: 'outUnitNavPad', to: 'arriveAtTargetStock' },
  { from: 'outUnitPieceColor', to: 'extractPieceT' },
  { from: 'outUnitPieceColor', to: 'extractPieceSPE' },
  { from: 'outSAPieceColor', to: 'insertPieceSA' },
  { from: 'outSPDPieceColor', to: 'insertPieceSPD' },
  { from: 'outUnitPAColor', to: 'arriveAtPA' }
]
[INIT PINS]   - delegates JSON: [{"from":"outUnitNavLine","to":"leavePA"},{"from":"outUnitNavLine","to":"turnRight"},{"from":"outUnitNavLine","to":"returnJourney"},{"from":"outUnitNavLine","to":"obstacleDetected"},{"from":"outUnitNavLine","to":"obstacleRemoved"},{"from":"outUnitNavPad","to":"detectGreenPad"},{"from":"outUnitNavPad","to":"detectRedPad"},{"from":"outUnitNavPad","to":"stopAtT"},{"from":"outUnitNavPad","to":"routeToSA"},{"from":"outUnitNavPad","to":"routeToSPD"},{"from":"outUnitNavPad","to":"stopAtSPE"},{"from":"outUnitNavPad","to":"arriveAtTargetStock"},{"from":"outUnitPieceColor","to":"extractPieceT"},{"from":"outUnitPieceColor","to":"extractPieceSPE"},{"from":"outSAPieceColor","to":"insertPieceSA"},{"from":"outSPDPieceColor","to":"insertPieceSPD"},{"from":"outUnitPAColor","to":"arriveAtPA"}]
[INIT PINS]   - Final portToPinMapping: {
  OpParam: 'OpParam',
  UnitNavPad: 'UnitNavPad',
  UnitPieceColor: 'UnitPieceColor',
  SPEPresence: 'SPEPresence',
  TPresence: 'TPresence',
  TPieceColor: 'TPieceColor',
  SPEPieceColor: 'SPEPieceColor',
  UnitNavLine: 'UnitNavLine',
  SAPieceColor: 'SAPieceColor',
  SPDPieceColor: 'SPDPieceColor',
  UnitPAColor: 'UnitPAColor'
}
[ACTIVITY CONSTRUCTOR] name=UnitEA, component=RobAFISSystemCFD.tSens
[ACTIVITY CONSTRUCTOR]   - delegates param: [{"from":"outUnitNavLine","to":"leavePA"},{"from":"outUnitNavLine","to":"turnRight"},{"from":"outUnitNavLine","to":"returnJourney"},{"from":"outUnitNavLine","to":"obstacleDetected"},{"from":"outUnitNavLine","to":"obstacleRemoved"},{"from":"outUnitNavPad","to":"detectGreenPad"},{"from":"outUnitNavPad","to":"detectRedPad"},{"from":"outUnitNavPad","to":"stopAtT"},{"from":"outUnitNavPad","to":"routeToSA"},{"from":"outUnitNavPad","to":"routeToSPD"},{"from":"outUnitNavPad","to":"stopAtSPE"},{"from":"outUnitNavPad","to":"arriveAtTargetStock"},{"from":"outUnitPieceColor","to":"extractPieceT"},{"from":"outUnitPieceColor","to":"extractPieceSPE"},{"from":"outSAPieceColor","to":"insertPieceSA"},{"from":"outSPDPieceColor","to":"insertPieceSPD"},{"from":"outUnitPAColor","to":"arriveAtPA"}]
[ACTIVITY CONSTRUCTOR]   - opts: {"outParameters":[{"name":"UnitNavLine","type":"NavColor","direction":"out"},{"name":"UnitNavPad","type":"NavColor","direction":"out"},{"name":"UnitPieceColor","type":"PieceType","direction":"out"},{"name":"SAPieceColor","type":"PieceType","direction":"out"},{"name":"SPDPieceColor","type":"PieceType","direction":"out"},{"name":"UnitPAColor","type":"NavColor","direction":"out"}],"inParameters":[{"name":"OpParam","type":"MissionParameter","direction":"in"},{"name":"UnitNavPad","type":"NavColor","direction":"in"},{"name":"UnitPieceColor","type":"PieceType","direction":"in"},{"name":"SPEPresence","type":"Boolean","direction":"in"},{"name":"TPresence","type":"Boolean","direction":"in"},{"name":"TPieceColor","type":"PieceType","direction":"in"},{"name":"SPEPieceColor","type":"PieceType","direction":"in"}]}
[ACTIVITY CONSTRUCTOR]   - fullOpts.delegates: [{"from":"outUnitNavLine","to":"leavePA"},{"from":"outUnitNavLine","to":"turnRight"},{"from":"outUnitNavLine","to":"returnJourney"},{"from":"outUnitNavLine","to":"obstacleDetected"},{"from":"outUnitNavLine","to":"obstacleRemoved"},{"from":"outUnitNavPad","to":"detectGreenPad"},{"from":"outUnitNavPad","to":"detectRedPad"},{"from":"outUnitNavPad","to":"stopAtT"},{"from":"outUnitNavPad","to":"routeToSA"},{"from":"outUnitNavPad","to":"routeToSPD"},{"from":"outUnitNavPad","to":"stopAtSPE"},{"from":"outUnitNavPad","to":"arriveAtTargetStock"},{"from":"outUnitPieceColor","to":"extractPieceT"},{"from":"outUnitPieceColor","to":"extractPieceSPE"},{"from":"outSAPieceColor","to":"insertPieceSA"},{"from":"outSPDPieceColor","to":"insertPieceSPD"},{"from":"outUnitPAColor","to":"arriveAtPA"}]
[INIT PINS] Activity: UnitEA
[INIT PINS]   - inParameters: [
  { name: 'OpParam', type: 'MissionParameter', direction: 'in' },
  { name: 'UnitNavPad', type: 'NavColor', direction: 'in' },
  { name: 'UnitPieceColor', type: 'PieceType', direction: 'in' },
  { name: 'SPEPresence', type: 'Boolean', direction: 'in' },
  { name: 'TPresence', type: 'Boolean', direction: 'in' },
  { name: 'TPieceColor', type: 'PieceType', direction: 'in' },
  { name: 'SPEPieceColor', type: 'PieceType', direction: 'in' }
]
[INIT PINS]   - delegates: [
  { from: 'outUnitNavLine', to: 'leavePA' },
  { from: 'outUnitNavLine', to: 'turnRight' },
  { from: 'outUnitNavLine', to: 'returnJourney' },
  { from: 'outUnitNavLine', to: 'obstacleDetected' },
  { from: 'outUnitNavLine', to: 'obstacleRemoved' },
  { from: 'outUnitNavPad', to: 'detectGreenPad' },
  { from: 'outUnitNavPad', to: 'detectRedPad' },
  { from: 'outUnitNavPad', to: 'stopAtT' },
  { from: 'outUnitNavPad', to: 'routeToSA' },
  { from: 'outUnitNavPad', to: 'routeToSPD' },
  { from: 'outUnitNavPad', to: 'stopAtSPE' },
  { from: 'outUnitNavPad', to: 'arriveAtTargetStock' },
  { from: 'outUnitPieceColor', to: 'extractPieceT' },
  { from: 'outUnitPieceColor', to: 'extractPieceSPE' },
  { from: 'outSAPieceColor', to: 'insertPieceSA' },
  { from: 'outSPDPieceColor', to: 'insertPieceSPD' },
  { from: 'outUnitPAColor', to: 'arriveAtPA' }
]
[INIT PINS]   - delegates JSON: [{"from":"outUnitNavLine","to":"leavePA"},{"from":"outUnitNavLine","to":"turnRight"},{"from":"outUnitNavLine","to":"returnJourney"},{"from":"outUnitNavLine","to":"obstacleDetected"},{"from":"outUnitNavLine","to":"obstacleRemoved"},{"from":"outUnitNavPad","to":"detectGreenPad"},{"from":"outUnitNavPad","to":"detectRedPad"},{"from":"outUnitNavPad","to":"stopAtT"},{"from":"outUnitNavPad","to":"routeToSA"},{"from":"outUnitNavPad","to":"routeToSPD"},{"from":"outUnitNavPad","to":"stopAtSPE"},{"from":"outUnitNavPad","to":"arriveAtTargetStock"},{"from":"outUnitPieceColor","to":"extractPieceT"},{"from":"outUnitPieceColor","to":"extractPieceSPE"},{"from":"outSAPieceColor","to":"insertPieceSA"},{"from":"outSPDPieceColor","to":"insertPieceSPD"},{"from":"outUnitPAColor","to":"arriveAtPA"}]
[INIT PINS]   - Final portToPinMapping: {
  OpParam: 'OpParam',
  UnitNavPad: 'UnitNavPad',
  UnitPieceColor: 'UnitPieceColor',
  SPEPresence: 'SPEPresence',
  TPresence: 'TPresence',
  TPieceColor: 'TPieceColor',
  SPEPieceColor: 'SPEPieceColor',
  UnitNavLine: 'UnitNavLine',
  SAPieceColor: 'SAPieceColor',
  SPDPieceColor: 'SPDPieceColor',
  UnitPAColor: 'UnitPAColor'
}
[ACTIVITY CONSTRUCTOR] name=UnitEA, component=RobAFISSystemCFD.drive
[ACTIVITY CONSTRUCTOR]   - delegates param: [{"from":"outUnitNavLine","to":"leavePA"},{"from":"outUnitNavLine","to":"turnRight"},{"from":"outUnitNavLine","to":"returnJourney"},{"from":"outUnitNavLine","to":"obstacleDetected"},{"from":"outUnitNavLine","to":"obstacleRemoved"},{"from":"outUnitNavPad","to":"detectGreenPad"},{"from":"outUnitNavPad","to":"detectRedPad"},{"from":"outUnitNavPad","to":"stopAtT"},{"from":"outUnitNavPad","to":"routeToSA"},{"from":"outUnitNavPad","to":"routeToSPD"},{"from":"outUnitNavPad","to":"stopAtSPE"},{"from":"outUnitNavPad","to":"arriveAtTargetStock"},{"from":"outUnitPieceColor","to":"extractPieceT"},{"from":"outUnitPieceColor","to":"extractPieceSPE"},{"from":"outSAPieceColor","to":"insertPieceSA"},{"from":"outSPDPieceColor","to":"insertPieceSPD"},{"from":"outUnitPAColor","to":"arriveAtPA"}]
[ACTIVITY CONSTRUCTOR]   - opts: {"outParameters":[{"name":"UnitNavLine","type":"NavColor","direction":"out"},{"name":"UnitNavPad","type":"NavColor","direction":"out"},{"name":"UnitPieceColor","type":"PieceType","direction":"out"},{"name":"SAPieceColor","type":"PieceType","direction":"out"},{"name":"SPDPieceColor","type":"PieceType","direction":"out"},{"name":"UnitPAColor","type":"NavColor","direction":"out"}],"inParameters":[{"name":"OpParam","type":"MissionParameter","direction":"in"},{"name":"UnitNavPad","type":"NavColor","direction":"in"},{"name":"UnitPieceColor","type":"PieceType","direction":"in"},{"name":"SPEPresence","type":"Boolean","direction":"in"},{"name":"TPresence","type":"Boolean","direction":"in"},{"name":"TPieceColor","type":"PieceType","direction":"in"},{"name":"SPEPieceColor","type":"PieceType","direction":"in"}]}
[ACTIVITY CONSTRUCTOR]   - fullOpts.delegates: [{"from":"outUnitNavLine","to":"leavePA"},{"from":"outUnitNavLine","to":"turnRight"},{"from":"outUnitNavLine","to":"returnJourney"},{"from":"outUnitNavLine","to":"obstacleDetected"},{"from":"outUnitNavLine","to":"obstacleRemoved"},{"from":"outUnitNavPad","to":"detectGreenPad"},{"from":"outUnitNavPad","to":"detectRedPad"},{"from":"outUnitNavPad","to":"stopAtT"},{"from":"outUnitNavPad","to":"routeToSA"},{"from":"outUnitNavPad","to":"routeToSPD"},{"from":"outUnitNavPad","to":"stopAtSPE"},{"from":"outUnitNavPad","to":"arriveAtTargetStock"},{"from":"outUnitPieceColor","to":"extractPieceT"},{"from":"outUnitPieceColor","to":"extractPieceSPE"},{"from":"outSAPieceColor","to":"insertPieceSA"},{"from":"outSPDPieceColor","to":"insertPieceSPD"},{"from":"outUnitPAColor","to":"arriveAtPA"}]
[INIT PINS] Activity: UnitEA
[INIT PINS]   - inParameters: [
  { name: 'OpParam', type: 'MissionParameter', direction: 'in' },
  { name: 'UnitNavPad', type: 'NavColor', direction: 'in' },
  { name: 'UnitPieceColor', type: 'PieceType', direction: 'in' },
  { name: 'SPEPresence', type: 'Boolean', direction: 'in' },
  { name: 'TPresence', type: 'Boolean', direction: 'in' },
  { name: 'TPieceColor', type: 'PieceType', direction: 'in' },
  { name: 'SPEPieceColor', type: 'PieceType', direction: 'in' }
]
[INIT PINS]   - delegates: [
  { from: 'outUnitNavLine', to: 'leavePA' },
  { from: 'outUnitNavLine', to: 'turnRight' },
  { from: 'outUnitNavLine', to: 'returnJourney' },
  { from: 'outUnitNavLine', to: 'obstacleDetected' },
  { from: 'outUnitNavLine', to: 'obstacleRemoved' },
  { from: 'outUnitNavPad', to: 'detectGreenPad' },
  { from: 'outUnitNavPad', to: 'detectRedPad' },
  { from: 'outUnitNavPad', to: 'stopAtT' },
  { from: 'outUnitNavPad', to: 'routeToSA' },
  { from: 'outUnitNavPad', to: 'routeToSPD' },
  { from: 'outUnitNavPad', to: 'stopAtSPE' },
  { from: 'outUnitNavPad', to: 'arriveAtTargetStock' },
  { from: 'outUnitPieceColor', to: 'extractPieceT' },
  { from: 'outUnitPieceColor', to: 'extractPieceSPE' },
  { from: 'outSAPieceColor', to: 'insertPieceSA' },
  { from: 'outSPDPieceColor', to: 'insertPieceSPD' },
  { from: 'outUnitPAColor', to: 'arriveAtPA' }
]
[INIT PINS]   - delegates JSON: [{"from":"outUnitNavLine","to":"leavePA"},{"from":"outUnitNavLine","to":"turnRight"},{"from":"outUnitNavLine","to":"returnJourney"},{"from":"outUnitNavLine","to":"obstacleDetected"},{"from":"outUnitNavLine","to":"obstacleRemoved"},{"from":"outUnitNavPad","to":"detectGreenPad"},{"from":"outUnitNavPad","to":"detectRedPad"},{"from":"outUnitNavPad","to":"stopAtT"},{"from":"outUnitNavPad","to":"routeToSA"},{"from":"outUnitNavPad","to":"routeToSPD"},{"from":"outUnitNavPad","to":"stopAtSPE"},{"from":"outUnitNavPad","to":"arriveAtTargetStock"},{"from":"outUnitPieceColor","to":"extractPieceT"},{"from":"outUnitPieceColor","to":"extractPieceSPE"},{"from":"outSAPieceColor","to":"insertPieceSA"},{"from":"outSPDPieceColor","to":"insertPieceSPD"},{"from":"outUnitPAColor","to":"arriveAtPA"}]
[INIT PINS]   - Final portToPinMapping: {
  OpParam: 'OpParam',
  UnitNavPad: 'UnitNavPad',
  UnitPieceColor: 'UnitPieceColor',
  SPEPresence: 'SPEPresence',
  TPresence: 'TPresence',
  TPieceColor: 'TPieceColor',
  SPEPieceColor: 'SPEPieceColor',
  UnitNavLine: 'UnitNavLine',
  SAPieceColor: 'SAPieceColor',
  SPDPieceColor: 'SPDPieceColor',
  UnitPAColor: 'UnitPAColor'
}
[ACTIVITY CONSTRUCTOR] name=UnitEA, component=RobAFISSystemCFD.grabber
[ACTIVITY CONSTRUCTOR]   - delegates param: [{"from":"outUnitNavLine","to":"leavePA"},{"from":"outUnitNavLine","to":"turnRight"},{"from":"outUnitNavLine","to":"returnJourney"},{"from":"outUnitNavLine","to":"obstacleDetected"},{"from":"outUnitNavLine","to":"obstacleRemoved"},{"from":"outUnitNavPad","to":"detectGreenPad"},{"from":"outUnitNavPad","to":"detectRedPad"},{"from":"outUnitNavPad","to":"stopAtT"},{"from":"outUnitNavPad","to":"routeToSA"},{"from":"outUnitNavPad","to":"routeToSPD"},{"from":"outUnitNavPad","to":"stopAtSPE"},{"from":"outUnitNavPad","to":"arriveAtTargetStock"},{"from":"outUnitPieceColor","to":"extractPieceT"},{"from":"outUnitPieceColor","to":"extractPieceSPE"},{"from":"outSAPieceColor","to":"insertPieceSA"},{"from":"outSPDPieceColor","to":"insertPieceSPD"},{"from":"outUnitPAColor","to":"arriveAtPA"}]
[ACTIVITY CONSTRUCTOR]   - opts: {"outParameters":[{"name":"UnitNavLine","type":"NavColor","direction":"out"},{"name":"UnitNavPad","type":"NavColor","direction":"out"},{"name":"UnitPieceColor","type":"PieceType","direction":"out"},{"name":"SAPieceColor","type":"PieceType","direction":"out"},{"name":"SPDPieceColor","type":"PieceType","direction":"out"},{"name":"UnitPAColor","type":"NavColor","direction":"out"}],"inParameters":[{"name":"OpParam","type":"MissionParameter","direction":"in"},{"name":"UnitNavPad","type":"NavColor","direction":"in"},{"name":"UnitPieceColor","type":"PieceType","direction":"in"},{"name":"SPEPresence","type":"Boolean","direction":"in"},{"name":"TPresence","type":"Boolean","direction":"in"},{"name":"TPieceColor","type":"PieceType","direction":"in"},{"name":"SPEPieceColor","type":"PieceType","direction":"in"}]}
[ACTIVITY CONSTRUCTOR]   - fullOpts.delegates: [{"from":"outUnitNavLine","to":"leavePA"},{"from":"outUnitNavLine","to":"turnRight"},{"from":"outUnitNavLine","to":"returnJourney"},{"from":"outUnitNavLine","to":"obstacleDetected"},{"from":"outUnitNavLine","to":"obstacleRemoved"},{"from":"outUnitNavPad","to":"detectGreenPad"},{"from":"outUnitNavPad","to":"detectRedPad"},{"from":"outUnitNavPad","to":"stopAtT"},{"from":"outUnitNavPad","to":"routeToSA"},{"from":"outUnitNavPad","to":"routeToSPD"},{"from":"outUnitNavPad","to":"stopAtSPE"},{"from":"outUnitNavPad","to":"arriveAtTargetStock"},{"from":"outUnitPieceColor","to":"extractPieceT"},{"from":"outUnitPieceColor","to":"extractPieceSPE"},{"from":"outSAPieceColor","to":"insertPieceSA"},{"from":"outSPDPieceColor","to":"insertPieceSPD"},{"from":"outUnitPAColor","to":"arriveAtPA"}]
[INIT PINS] Activity: UnitEA
[INIT PINS]   - inParameters: [
  { name: 'OpParam', type: 'MissionParameter', direction: 'in' },
  { name: 'UnitNavPad', type: 'NavColor', direction: 'in' },
  { name: 'UnitPieceColor', type: 'PieceType', direction: 'in' },
  { name: 'SPEPresence', type: 'Boolean', direction: 'in' },
  { name: 'TPresence', type: 'Boolean', direction: 'in' },
  { name: 'TPieceColor', type: 'PieceType', direction: 'in' },
  { name: 'SPEPieceColor', type: 'PieceType', direction: 'in' }
]
[INIT PINS]   - delegates: [
  { from: 'outUnitNavLine', to: 'leavePA' },
  { from: 'outUnitNavLine', to: 'turnRight' },
  { from: 'outUnitNavLine', to: 'returnJourney' },
  { from: 'outUnitNavLine', to: 'obstacleDetected' },
  { from: 'outUnitNavLine', to: 'obstacleRemoved' },
  { from: 'outUnitNavPad', to: 'detectGreenPad' },
  { from: 'outUnitNavPad', to: 'detectRedPad' },
  { from: 'outUnitNavPad', to: 'stopAtT' },
  { from: 'outUnitNavPad', to: 'routeToSA' },
  { from: 'outUnitNavPad', to: 'routeToSPD' },
  { from: 'outUnitNavPad', to: 'stopAtSPE' },
  { from: 'outUnitNavPad', to: 'arriveAtTargetStock' },
  { from: 'outUnitPieceColor', to: 'extractPieceT' },
  { from: 'outUnitPieceColor', to: 'extractPieceSPE' },
  { from: 'outSAPieceColor', to: 'insertPieceSA' },
  { from: 'outSPDPieceColor', to: 'insertPieceSPD' },
  { from: 'outUnitPAColor', to: 'arriveAtPA' }
]
[INIT PINS]   - delegates JSON: [{"from":"outUnitNavLine","to":"leavePA"},{"from":"outUnitNavLine","to":"turnRight"},{"from":"outUnitNavLine","to":"returnJourney"},{"from":"outUnitNavLine","to":"obstacleDetected"},{"from":"outUnitNavLine","to":"obstacleRemoved"},{"from":"outUnitNavPad","to":"detectGreenPad"},{"from":"outUnitNavPad","to":"detectRedPad"},{"from":"outUnitNavPad","to":"stopAtT"},{"from":"outUnitNavPad","to":"routeToSA"},{"from":"outUnitNavPad","to":"routeToSPD"},{"from":"outUnitNavPad","to":"stopAtSPE"},{"from":"outUnitNavPad","to":"arriveAtTargetStock"},{"from":"outUnitPieceColor","to":"extractPieceT"},{"from":"outUnitPieceColor","to":"extractPieceSPE"},{"from":"outSAPieceColor","to":"insertPieceSA"},{"from":"outSPDPieceColor","to":"insertPieceSPD"},{"from":"outUnitPAColor","to":"arriveAtPA"}]
[INIT PINS]   - Final portToPinMapping: {
  OpParam: 'OpParam',
  UnitNavPad: 'UnitNavPad',
  UnitPieceColor: 'UnitPieceColor',
  SPEPresence: 'SPEPresence',
  TPresence: 'TPresence',
  TPieceColor: 'TPieceColor',
  SPEPieceColor: 'SPEPieceColor',
  UnitNavLine: 'UnitNavLine',
  SAPieceColor: 'SAPieceColor',
  SPDPieceColor: 'SPDPieceColor',
  UnitPAColor: 'UnitPAColor'
}
[ACTIVITY CONSTRUCTOR] name=UnitEA, component=RobAFISSystemCFD.controller
[ACTIVITY CONSTRUCTOR]   - delegates param: [{"from":"outUnitNavLine","to":"leavePA"},{"from":"outUnitNavLine","to":"turnRight"},{"from":"outUnitNavLine","to":"returnJourney"},{"from":"outUnitNavLine","to":"obstacleDetected"},{"from":"outUnitNavLine","to":"obstacleRemoved"},{"from":"outUnitNavPad","to":"detectGreenPad"},{"from":"outUnitNavPad","to":"detectRedPad"},{"from":"outUnitNavPad","to":"stopAtT"},{"from":"outUnitNavPad","to":"routeToSA"},{"from":"outUnitNavPad","to":"routeToSPD"},{"from":"outUnitNavPad","to":"stopAtSPE"},{"from":"outUnitNavPad","to":"arriveAtTargetStock"},{"from":"outUnitPieceColor","to":"extractPieceT"},{"from":"outUnitPieceColor","to":"extractPieceSPE"},{"from":"outSAPieceColor","to":"insertPieceSA"},{"from":"outSPDPieceColor","to":"insertPieceSPD"},{"from":"outUnitPAColor","to":"arriveAtPA"}]
[ACTIVITY CONSTRUCTOR]   - opts: {"outParameters":[{"name":"UnitNavLine","type":"NavColor","direction":"out"},{"name":"UnitNavPad","type":"NavColor","direction":"out"},{"name":"UnitPieceColor","type":"PieceType","direction":"out"},{"name":"SAPieceColor","type":"PieceType","direction":"out"},{"name":"SPDPieceColor","type":"PieceType","direction":"out"},{"name":"UnitPAColor","type":"NavColor","direction":"out"}],"inParameters":[{"name":"OpParam","type":"MissionParameter","direction":"in"},{"name":"UnitNavPad","type":"NavColor","direction":"in"},{"name":"UnitPieceColor","type":"PieceType","direction":"in"},{"name":"SPEPresence","type":"Boolean","direction":"in"},{"name":"TPresence","type":"Boolean","direction":"in"},{"name":"TPieceColor","type":"PieceType","direction":"in"},{"name":"SPEPieceColor","type":"PieceType","direction":"in"}]}
[ACTIVITY CONSTRUCTOR]   - fullOpts.delegates: [{"from":"outUnitNavLine","to":"leavePA"},{"from":"outUnitNavLine","to":"turnRight"},{"from":"outUnitNavLine","to":"returnJourney"},{"from":"outUnitNavLine","to":"obstacleDetected"},{"from":"outUnitNavLine","to":"obstacleRemoved"},{"from":"outUnitNavPad","to":"detectGreenPad"},{"from":"outUnitNavPad","to":"detectRedPad"},{"from":"outUnitNavPad","to":"stopAtT"},{"from":"outUnitNavPad","to":"routeToSA"},{"from":"outUnitNavPad","to":"routeToSPD"},{"from":"outUnitNavPad","to":"stopAtSPE"},{"from":"outUnitNavPad","to":"arriveAtTargetStock"},{"from":"outUnitPieceColor","to":"extractPieceT"},{"from":"outUnitPieceColor","to":"extractPieceSPE"},{"from":"outSAPieceColor","to":"insertPieceSA"},{"from":"outSPDPieceColor","to":"insertPieceSPD"},{"from":"outUnitPAColor","to":"arriveAtPA"}]
[INIT PINS] Activity: UnitEA
[INIT PINS]   - inParameters: [
  { name: 'OpParam', type: 'MissionParameter', direction: 'in' },
  { name: 'UnitNavPad', type: 'NavColor', direction: 'in' },
  { name: 'UnitPieceColor', type: 'PieceType', direction: 'in' },
  { name: 'SPEPresence', type: 'Boolean', direction: 'in' },
  { name: 'TPresence', type: 'Boolean', direction: 'in' },
  { name: 'TPieceColor', type: 'PieceType', direction: 'in' },
  { name: 'SPEPieceColor', type: 'PieceType', direction: 'in' }
]
[INIT PINS]   - delegates: [
  { from: 'outUnitNavLine', to: 'leavePA' },
  { from: 'outUnitNavLine', to: 'turnRight' },
  { from: 'outUnitNavLine', to: 'returnJourney' },
  { from: 'outUnitNavLine', to: 'obstacleDetected' },
  { from: 'outUnitNavLine', to: 'obstacleRemoved' },
  { from: 'outUnitNavPad', to: 'detectGreenPad' },
  { from: 'outUnitNavPad', to: 'detectRedPad' },
  { from: 'outUnitNavPad', to: 'stopAtT' },
  { from: 'outUnitNavPad', to: 'routeToSA' },
  { from: 'outUnitNavPad', to: 'routeToSPD' },
  { from: 'outUnitNavPad', to: 'stopAtSPE' },
  { from: 'outUnitNavPad', to: 'arriveAtTargetStock' },
  { from: 'outUnitPieceColor', to: 'extractPieceT' },
  { from: 'outUnitPieceColor', to: 'extractPieceSPE' },
  { from: 'outSAPieceColor', to: 'insertPieceSA' },
  { from: 'outSPDPieceColor', to: 'insertPieceSPD' },
  { from: 'outUnitPAColor', to: 'arriveAtPA' }
]
[INIT PINS]   - delegates JSON: [{"from":"outUnitNavLine","to":"leavePA"},{"from":"outUnitNavLine","to":"turnRight"},{"from":"outUnitNavLine","to":"returnJourney"},{"from":"outUnitNavLine","to":"obstacleDetected"},{"from":"outUnitNavLine","to":"obstacleRemoved"},{"from":"outUnitNavPad","to":"detectGreenPad"},{"from":"outUnitNavPad","to":"detectRedPad"},{"from":"outUnitNavPad","to":"stopAtT"},{"from":"outUnitNavPad","to":"routeToSA"},{"from":"outUnitNavPad","to":"routeToSPD"},{"from":"outUnitNavPad","to":"stopAtSPE"},{"from":"outUnitNavPad","to":"arriveAtTargetStock"},{"from":"outUnitPieceColor","to":"extractPieceT"},{"from":"outUnitPieceColor","to":"extractPieceSPE"},{"from":"outSAPieceColor","to":"insertPieceSA"},{"from":"outSPDPieceColor","to":"insertPieceSPD"},{"from":"outUnitPAColor","to":"arriveAtPA"}]
[INIT PINS]   - Final portToPinMapping: {
  OpParam: 'OpParam',
  UnitNavPad: 'UnitNavPad',
  UnitPieceColor: 'UnitPieceColor',
  SPEPresence: 'SPEPresence',
  TPresence: 'TPresence',
  TPieceColor: 'TPieceColor',
  SPEPieceColor: 'SPEPieceColor',
  UnitNavLine: 'UnitNavLine',
  SAPieceColor: 'SAPieceColor',
  SPDPieceColor: 'SPDPieceColor',
  UnitPAColor: 'UnitPAColor'
}
[MODEL] initializeAllConnectors() called
[MODEL]   - _moduleContext available: true
[MODEL]   - _moduleContext keys: [
  'PT_SysADL_Ports_ParameterIPT',
  'PT_SysADL_Ports_ParameterOPT',
  'PT_SysADL_Ports_PieceTypeIPT',
  'PT_SysADL_Ports_PieceTypeOPT',
  'PT_SysADL_Ports_PresenceIPT',
  'PT_SysADL_Ports_PresenceOPT',
  'PT_SysADL_Ports_CommandIPT',
  'PT_SysADL_Ports_CommandOPT',
  'PT_SysADL_Ports_DirectionIPT',
  'PT_SysADL_Ports_DirectionOPT'
]
[MODEL]   - Checking component: RobAFISSystemCFD
[MODEL]     - Initializing connector: pConn
[CONNECTOR setModel] pConn: model=SysADLModel, _needsInitialization=true
[CONNECTOR setModel]   - participantSchema keys: [ 'parameterOPT', 'parameterIPT' ]
[CONNECTOR setModel]   - _moduleContext set with keys: [
  'PT_SysADL_Ports_ParameterIPT',
  'PT_SysADL_Ports_ParameterOPT',
  'PT_SysADL_Ports_PieceTypeIPT',
  'PT_SysADL_Ports_PieceTypeOPT',
  'PT_SysADL_Ports_PresenceIPT'
]
[CONNECTOR setModel]   - Calling initializeInternalParticipants()
Initializing participant parameterOPT with portClass PT_SysADL_Ports_ParameterOPT
Resolving port class: PT_SysADL_Ports_ParameterOPT
Module context available: true
Module context keys: [
  'PT_SysADL_Ports_ParameterIPT',
  'PT_SysADL_Ports_ParameterOPT',
  'PT_SysADL_Ports_PieceTypeIPT',
  'PT_SysADL_Ports_PieceTypeOPT',
  'PT_SysADL_Ports_PresenceIPT',
  'PT_SysADL_Ports_PresenceOPT',
  'PT_SysADL_Ports_CommandIPT',
  'PT_SysADL_Ports_CommandOPT',
  'PT_SysADL_Ports_DirectionIPT',
  'PT_SysADL_Ports_DirectionOPT',
  'PT_EnvPortsRobAFIS_OutPieceColor',
  'PT_EnvPortsRobAFIS_InPieceColor',
  'PT_EnvPortsRobAFIS_OutNavColor',
  'PT_EnvPortsRobAFIS_InNavColor',
  'PT_EnvPortsRobAFIS_OutPresence',
  'PT_EnvPortsRobAFIS_InPresence',
  'PT_EnvPortsRobAFIS_OutParameter',
  'PT_EnvPortsRobAFIS_InParameter',
  'PT_EnvPortsRobAFIS_OutMotorCommand',
  'PT_EnvPortsRobAFIS_InMotorCommand',
  'CN_SysADL_Connectors_ParameterCN',
  'CN_SysADL_Connectors_PieceTypeCN',
  'CN_SysADL_Connectors_PresenceCN',
  'CN_SysADL_Connectors_CommandCN',
  'CN_SysADL_Connectors_DirectionCN',
  'CN_EnvConnectorsRobAFIS_DetectPieceColorEnvCN',
  'CN_EnvConnectorsRobAFIS_DetectParameterEnvCN',
  'CN_EnvConnectorsRobAFIS_ReadParameterEnvCN',
  'CN_EnvConnectorsRobAFIS_ReadPieceColorEnvCN',
  'CN_EnvConnectorsRobAFIS_ReadPresenceEnvCN',
  'CN_EnvConnectorsRobAFIS_SendMotorCommandEnvCN',
  'CN_EnvConnectorsRobAFIS_SendEnvironmentalDirectionEnvCN',
  'CN_EnvConnectorsRobAFIS_SendPieceColorEnvCN',
  'CT_SysADL_Behavior_DecideCommandEQ',
  'CT_SysADL_Behavior_ExtractDirEQ',
  'CT_SysADL_Behavior_ExtractGrabEQ',
  'EX_SysADL_Execution_DecideCommandEX',
  'EX_SysADL_Execution_ExtractDirEX',
  'EX_SysADL_Execution_ExtractGrabEX',
  'EX_SysADL_Boundary_Execution_TranslateDirectionToColorEX',
  'EX_SysADL_Boundary_Execution_PassParameterEX',
  'EX_ScenariosRobAFIS_Execution_PassPieceTypeEX',
  'EX_SysADL_Boundary_Execution_PassPresenceEX',
  'EX_ScenariosRobAFIS_Execution_PassMotorCommandEX',
  'EX_ScenariosRobAFIS_Execution_PassMissionParameterEX',
  'EX_ScenariosRobAFIS_Execution_PassNavColorEX',
  'EN_PieceType',
  'EN_MissionParameter',
  'EN_MotorCommand',
  'EN_Direction',
  'EN_NavColor',
  'DT_RobotCommands'
]
Found in module context: [class PT_SysADL_Ports_ParameterOPT extends SimplePort]
Final result for PT_SysADL_Ports_ParameterOPT: [class PT_SysADL_Ports_ParameterOPT extends SimplePort]
Resolved simple port class: [class PT_SysADL_Ports_ParameterOPT extends SimplePort]
PortClass type: function
PortClass constructor: [Function: Function]
Initializing participant parameterIPT with portClass PT_SysADL_Ports_ParameterIPT
Resolving port class: PT_SysADL_Ports_ParameterIPT
Module context available: true
Module context keys: [
  'PT_SysADL_Ports_ParameterIPT',
  'PT_SysADL_Ports_ParameterOPT',
  'PT_SysADL_Ports_PieceTypeIPT',
  'PT_SysADL_Ports_PieceTypeOPT',
  'PT_SysADL_Ports_PresenceIPT',
  'PT_SysADL_Ports_PresenceOPT',
  'PT_SysADL_Ports_CommandIPT',
  'PT_SysADL_Ports_CommandOPT',
  'PT_SysADL_Ports_DirectionIPT',
  'PT_SysADL_Ports_DirectionOPT',
  'PT_EnvPortsRobAFIS_OutPieceColor',
  'PT_EnvPortsRobAFIS_InPieceColor',
  'PT_EnvPortsRobAFIS_OutNavColor',
  'PT_EnvPortsRobAFIS_InNavColor',
  'PT_EnvPortsRobAFIS_OutPresence',
  'PT_EnvPortsRobAFIS_InPresence',
  'PT_EnvPortsRobAFIS_OutParameter',
  'PT_EnvPortsRobAFIS_InParameter',
  'PT_EnvPortsRobAFIS_OutMotorCommand',
  'PT_EnvPortsRobAFIS_InMotorCommand',
  'CN_SysADL_Connectors_ParameterCN',
  'CN_SysADL_Connectors_PieceTypeCN',
  'CN_SysADL_Connectors_PresenceCN',
  'CN_SysADL_Connectors_CommandCN',
  'CN_SysADL_Connectors_DirectionCN',
  'CN_EnvConnectorsRobAFIS_DetectPieceColorEnvCN',
  'CN_EnvConnectorsRobAFIS_DetectParameterEnvCN',
  'CN_EnvConnectorsRobAFIS_ReadParameterEnvCN',
  'CN_EnvConnectorsRobAFIS_ReadPieceColorEnvCN',
  'CN_EnvConnectorsRobAFIS_ReadPresenceEnvCN',
  'CN_EnvConnectorsRobAFIS_SendMotorCommandEnvCN',
  'CN_EnvConnectorsRobAFIS_SendEnvironmentalDirectionEnvCN',
  'CN_EnvConnectorsRobAFIS_SendPieceColorEnvCN',
  'CT_SysADL_Behavior_DecideCommandEQ',
  'CT_SysADL_Behavior_ExtractDirEQ',
  'CT_SysADL_Behavior_ExtractGrabEQ',
  'EX_SysADL_Execution_DecideCommandEX',
  'EX_SysADL_Execution_ExtractDirEX',
  'EX_SysADL_Execution_ExtractGrabEX',
  'EX_SysADL_Boundary_Execution_TranslateDirectionToColorEX',
  'EX_SysADL_Boundary_Execution_PassParameterEX',
  'EX_ScenariosRobAFIS_Execution_PassPieceTypeEX',
  'EX_SysADL_Boundary_Execution_PassPresenceEX',
  'EX_ScenariosRobAFIS_Execution_PassMotorCommandEX',
  'EX_ScenariosRobAFIS_Execution_PassMissionParameterEX',
  'EX_ScenariosRobAFIS_Execution_PassNavColorEX',
  'EN_PieceType',
  'EN_MissionParameter',
  'EN_MotorCommand',
  'EN_Direction',
  'EN_NavColor',
  'DT_RobotCommands'
]
Found in module context: [class PT_SysADL_Ports_ParameterIPT extends SimplePort]
Final result for PT_SysADL_Ports_ParameterIPT: [class PT_SysADL_Ports_ParameterIPT extends SimplePort]
Resolved simple port class: [class PT_SysADL_Ports_ParameterIPT extends SimplePort]
PortClass type: function
PortClass constructor: [Function: Function]
[BIND TO] pConn.parameterOPT bindTo -> bindingType=Object, hasReceive=true
[MODEL]     - Initializing connector: colorConn
[CONNECTOR setModel] colorConn: model=SysADLModel, _needsInitialization=true
[CONNECTOR setModel]   - participantSchema keys: [ 'pieceTypeOPT', 'pieceTypeIPT' ]
[CONNECTOR setModel]   - _moduleContext set with keys: [
  'PT_SysADL_Ports_ParameterIPT',
  'PT_SysADL_Ports_ParameterOPT',
  'PT_SysADL_Ports_PieceTypeIPT',
  'PT_SysADL_Ports_PieceTypeOPT',
  'PT_SysADL_Ports_PresenceIPT'
]
[CONNECTOR setModel]   - Calling initializeInternalParticipants()
Initializing participant pieceTypeOPT with portClass PT_SysADL_Ports_PieceTypeOPT
Resolving port class: PT_SysADL_Ports_PieceTypeOPT
Module context available: true
Module context keys: [
  'PT_SysADL_Ports_ParameterIPT',
  'PT_SysADL_Ports_ParameterOPT',
  'PT_SysADL_Ports_PieceTypeIPT',
  'PT_SysADL_Ports_PieceTypeOPT',
  'PT_SysADL_Ports_PresenceIPT',
  'PT_SysADL_Ports_PresenceOPT',
  'PT_SysADL_Ports_CommandIPT',
  'PT_SysADL_Ports_CommandOPT',
  'PT_SysADL_Ports_DirectionIPT',
  'PT_SysADL_Ports_DirectionOPT',
  'PT_EnvPortsRobAFIS_OutPieceColor',
  'PT_EnvPortsRobAFIS_InPieceColor',
  'PT_EnvPortsRobAFIS_OutNavColor',
  'PT_EnvPortsRobAFIS_InNavColor',
  'PT_EnvPortsRobAFIS_OutPresence',
  'PT_EnvPortsRobAFIS_InPresence',
  'PT_EnvPortsRobAFIS_OutParameter',
  'PT_EnvPortsRobAFIS_InParameter',
  'PT_EnvPortsRobAFIS_OutMotorCommand',
  'PT_EnvPortsRobAFIS_InMotorCommand',
  'CN_SysADL_Connectors_ParameterCN',
  'CN_SysADL_Connectors_PieceTypeCN',
  'CN_SysADL_Connectors_PresenceCN',
  'CN_SysADL_Connectors_CommandCN',
  'CN_SysADL_Connectors_DirectionCN',
  'CN_EnvConnectorsRobAFIS_DetectPieceColorEnvCN',
  'CN_EnvConnectorsRobAFIS_DetectParameterEnvCN',
  'CN_EnvConnectorsRobAFIS_ReadParameterEnvCN',
  'CN_EnvConnectorsRobAFIS_ReadPieceColorEnvCN',
  'CN_EnvConnectorsRobAFIS_ReadPresenceEnvCN',
  'CN_EnvConnectorsRobAFIS_SendMotorCommandEnvCN',
  'CN_EnvConnectorsRobAFIS_SendEnvironmentalDirectionEnvCN',
  'CN_EnvConnectorsRobAFIS_SendPieceColorEnvCN',
  'CT_SysADL_Behavior_DecideCommandEQ',
  'CT_SysADL_Behavior_ExtractDirEQ',
  'CT_SysADL_Behavior_ExtractGrabEQ',
  'EX_SysADL_Execution_DecideCommandEX',
  'EX_SysADL_Execution_ExtractDirEX',
  'EX_SysADL_Execution_ExtractGrabEX',
  'EX_SysADL_Boundary_Execution_TranslateDirectionToColorEX',
  'EX_SysADL_Boundary_Execution_PassParameterEX',
  'EX_ScenariosRobAFIS_Execution_PassPieceTypeEX',
  'EX_SysADL_Boundary_Execution_PassPresenceEX',
  'EX_ScenariosRobAFIS_Execution_PassMotorCommandEX',
  'EX_ScenariosRobAFIS_Execution_PassMissionParameterEX',
  'EX_ScenariosRobAFIS_Execution_PassNavColorEX',
  'EN_PieceType',
  'EN_MissionParameter',
  'EN_MotorCommand',
  'EN_Direction',
  'EN_NavColor',
  'DT_RobotCommands'
]
Found in module context: [class PT_SysADL_Ports_PieceTypeOPT extends SimplePort]
Final result for PT_SysADL_Ports_PieceTypeOPT: [class PT_SysADL_Ports_PieceTypeOPT extends SimplePort]
Resolved simple port class: [class PT_SysADL_Ports_PieceTypeOPT extends SimplePort]
PortClass type: function
PortClass constructor: [Function: Function]
Initializing participant pieceTypeIPT with portClass PT_SysADL_Ports_PieceTypeIPT
Resolving port class: PT_SysADL_Ports_PieceTypeIPT
Module context available: true
Module context keys: [
  'PT_SysADL_Ports_ParameterIPT',
  'PT_SysADL_Ports_ParameterOPT',
  'PT_SysADL_Ports_PieceTypeIPT',
  'PT_SysADL_Ports_PieceTypeOPT',
  'PT_SysADL_Ports_PresenceIPT',
  'PT_SysADL_Ports_PresenceOPT',
  'PT_SysADL_Ports_CommandIPT',
  'PT_SysADL_Ports_CommandOPT',
  'PT_SysADL_Ports_DirectionIPT',
  'PT_SysADL_Ports_DirectionOPT',
  'PT_EnvPortsRobAFIS_OutPieceColor',
  'PT_EnvPortsRobAFIS_InPieceColor',
  'PT_EnvPortsRobAFIS_OutNavColor',
  'PT_EnvPortsRobAFIS_InNavColor',
  'PT_EnvPortsRobAFIS_OutPresence',
  'PT_EnvPortsRobAFIS_InPresence',
  'PT_EnvPortsRobAFIS_OutParameter',
  'PT_EnvPortsRobAFIS_InParameter',
  'PT_EnvPortsRobAFIS_OutMotorCommand',
  'PT_EnvPortsRobAFIS_InMotorCommand',
  'CN_SysADL_Connectors_ParameterCN',
  'CN_SysADL_Connectors_PieceTypeCN',
  'CN_SysADL_Connectors_PresenceCN',
  'CN_SysADL_Connectors_CommandCN',
  'CN_SysADL_Connectors_DirectionCN',
  'CN_EnvConnectorsRobAFIS_DetectPieceColorEnvCN',
  'CN_EnvConnectorsRobAFIS_DetectParameterEnvCN',
  'CN_EnvConnectorsRobAFIS_ReadParameterEnvCN',
  'CN_EnvConnectorsRobAFIS_ReadPieceColorEnvCN',
  'CN_EnvConnectorsRobAFIS_ReadPresenceEnvCN',
  'CN_EnvConnectorsRobAFIS_SendMotorCommandEnvCN',
  'CN_EnvConnectorsRobAFIS_SendEnvironmentalDirectionEnvCN',
  'CN_EnvConnectorsRobAFIS_SendPieceColorEnvCN',
  'CT_SysADL_Behavior_DecideCommandEQ',
  'CT_SysADL_Behavior_ExtractDirEQ',
  'CT_SysADL_Behavior_ExtractGrabEQ',
  'EX_SysADL_Execution_DecideCommandEX',
  'EX_SysADL_Execution_ExtractDirEX',
  'EX_SysADL_Execution_ExtractGrabEX',
  'EX_SysADL_Boundary_Execution_TranslateDirectionToColorEX',
  'EX_SysADL_Boundary_Execution_PassParameterEX',
  'EX_ScenariosRobAFIS_Execution_PassPieceTypeEX',
  'EX_SysADL_Boundary_Execution_PassPresenceEX',
  'EX_ScenariosRobAFIS_Execution_PassMotorCommandEX',
  'EX_ScenariosRobAFIS_Execution_PassMissionParameterEX',
  'EX_ScenariosRobAFIS_Execution_PassNavColorEX',
  'EN_PieceType',
  'EN_MissionParameter',
  'EN_MotorCommand',
  'EN_Direction',
  'EN_NavColor',
  'DT_RobotCommands'
]
Found in module context: [class PT_SysADL_Ports_PieceTypeIPT extends SimplePort]
Final result for PT_SysADL_Ports_PieceTypeIPT: [class PT_SysADL_Ports_PieceTypeIPT extends SimplePort]
Resolved simple port class: [class PT_SysADL_Ports_PieceTypeIPT extends SimplePort]
PortClass type: function
PortClass constructor: [Function: Function]
[BIND TO] colorConn.pieceTypeOPT bindTo -> bindingType=Object, hasReceive=true
[MODEL]     - Initializing connector: speConn
[CONNECTOR setModel] speConn: model=SysADLModel, _needsInitialization=true
[CONNECTOR setModel]   - participantSchema keys: [ 'presenceOPT', 'presenceIPT' ]
[CONNECTOR setModel]   - _moduleContext set with keys: [
  'PT_SysADL_Ports_ParameterIPT',
  'PT_SysADL_Ports_ParameterOPT',
  'PT_SysADL_Ports_PieceTypeIPT',
  'PT_SysADL_Ports_PieceTypeOPT',
  'PT_SysADL_Ports_PresenceIPT'
]
[CONNECTOR setModel]   - Calling initializeInternalParticipants()
Initializing participant presenceOPT with portClass PT_SysADL_Ports_PresenceOPT
Resolving port class: PT_SysADL_Ports_PresenceOPT
Module context available: true
Module context keys: [
  'PT_SysADL_Ports_ParameterIPT',
  'PT_SysADL_Ports_ParameterOPT',
  'PT_SysADL_Ports_PieceTypeIPT',
  'PT_SysADL_Ports_PieceTypeOPT',
  'PT_SysADL_Ports_PresenceIPT',
  'PT_SysADL_Ports_PresenceOPT',
  'PT_SysADL_Ports_CommandIPT',
  'PT_SysADL_Ports_CommandOPT',
  'PT_SysADL_Ports_DirectionIPT',
  'PT_SysADL_Ports_DirectionOPT',
  'PT_EnvPortsRobAFIS_OutPieceColor',
  'PT_EnvPortsRobAFIS_InPieceColor',
  'PT_EnvPortsRobAFIS_OutNavColor',
  'PT_EnvPortsRobAFIS_InNavColor',
  'PT_EnvPortsRobAFIS_OutPresence',
  'PT_EnvPortsRobAFIS_InPresence',
  'PT_EnvPortsRobAFIS_OutParameter',
  'PT_EnvPortsRobAFIS_InParameter',
  'PT_EnvPortsRobAFIS_OutMotorCommand',
  'PT_EnvPortsRobAFIS_InMotorCommand',
  'CN_SysADL_Connectors_ParameterCN',
  'CN_SysADL_Connectors_PieceTypeCN',
  'CN_SysADL_Connectors_PresenceCN',
  'CN_SysADL_Connectors_CommandCN',
  'CN_SysADL_Connectors_DirectionCN',
  'CN_EnvConnectorsRobAFIS_DetectPieceColorEnvCN',
  'CN_EnvConnectorsRobAFIS_DetectParameterEnvCN',
  'CN_EnvConnectorsRobAFIS_ReadParameterEnvCN',
  'CN_EnvConnectorsRobAFIS_ReadPieceColorEnvCN',
  'CN_EnvConnectorsRobAFIS_ReadPresenceEnvCN',
  'CN_EnvConnectorsRobAFIS_SendMotorCommandEnvCN',
  'CN_EnvConnectorsRobAFIS_SendEnvironmentalDirectionEnvCN',
  'CN_EnvConnectorsRobAFIS_SendPieceColorEnvCN',
  'CT_SysADL_Behavior_DecideCommandEQ',
  'CT_SysADL_Behavior_ExtractDirEQ',
  'CT_SysADL_Behavior_ExtractGrabEQ',
  'EX_SysADL_Execution_DecideCommandEX',
  'EX_SysADL_Execution_ExtractDirEX',
  'EX_SysADL_Execution_ExtractGrabEX',
  'EX_SysADL_Boundary_Execution_TranslateDirectionToColorEX',
  'EX_SysADL_Boundary_Execution_PassParameterEX',
  'EX_ScenariosRobAFIS_Execution_PassPieceTypeEX',
  'EX_SysADL_Boundary_Execution_PassPresenceEX',
  'EX_ScenariosRobAFIS_Execution_PassMotorCommandEX',
  'EX_ScenariosRobAFIS_Execution_PassMissionParameterEX',
  'EX_ScenariosRobAFIS_Execution_PassNavColorEX',
  'EN_PieceType',
  'EN_MissionParameter',
  'EN_MotorCommand',
  'EN_Direction',
  'EN_NavColor',
  'DT_RobotCommands'
]
Found in module context: [class PT_SysADL_Ports_PresenceOPT extends SimplePort]
Final result for PT_SysADL_Ports_PresenceOPT: [class PT_SysADL_Ports_PresenceOPT extends SimplePort]
Resolved simple port class: [class PT_SysADL_Ports_PresenceOPT extends SimplePort]
PortClass type: function
PortClass constructor: [Function: Function]
Initializing participant presenceIPT with portClass PT_SysADL_Ports_PresenceIPT
Resolving port class: PT_SysADL_Ports_PresenceIPT
Module context available: true
Module context keys: [
  'PT_SysADL_Ports_ParameterIPT',
  'PT_SysADL_Ports_ParameterOPT',
  'PT_SysADL_Ports_PieceTypeIPT',
  'PT_SysADL_Ports_PieceTypeOPT',
  'PT_SysADL_Ports_PresenceIPT',
  'PT_SysADL_Ports_PresenceOPT',
  'PT_SysADL_Ports_CommandIPT',
  'PT_SysADL_Ports_CommandOPT',
  'PT_SysADL_Ports_DirectionIPT',
  'PT_SysADL_Ports_DirectionOPT',
  'PT_EnvPortsRobAFIS_OutPieceColor',
  'PT_EnvPortsRobAFIS_InPieceColor',
  'PT_EnvPortsRobAFIS_OutNavColor',
  'PT_EnvPortsRobAFIS_InNavColor',
  'PT_EnvPortsRobAFIS_OutPresence',
  'PT_EnvPortsRobAFIS_InPresence',
  'PT_EnvPortsRobAFIS_OutParameter',
  'PT_EnvPortsRobAFIS_InParameter',
  'PT_EnvPortsRobAFIS_OutMotorCommand',
  'PT_EnvPortsRobAFIS_InMotorCommand',
  'CN_SysADL_Connectors_ParameterCN',
  'CN_SysADL_Connectors_PieceTypeCN',
  'CN_SysADL_Connectors_PresenceCN',
  'CN_SysADL_Connectors_CommandCN',
  'CN_SysADL_Connectors_DirectionCN',
  'CN_EnvConnectorsRobAFIS_DetectPieceColorEnvCN',
  'CN_EnvConnectorsRobAFIS_DetectParameterEnvCN',
  'CN_EnvConnectorsRobAFIS_ReadParameterEnvCN',
  'CN_EnvConnectorsRobAFIS_ReadPieceColorEnvCN',
  'CN_EnvConnectorsRobAFIS_ReadPresenceEnvCN',
  'CN_EnvConnectorsRobAFIS_SendMotorCommandEnvCN',
  'CN_EnvConnectorsRobAFIS_SendEnvironmentalDirectionEnvCN',
  'CN_EnvConnectorsRobAFIS_SendPieceColorEnvCN',
  'CT_SysADL_Behavior_DecideCommandEQ',
  'CT_SysADL_Behavior_ExtractDirEQ',
  'CT_SysADL_Behavior_ExtractGrabEQ',
  'EX_SysADL_Execution_DecideCommandEX',
  'EX_SysADL_Execution_ExtractDirEX',
  'EX_SysADL_Execution_ExtractGrabEX',
  'EX_SysADL_Boundary_Execution_TranslateDirectionToColorEX',
  'EX_SysADL_Boundary_Execution_PassParameterEX',
  'EX_ScenariosRobAFIS_Execution_PassPieceTypeEX',
  'EX_SysADL_Boundary_Execution_PassPresenceEX',
  'EX_ScenariosRobAFIS_Execution_PassMotorCommandEX',
  'EX_ScenariosRobAFIS_Execution_PassMissionParameterEX',
  'EX_ScenariosRobAFIS_Execution_PassNavColorEX',
  'EN_PieceType',
  'EN_MissionParameter',
  'EN_MotorCommand',
  'EN_Direction',
  'EN_NavColor',
  'DT_RobotCommands'
]
Found in module context: [class PT_SysADL_Ports_PresenceIPT extends SimplePort]
Final result for PT_SysADL_Ports_PresenceIPT: [class PT_SysADL_Ports_PresenceIPT extends SimplePort]
Resolved simple port class: [class PT_SysADL_Ports_PresenceIPT extends SimplePort]
PortClass type: function
PortClass constructor: [Function: Function]
[BIND TO] speConn.presenceOPT bindTo -> bindingType=Object, hasReceive=true
[MODEL]     - Initializing connector: tConn
[CONNECTOR setModel] tConn: model=SysADLModel, _needsInitialization=true
[CONNECTOR setModel]   - participantSchema keys: [ 'presenceOPT', 'presenceIPT' ]
[CONNECTOR setModel]   - _moduleContext set with keys: [
  'PT_SysADL_Ports_ParameterIPT',
  'PT_SysADL_Ports_ParameterOPT',
  'PT_SysADL_Ports_PieceTypeIPT',
  'PT_SysADL_Ports_PieceTypeOPT',
  'PT_SysADL_Ports_PresenceIPT'
]
[CONNECTOR setModel]   - Calling initializeInternalParticipants()
Initializing participant presenceOPT with portClass PT_SysADL_Ports_PresenceOPT
Resolving port class: PT_SysADL_Ports_PresenceOPT
Module context available: true
Module context keys: [
  'PT_SysADL_Ports_ParameterIPT',
  'PT_SysADL_Ports_ParameterOPT',
  'PT_SysADL_Ports_PieceTypeIPT',
  'PT_SysADL_Ports_PieceTypeOPT',
  'PT_SysADL_Ports_PresenceIPT',
  'PT_SysADL_Ports_PresenceOPT',
  'PT_SysADL_Ports_CommandIPT',
  'PT_SysADL_Ports_CommandOPT',
  'PT_SysADL_Ports_DirectionIPT',
  'PT_SysADL_Ports_DirectionOPT',
  'PT_EnvPortsRobAFIS_OutPieceColor',
  'PT_EnvPortsRobAFIS_InPieceColor',
  'PT_EnvPortsRobAFIS_OutNavColor',
  'PT_EnvPortsRobAFIS_InNavColor',
  'PT_EnvPortsRobAFIS_OutPresence',
  'PT_EnvPortsRobAFIS_InPresence',
  'PT_EnvPortsRobAFIS_OutParameter',
  'PT_EnvPortsRobAFIS_InParameter',
  'PT_EnvPortsRobAFIS_OutMotorCommand',
  'PT_EnvPortsRobAFIS_InMotorCommand',
  'CN_SysADL_Connectors_ParameterCN',
  'CN_SysADL_Connectors_PieceTypeCN',
  'CN_SysADL_Connectors_PresenceCN',
  'CN_SysADL_Connectors_CommandCN',
  'CN_SysADL_Connectors_DirectionCN',
  'CN_EnvConnectorsRobAFIS_DetectPieceColorEnvCN',
  'CN_EnvConnectorsRobAFIS_DetectParameterEnvCN',
  'CN_EnvConnectorsRobAFIS_ReadParameterEnvCN',
  'CN_EnvConnectorsRobAFIS_ReadPieceColorEnvCN',
  'CN_EnvConnectorsRobAFIS_ReadPresenceEnvCN',
  'CN_EnvConnectorsRobAFIS_SendMotorCommandEnvCN',
  'CN_EnvConnectorsRobAFIS_SendEnvironmentalDirectionEnvCN',
  'CN_EnvConnectorsRobAFIS_SendPieceColorEnvCN',
  'CT_SysADL_Behavior_DecideCommandEQ',
  'CT_SysADL_Behavior_ExtractDirEQ',
  'CT_SysADL_Behavior_ExtractGrabEQ',
  'EX_SysADL_Execution_DecideCommandEX',
  'EX_SysADL_Execution_ExtractDirEX',
  'EX_SysADL_Execution_ExtractGrabEX',
  'EX_SysADL_Boundary_Execution_TranslateDirectionToColorEX',
  'EX_SysADL_Boundary_Execution_PassParameterEX',
  'EX_ScenariosRobAFIS_Execution_PassPieceTypeEX',
  'EX_SysADL_Boundary_Execution_PassPresenceEX',
  'EX_ScenariosRobAFIS_Execution_PassMotorCommandEX',
  'EX_ScenariosRobAFIS_Execution_PassMissionParameterEX',
  'EX_ScenariosRobAFIS_Execution_PassNavColorEX',
  'EN_PieceType',
  'EN_MissionParameter',
  'EN_MotorCommand',
  'EN_Direction',
  'EN_NavColor',
  'DT_RobotCommands'
]
Found in module context: [class PT_SysADL_Ports_PresenceOPT extends SimplePort]
Final result for PT_SysADL_Ports_PresenceOPT: [class PT_SysADL_Ports_PresenceOPT extends SimplePort]
Resolved simple port class: [class PT_SysADL_Ports_PresenceOPT extends SimplePort]
PortClass type: function
PortClass constructor: [Function: Function]
Initializing participant presenceIPT with portClass PT_SysADL_Ports_PresenceIPT
Resolving port class: PT_SysADL_Ports_PresenceIPT
Module context available: true
Module context keys: [
  'PT_SysADL_Ports_ParameterIPT',
  'PT_SysADL_Ports_ParameterOPT',
  'PT_SysADL_Ports_PieceTypeIPT',
  'PT_SysADL_Ports_PieceTypeOPT',
  'PT_SysADL_Ports_PresenceIPT',
  'PT_SysADL_Ports_PresenceOPT',
  'PT_SysADL_Ports_CommandIPT',
  'PT_SysADL_Ports_CommandOPT',
  'PT_SysADL_Ports_DirectionIPT',
  'PT_SysADL_Ports_DirectionOPT',
  'PT_EnvPortsRobAFIS_OutPieceColor',
  'PT_EnvPortsRobAFIS_InPieceColor',
  'PT_EnvPortsRobAFIS_OutNavColor',
  'PT_EnvPortsRobAFIS_InNavColor',
  'PT_EnvPortsRobAFIS_OutPresence',
  'PT_EnvPortsRobAFIS_InPresence',
  'PT_EnvPortsRobAFIS_OutParameter',
  'PT_EnvPortsRobAFIS_InParameter',
  'PT_EnvPortsRobAFIS_OutMotorCommand',
  'PT_EnvPortsRobAFIS_InMotorCommand',
  'CN_SysADL_Connectors_ParameterCN',
  'CN_SysADL_Connectors_PieceTypeCN',
  'CN_SysADL_Connectors_PresenceCN',
  'CN_SysADL_Connectors_CommandCN',
  'CN_SysADL_Connectors_DirectionCN',
  'CN_EnvConnectorsRobAFIS_DetectPieceColorEnvCN',
  'CN_EnvConnectorsRobAFIS_DetectParameterEnvCN',
  'CN_EnvConnectorsRobAFIS_ReadParameterEnvCN',
  'CN_EnvConnectorsRobAFIS_ReadPieceColorEnvCN',
  'CN_EnvConnectorsRobAFIS_ReadPresenceEnvCN',
  'CN_EnvConnectorsRobAFIS_SendMotorCommandEnvCN',
  'CN_EnvConnectorsRobAFIS_SendEnvironmentalDirectionEnvCN',
  'CN_EnvConnectorsRobAFIS_SendPieceColorEnvCN',
  'CT_SysADL_Behavior_DecideCommandEQ',
  'CT_SysADL_Behavior_ExtractDirEQ',
  'CT_SysADL_Behavior_ExtractGrabEQ',
  'EX_SysADL_Execution_DecideCommandEX',
  'EX_SysADL_Execution_ExtractDirEX',
  'EX_SysADL_Execution_ExtractGrabEX',
  'EX_SysADL_Boundary_Execution_TranslateDirectionToColorEX',
  'EX_SysADL_Boundary_Execution_PassParameterEX',
  'EX_ScenariosRobAFIS_Execution_PassPieceTypeEX',
  'EX_SysADL_Boundary_Execution_PassPresenceEX',
  'EX_ScenariosRobAFIS_Execution_PassMotorCommandEX',
  'EX_ScenariosRobAFIS_Execution_PassMissionParameterEX',
  'EX_ScenariosRobAFIS_Execution_PassNavColorEX',
  'EN_PieceType',
  'EN_MissionParameter',
  'EN_MotorCommand',
  'EN_Direction',
  'EN_NavColor',
  'DT_RobotCommands'
]
Found in module context: [class PT_SysADL_Ports_PresenceIPT extends SimplePort]
Final result for PT_SysADL_Ports_PresenceIPT: [class PT_SysADL_Ports_PresenceIPT extends SimplePort]
Resolved simple port class: [class PT_SysADL_Ports_PresenceIPT extends SimplePort]
PortClass type: function
PortClass constructor: [Function: Function]
[BIND TO] tConn.presenceOPT bindTo -> bindingType=Object, hasReceive=true
[MODEL]     - Initializing connector: dirConn
[CONNECTOR setModel] dirConn: model=SysADLModel, _needsInitialization=true
[CONNECTOR setModel]   - participantSchema keys: [ 'directionOPT', 'directionIPT' ]
[CONNECTOR setModel]   - _moduleContext set with keys: [
  'PT_SysADL_Ports_ParameterIPT',
  'PT_SysADL_Ports_ParameterOPT',
  'PT_SysADL_Ports_PieceTypeIPT',
  'PT_SysADL_Ports_PieceTypeOPT',
  'PT_SysADL_Ports_PresenceIPT'
]
[CONNECTOR setModel]   - Calling initializeInternalParticipants()
Initializing participant directionOPT with portClass PT_SysADL_Ports_DirectionOPT
Resolving port class: PT_SysADL_Ports_DirectionOPT
Module context available: true
Module context keys: [
  'PT_SysADL_Ports_ParameterIPT',
  'PT_SysADL_Ports_ParameterOPT',
  'PT_SysADL_Ports_PieceTypeIPT',
  'PT_SysADL_Ports_PieceTypeOPT',
  'PT_SysADL_Ports_PresenceIPT',
  'PT_SysADL_Ports_PresenceOPT',
  'PT_SysADL_Ports_CommandIPT',
  'PT_SysADL_Ports_CommandOPT',
  'PT_SysADL_Ports_DirectionIPT',
  'PT_SysADL_Ports_DirectionOPT',
  'PT_EnvPortsRobAFIS_OutPieceColor',
  'PT_EnvPortsRobAFIS_InPieceColor',
  'PT_EnvPortsRobAFIS_OutNavColor',
  'PT_EnvPortsRobAFIS_InNavColor',
  'PT_EnvPortsRobAFIS_OutPresence',
  'PT_EnvPortsRobAFIS_InPresence',
  'PT_EnvPortsRobAFIS_OutParameter',
  'PT_EnvPortsRobAFIS_InParameter',
  'PT_EnvPortsRobAFIS_OutMotorCommand',
  'PT_EnvPortsRobAFIS_InMotorCommand',
  'CN_SysADL_Connectors_ParameterCN',
  'CN_SysADL_Connectors_PieceTypeCN',
  'CN_SysADL_Connectors_PresenceCN',
  'CN_SysADL_Connectors_CommandCN',
  'CN_SysADL_Connectors_DirectionCN',
  'CN_EnvConnectorsRobAFIS_DetectPieceColorEnvCN',
  'CN_EnvConnectorsRobAFIS_DetectParameterEnvCN',
  'CN_EnvConnectorsRobAFIS_ReadParameterEnvCN',
  'CN_EnvConnectorsRobAFIS_ReadPieceColorEnvCN',
  'CN_EnvConnectorsRobAFIS_ReadPresenceEnvCN',
  'CN_EnvConnectorsRobAFIS_SendMotorCommandEnvCN',
  'CN_EnvConnectorsRobAFIS_SendEnvironmentalDirectionEnvCN',
  'CN_EnvConnectorsRobAFIS_SendPieceColorEnvCN',
  'CT_SysADL_Behavior_DecideCommandEQ',
  'CT_SysADL_Behavior_ExtractDirEQ',
  'CT_SysADL_Behavior_ExtractGrabEQ',
  'EX_SysADL_Execution_DecideCommandEX',
  'EX_SysADL_Execution_ExtractDirEX',
  'EX_SysADL_Execution_ExtractGrabEX',
  'EX_SysADL_Boundary_Execution_TranslateDirectionToColorEX',
  'EX_SysADL_Boundary_Execution_PassParameterEX',
  'EX_ScenariosRobAFIS_Execution_PassPieceTypeEX',
  'EX_SysADL_Boundary_Execution_PassPresenceEX',
  'EX_ScenariosRobAFIS_Execution_PassMotorCommandEX',
  'EX_ScenariosRobAFIS_Execution_PassMissionParameterEX',
  'EX_ScenariosRobAFIS_Execution_PassNavColorEX',
  'EN_PieceType',
  'EN_MissionParameter',
  'EN_MotorCommand',
  'EN_Direction',
  'EN_NavColor',
  'DT_RobotCommands'
]
Found in module context: [class PT_SysADL_Ports_DirectionOPT extends SimplePort]
Final result for PT_SysADL_Ports_DirectionOPT: [class PT_SysADL_Ports_DirectionOPT extends SimplePort]
Resolved simple port class: [class PT_SysADL_Ports_DirectionOPT extends SimplePort]
PortClass type: function
PortClass constructor: [Function: Function]
Initializing participant directionIPT with portClass PT_SysADL_Ports_DirectionIPT
Resolving port class: PT_SysADL_Ports_DirectionIPT
Module context available: true
Module context keys: [
  'PT_SysADL_Ports_ParameterIPT',
  'PT_SysADL_Ports_ParameterOPT',
  'PT_SysADL_Ports_PieceTypeIPT',
  'PT_SysADL_Ports_PieceTypeOPT',
  'PT_SysADL_Ports_PresenceIPT',
  'PT_SysADL_Ports_PresenceOPT',
  'PT_SysADL_Ports_CommandIPT',
  'PT_SysADL_Ports_CommandOPT',
  'PT_SysADL_Ports_DirectionIPT',
  'PT_SysADL_Ports_DirectionOPT',
  'PT_EnvPortsRobAFIS_OutPieceColor',
  'PT_EnvPortsRobAFIS_InPieceColor',
  'PT_EnvPortsRobAFIS_OutNavColor',
  'PT_EnvPortsRobAFIS_InNavColor',
  'PT_EnvPortsRobAFIS_OutPresence',
  'PT_EnvPortsRobAFIS_InPresence',
  'PT_EnvPortsRobAFIS_OutParameter',
  'PT_EnvPortsRobAFIS_InParameter',
  'PT_EnvPortsRobAFIS_OutMotorCommand',
  'PT_EnvPortsRobAFIS_InMotorCommand',
  'CN_SysADL_Connectors_ParameterCN',
  'CN_SysADL_Connectors_PieceTypeCN',
  'CN_SysADL_Connectors_PresenceCN',
  'CN_SysADL_Connectors_CommandCN',
  'CN_SysADL_Connectors_DirectionCN',
  'CN_EnvConnectorsRobAFIS_DetectPieceColorEnvCN',
  'CN_EnvConnectorsRobAFIS_DetectParameterEnvCN',
  'CN_EnvConnectorsRobAFIS_ReadParameterEnvCN',
  'CN_EnvConnectorsRobAFIS_ReadPieceColorEnvCN',
  'CN_EnvConnectorsRobAFIS_ReadPresenceEnvCN',
  'CN_EnvConnectorsRobAFIS_SendMotorCommandEnvCN',
  'CN_EnvConnectorsRobAFIS_SendEnvironmentalDirectionEnvCN',
  'CN_EnvConnectorsRobAFIS_SendPieceColorEnvCN',
  'CT_SysADL_Behavior_DecideCommandEQ',
  'CT_SysADL_Behavior_ExtractDirEQ',
  'CT_SysADL_Behavior_ExtractGrabEQ',
  'EX_SysADL_Execution_DecideCommandEX',
  'EX_SysADL_Execution_ExtractDirEX',
  'EX_SysADL_Execution_ExtractGrabEX',
  'EX_SysADL_Boundary_Execution_TranslateDirectionToColorEX',
  'EX_SysADL_Boundary_Execution_PassParameterEX',
  'EX_ScenariosRobAFIS_Execution_PassPieceTypeEX',
  'EX_SysADL_Boundary_Execution_PassPresenceEX',
  'EX_ScenariosRobAFIS_Execution_PassMotorCommandEX',
  'EX_ScenariosRobAFIS_Execution_PassMissionParameterEX',
  'EX_ScenariosRobAFIS_Execution_PassNavColorEX',
  'EN_PieceType',
  'EN_MissionParameter',
  'EN_MotorCommand',
  'EN_Direction',
  'EN_NavColor',
  'DT_RobotCommands'
]
Found in module context: [class PT_SysADL_Ports_DirectionIPT extends SimplePort]
Final result for PT_SysADL_Ports_DirectionIPT: [class PT_SysADL_Ports_DirectionIPT extends SimplePort]
Resolved simple port class: [class PT_SysADL_Ports_DirectionIPT extends SimplePort]
PortClass type: function
PortClass constructor: [Function: Function]
[BIND TO] dirConn.directionOPT bindTo -> bindingType=Object, hasReceive=true
[MODEL]     - Initializing connector: grabConn
[CONNECTOR setModel] grabConn: model=SysADLModel, _needsInitialization=true
[CONNECTOR setModel]   - participantSchema keys: [ 'commandOPT', 'commandIPT' ]
[CONNECTOR setModel]   - _moduleContext set with keys: [
  'PT_SysADL_Ports_ParameterIPT',
  'PT_SysADL_Ports_ParameterOPT',
  'PT_SysADL_Ports_PieceTypeIPT',
  'PT_SysADL_Ports_PieceTypeOPT',
  'PT_SysADL_Ports_PresenceIPT'
]
[CONNECTOR setModel]   - Calling initializeInternalParticipants()
Initializing participant commandOPT with portClass PT_SysADL_Ports_CommandOPT
Resolving port class: PT_SysADL_Ports_CommandOPT
Module context available: true
Module context keys: [
  'PT_SysADL_Ports_ParameterIPT',
  'PT_SysADL_Ports_ParameterOPT',
  'PT_SysADL_Ports_PieceTypeIPT',
  'PT_SysADL_Ports_PieceTypeOPT',
  'PT_SysADL_Ports_PresenceIPT',
  'PT_SysADL_Ports_PresenceOPT',
  'PT_SysADL_Ports_CommandIPT',
  'PT_SysADL_Ports_CommandOPT',
  'PT_SysADL_Ports_DirectionIPT',
  'PT_SysADL_Ports_DirectionOPT',
  'PT_EnvPortsRobAFIS_OutPieceColor',
  'PT_EnvPortsRobAFIS_InPieceColor',
  'PT_EnvPortsRobAFIS_OutNavColor',
  'PT_EnvPortsRobAFIS_InNavColor',
  'PT_EnvPortsRobAFIS_OutPresence',
  'PT_EnvPortsRobAFIS_InPresence',
  'PT_EnvPortsRobAFIS_OutParameter',
  'PT_EnvPortsRobAFIS_InParameter',
  'PT_EnvPortsRobAFIS_OutMotorCommand',
  'PT_EnvPortsRobAFIS_InMotorCommand',
  'CN_SysADL_Connectors_ParameterCN',
  'CN_SysADL_Connectors_PieceTypeCN',
  'CN_SysADL_Connectors_PresenceCN',
  'CN_SysADL_Connectors_CommandCN',
  'CN_SysADL_Connectors_DirectionCN',
  'CN_EnvConnectorsRobAFIS_DetectPieceColorEnvCN',
  'CN_EnvConnectorsRobAFIS_DetectParameterEnvCN',
  'CN_EnvConnectorsRobAFIS_ReadParameterEnvCN',
  'CN_EnvConnectorsRobAFIS_ReadPieceColorEnvCN',
  'CN_EnvConnectorsRobAFIS_ReadPresenceEnvCN',
  'CN_EnvConnectorsRobAFIS_SendMotorCommandEnvCN',
  'CN_EnvConnectorsRobAFIS_SendEnvironmentalDirectionEnvCN',
  'CN_EnvConnectorsRobAFIS_SendPieceColorEnvCN',
  'CT_SysADL_Behavior_DecideCommandEQ',
  'CT_SysADL_Behavior_ExtractDirEQ',
  'CT_SysADL_Behavior_ExtractGrabEQ',
  'EX_SysADL_Execution_DecideCommandEX',
  'EX_SysADL_Execution_ExtractDirEX',
  'EX_SysADL_Execution_ExtractGrabEX',
  'EX_SysADL_Boundary_Execution_TranslateDirectionToColorEX',
  'EX_SysADL_Boundary_Execution_PassParameterEX',
  'EX_ScenariosRobAFIS_Execution_PassPieceTypeEX',
  'EX_SysADL_Boundary_Execution_PassPresenceEX',
  'EX_ScenariosRobAFIS_Execution_PassMotorCommandEX',
  'EX_ScenariosRobAFIS_Execution_PassMissionParameterEX',
  'EX_ScenariosRobAFIS_Execution_PassNavColorEX',
  'EN_PieceType',
  'EN_MissionParameter',
  'EN_MotorCommand',
  'EN_Direction',
  'EN_NavColor',
  'DT_RobotCommands'
]
Found in module context: [class PT_SysADL_Ports_CommandOPT extends SimplePort]
Final result for PT_SysADL_Ports_CommandOPT: [class PT_SysADL_Ports_CommandOPT extends SimplePort]
Resolved simple port class: [class PT_SysADL_Ports_CommandOPT extends SimplePort]
PortClass type: function
PortClass constructor: [Function: Function]
Initializing participant commandIPT with portClass PT_SysADL_Ports_CommandIPT
Resolving port class: PT_SysADL_Ports_CommandIPT
Module context available: true
Module context keys: [
  'PT_SysADL_Ports_ParameterIPT',
  'PT_SysADL_Ports_ParameterOPT',
  'PT_SysADL_Ports_PieceTypeIPT',
  'PT_SysADL_Ports_PieceTypeOPT',
  'PT_SysADL_Ports_PresenceIPT',
  'PT_SysADL_Ports_PresenceOPT',
  'PT_SysADL_Ports_CommandIPT',
  'PT_SysADL_Ports_CommandOPT',
  'PT_SysADL_Ports_DirectionIPT',
  'PT_SysADL_Ports_DirectionOPT',
  'PT_EnvPortsRobAFIS_OutPieceColor',
  'PT_EnvPortsRobAFIS_InPieceColor',
  'PT_EnvPortsRobAFIS_OutNavColor',
  'PT_EnvPortsRobAFIS_InNavColor',
  'PT_EnvPortsRobAFIS_OutPresence',
  'PT_EnvPortsRobAFIS_InPresence',
  'PT_EnvPortsRobAFIS_OutParameter',
  'PT_EnvPortsRobAFIS_InParameter',
  'PT_EnvPortsRobAFIS_OutMotorCommand',
  'PT_EnvPortsRobAFIS_InMotorCommand',
  'CN_SysADL_Connectors_ParameterCN',
  'CN_SysADL_Connectors_PieceTypeCN',
  'CN_SysADL_Connectors_PresenceCN',
  'CN_SysADL_Connectors_CommandCN',
  'CN_SysADL_Connectors_DirectionCN',
  'CN_EnvConnectorsRobAFIS_DetectPieceColorEnvCN',
  'CN_EnvConnectorsRobAFIS_DetectParameterEnvCN',
  'CN_EnvConnectorsRobAFIS_ReadParameterEnvCN',
  'CN_EnvConnectorsRobAFIS_ReadPieceColorEnvCN',
  'CN_EnvConnectorsRobAFIS_ReadPresenceEnvCN',
  'CN_EnvConnectorsRobAFIS_SendMotorCommandEnvCN',
  'CN_EnvConnectorsRobAFIS_SendEnvironmentalDirectionEnvCN',
  'CN_EnvConnectorsRobAFIS_SendPieceColorEnvCN',
  'CT_SysADL_Behavior_DecideCommandEQ',
  'CT_SysADL_Behavior_ExtractDirEQ',
  'CT_SysADL_Behavior_ExtractGrabEQ',
  'EX_SysADL_Execution_DecideCommandEX',
  'EX_SysADL_Execution_ExtractDirEX',
  'EX_SysADL_Execution_ExtractGrabEX',
  'EX_SysADL_Boundary_Execution_TranslateDirectionToColorEX',
  'EX_SysADL_Boundary_Execution_PassParameterEX',
  'EX_ScenariosRobAFIS_Execution_PassPieceTypeEX',
  'EX_SysADL_Boundary_Execution_PassPresenceEX',
  'EX_ScenariosRobAFIS_Execution_PassMotorCommandEX',
  'EX_ScenariosRobAFIS_Execution_PassMissionParameterEX',
  'EX_ScenariosRobAFIS_Execution_PassNavColorEX',
  'EN_PieceType',
  'EN_MissionParameter',
  'EN_MotorCommand',
  'EN_Direction',
  'EN_NavColor',
  'DT_RobotCommands'
]
Found in module context: [class PT_SysADL_Ports_CommandIPT extends SimplePort]
Final result for PT_SysADL_Ports_CommandIPT: [class PT_SysADL_Ports_CommandIPT extends SimplePort]
Resolved simple port class: [class PT_SysADL_Ports_CommandIPT extends SimplePort]
PortClass type: function
PortClass constructor: [Function: Function]
[BIND TO] grabConn.commandOPT bindTo -> bindingType=Object, hasReceive=true
[MODEL]   - Checking component: colorSens
[MODEL]   - Checking component: controller
[MODEL]   - Checking component: drive
[MODEL]   - Checking component: grabber
[MODEL]   - Checking component: pInput
[MODEL]   - Checking component: speSens
[MODEL]   - Checking component: tSens
🔧 Instantiating environment hierarchy, connectors and bridges...
🔌  Instantiated connector tPresenceC of type ReadPresenceEnvCN (transElevator.outPresence -> unit_tSens.inPresence)
🔌  Instantiated connector colorC of type ReadPieceColorEnvCN (transElevator.outPieceColor -> unit_colorSens.inColor)
🔌  Instantiated connector grabC of type SendMotorCommandEnvCN (unit_grabber.outCommand -> transElevator.inCommand)
🔌  Instantiated connector spePresenceC of type ReadPresenceEnvCN (entryStock.outPresence -> unit_speSens.inPresence)
🔌  Instantiated connector zoneC of type ReadPresenceEnvCN (machineZone.outPresence -> unit_zoneSens.inPresence)
🔌  Instantiated connector navLineC of type SendEnvironmentalDirectionEnvCN (unit_driveSys.outColor -> navLine.inColor)
🔌  Instantiated connector navPadC of type SendEnvironmentalDirectionEnvCN (unit_driveSys.outColor -> navPad.inColor)
🔌  Instantiated connector paColorC of type SendEnvironmentalDirectionEnvCN (unit_driveSys.outColor -> standbyPos.inColor)
🔌  Instantiated connector dropSA_CommandC of type SendMotorCommandEnvCN (unit_grabber.outCommand -> arrivalStock.inDropCommand)
🔌  Instantiated connector dropSPD_CommandC of type SendMotorCommandEnvCN (unit_grabber.outCommand -> departureStock.inDropCommand)
🔌  Instantiated connector dropSA_PieceC of type SendPieceColorEnvCN (unit_grabber.outPieceColor -> arrivalStock.inPieceColor)
🔌  Instantiated connector dropSPD_PieceC of type SendPieceColorEnvCN (unit_grabber.outPieceColor -> departureStock.inPieceColor)
🔌  Instantiated connector tPresenceC of type ReadPresenceEnvCN (transElevator.outPresence -> unit_tSens.inPresence)
🔌  Instantiated connector colorC of type ReadPieceColorEnvCN (transElevator.outPieceColor -> unit_colorSens.inColor)
🔌  Instantiated connector grabC of type SendMotorCommandEnvCN (unit_grabber.outCommand -> transElevator.inCommand)
🔌  Instantiated connector spePresenceC of type ReadPresenceEnvCN (entryStock.outPresence -> unit_speSens.inPresence)
🔌  Instantiated connector zoneC of type ReadPresenceEnvCN (machineZone.outPresence -> unit_zoneSens.inPresence)
🔌  Instantiated connector navLineC of type SendEnvironmentalDirectionEnvCN (unit_driveSys.outColor -> navLine.inColor)
🔌  Instantiated connector navPadC of type SendEnvironmentalDirectionEnvCN (unit_driveSys.outColor -> navPad.inColor)
🔌  Instantiated connector paColorC of type SendEnvironmentalDirectionEnvCN (unit_driveSys.outColor -> standbyPos.inColor)
🔌  Instantiated connector dropSA_CommandC of type SendMotorCommandEnvCN (unit_grabber.outCommand -> arrivalStock.inDropCommand)
🔌  Instantiated connector dropSPD_CommandC of type SendMotorCommandEnvCN (unit_grabber.outCommand -> departureStock.inDropCommand)
🔌  Instantiated connector dropSA_PieceC of type SendPieceColorEnvCN (unit_grabber.outPieceColor -> arrivalStock.inPieceColor)
🔌  Instantiated connector dropSPD_PieceC of type SendPieceColorEnvCN (unit_grabber.outPieceColor -> departureStock.inPieceColor)
🔌  Instantiated connector unit1ToUnit2TransferC of type DetectPieceColorEnvCN (unit1.outUnitTransferToSPE -> unit2.inUnitTransferFromSPD)
🔌  Instantiated connector unit2ToUnit1TransferC of type DetectPieceColorEnvCN (unit2.outUnitTransferToSPE -> unit1.inUnitTransferFromSPD)
🔌  Instantiated connector param1C of type ReadParameterEnvCN (operator1.outParam -> r1_pInput.inParam)
🔌  Instantiated connector param2C of type ReadParameterEnvCN (operator2.outParam -> r2_pInput.inParam)
🔌  Instantiated connector unit1MissionC of type DetectParameterEnvCN (operator1.outParam -> unit1.inOpParam)
🔌  Instantiated connector unit2MissionC of type DetectParameterEnvCN (operator2.outParam -> unit2.inOpParam)
[Boundary Extension] Applying SysADL.Components.ColorSensorCP to system component colorSens (CP_SysADL_Components_ColorSensorCP)
[Boundary Extension] Applying SysADL.Components.PresenceSensorCP to system component tSens (CP_SysADL_Components_PresenceSensorCP)
[Boundary Extension] Applying SysADL.Components.PresenceSensorCP to system component speSens (CP_SysADL_Components_PresenceSensorCP)
[Boundary Extension] Applying SysADL.Components.PresenceSensorCP to system component speSens (CP_SysADL_Components_PresenceSensorCP)
[Boundary Extension] Applying SysADL.Components.GrabberCP to system component grabber (CP_SysADL_Components_GrabberCP)
[Boundary Extension] Applying SysADL.Components.DriveSystemCP to system component drive (CP_SysADL_Components_DriveSystemCP)
[Boundary Extension] Applying SysADL.Components.ColorSensorCP to system component colorSens (CP_SysADL_Components_ColorSensorCP)
[Boundary Extension] Applying SysADL.Components.PresenceSensorCP to system component tSens (CP_SysADL_Components_PresenceSensorCP)
[Boundary Extension] Applying SysADL.Components.PresenceSensorCP to system component speSens (CP_SysADL_Components_PresenceSensorCP)
[Boundary Extension] Applying SysADL.Components.PresenceSensorCP to system component speSens (CP_SysADL_Components_PresenceSensorCP)
[Boundary Extension] Applying SysADL.Components.GrabberCP to system component grabber (CP_SysADL_Components_GrabberCP)
[Boundary Extension] Applying SysADL.Components.DriveSystemCP to system component drive (CP_SysADL_Components_DriveSystemCP)
[Boundary Extension] Applying SysADL.Components.ParameterInputCP to system component pInput (CP_SysADL_Components_ParameterInputCP)
[Boundary Extension] Applying SysADL.Components.ParameterInputCP to system component pInput (CP_SysADL_Components_ParameterInputCP)
[Simulator] Scanning executeAsync for target scenarios...
[Simulator] Eagerly registering target scenario: Scenario_ObstacleHandling_Unit1
[SET] ctx.activeScenarios =  (activeAction: )
🎬 [SCENARIO] Registered passive observer for scenario: Scenario_ObstacleHandling_Unit1
[Simulator] Eagerly registering target scenario: Scenario_ObstacleHandling_Unit2
[SET] ctx.activeScenarios = [object Object] (activeAction: )
🎬 [SCENARIO] Registered passive observer for scenario: Scenario_ObstacleHandling_Unit2
[Simulator] Eagerly registering target scenario: Scenario_PriorityResolution_Unit1
[SET] ctx.activeScenarios = [object Object],[object Object] (activeAction: )
🎬 [SCENARIO] Registered passive observer for scenario: Scenario_PriorityResolution_Unit1
[Simulator] Eagerly registering target scenario: Scenario_PriorityResolution_Unit2
[SET] ctx.activeScenarios = [object Object],[object Object],[object Object] (activeAction: )
🎬 [SCENARIO] Registered passive observer for scenario: Scenario_PriorityResolution_Unit2
[Simulator] Eagerly registering target scenario: Scenario_RoutingLogic_P0_Unit1
[SET] ctx.activeScenarios = [object Object],[object Object],[object Object],[object Object] (activeAction: )
🎬 [SCENARIO] Registered passive observer for scenario: Scenario_RoutingLogic_P0_Unit1
[Simulator] Eagerly registering target scenario: Scenario_RoutingLogic_P0_Unit2
[SET] ctx.activeScenarios = [object Object],[object Object],[object Object],[object Object],[object Object] (activeAction: )
🎬 [SCENARIO] Registered passive observer for scenario: Scenario_RoutingLogic_P0_Unit2
[Simulator] Eagerly registering target scenario: Scenario_EndMission_Unit1
[SET] ctx.activeScenarios = [object Object],[object Object],[object Object],[object Object],[object Object],[object Object] (activeAction: )
🎬 [SCENARIO] Registered passive observer for scenario: Scenario_EndMission_Unit1
[Simulator] Eagerly registering target scenario: Scenario_EndMission_Unit2
[SET] ctx.activeScenarios = [object Object],[object Object],[object Object],[object Object],[object Object],[object Object],[object Object] (activeAction: )
🎬 [SCENARIO] Registered passive observer for scenario: Scenario_EndMission_Unit2
DEBUG: EnvConnector.activate called for tPresenceC
DEBUG: EnvConnector tPresenceC resolved ports: source=outPresence, target=inPresence
DEBUG: EnvConnector tPresenceC transferring value: true
[CONNECT] 00:00.018 envconnector.activated: tPresenceC
DEBUG: SimulationLogger not available or disabled on EnvConnector model
🔗 EnvConnector tPresenceC activated: undefined.undefined → undefined.undefined
[CHANGE] 00:00.018 envport.value.changed: outPresence
[CHANGE] 00:00.018 envport.value.changed: outPresence
[CHANGE] 00:00.018 envport.value.changed: outUnitPieceColor
DEBUG: EnvConnector.activate called for colorC
DEBUG: EnvConnector colorC resolved ports: source=outPieceColor, target=inColor
DEBUG: EnvConnector colorC transferring value: P1
[CONNECT] 00:00.018 envconnector.activated: colorC
DEBUG: SimulationLogger not available or disabled on EnvConnector model
🔗 EnvConnector colorC activated: undefined.undefined → undefined.undefined
[CHANGE] 00:00.018 envport.value.changed: outPieceColor
[CHANGE] 00:00.018 envport.value.changed: outColor
[CHANGE] 00:00.018 envport.value.changed: outPresence
[CHANGE] 00:00.019 envport.value.changed: outUnitPieceColor
DEBUG: EnvConnector.activate called for colorC
DEBUG: EnvConnector colorC resolved ports: source=outPieceColor, target=inColor
DEBUG: EnvConnector colorC transferring value: P1
[CONNECT] 00:00.019 envconnector.activated: colorC
DEBUG: SimulationLogger not available or disabled on EnvConnector model
🔗 EnvConnector colorC activated: undefined.undefined → undefined.undefined
[CHANGE] 00:00.019 envport.value.changed: outPieceColor
[CHANGE] 00:00.019 envport.value.changed: outColor
[CHANGE] 00:00.019 envport.value.changed: outPresence
[CHANGE] 00:00.019 envport.value.changed: outUnitPieceColor
DEBUG: EnvConnector.activate called for colorC
DEBUG: EnvConnector colorC resolved ports: source=outPieceColor, target=inColor
DEBUG: EnvConnector colorC transferring value: P1
[CONNECT] 00:00.019 envconnector.activated: colorC
DEBUG: SimulationLogger not available or disabled on EnvConnector model
🔗 EnvConnector colorC activated: undefined.undefined → undefined.undefined
[CHANGE] 00:00.019 envport.value.changed: outPieceColor
[CHANGE] 00:00.019 envport.value.changed: outColor
DEBUG: EnvConnector.activate called for spePresenceC
DEBUG: EnvConnector spePresenceC resolved ports: source=outPresence, target=inPresence
DEBUG: EnvConnector spePresenceC transferring value: true
[CONNECT] 00:00.019 envconnector.activated: spePresenceC
DEBUG: SimulationLogger not available or disabled on EnvConnector model
🔗 EnvConnector spePresenceC activated: undefined.undefined → undefined.undefined
[CHANGE] 00:00.019 envport.value.changed: outPresence
[CHANGE] 00:00.019 envport.value.changed: outPresence
[CHANGE] 00:00.019 envport.value.changed: outPieceColor
[CHANGE] 00:00.019 envport.value.changed: outColor
DEBUG: EnvConnector.activate called for tPresenceC
DEBUG: EnvConnector tPresenceC resolved ports: source=outPresence, target=inPresence
DEBUG: EnvConnector tPresenceC transferring value: true
[CONNECT] 00:00.019 envconnector.activated: tPresenceC
DEBUG: SimulationLogger not available or disabled on EnvConnector model
🔗 EnvConnector tPresenceC activated: undefined.undefined → undefined.undefined
[CHANGE] 00:00.019 envport.value.changed: outPresence
[CHANGE] 00:00.020 envport.value.changed: outPresence
[CHANGE] 00:00.020 envport.value.changed: outUnitPieceColor
DEBUG: EnvConnector.activate called for colorC
DEBUG: EnvConnector colorC resolved ports: source=outPieceColor, target=inColor
DEBUG: EnvConnector colorC transferring value: P1
[CONNECT] 00:00.020 envconnector.activated: colorC
DEBUG: SimulationLogger not available or disabled on EnvConnector model
🔗 EnvConnector colorC activated: undefined.undefined → undefined.undefined
[CHANGE] 00:00.020 envport.value.changed: outPieceColor
[CHANGE] 00:00.020 envport.value.changed: outColor
[CHANGE] 00:00.020 envport.value.changed: outPresence
[CHANGE] 00:00.020 envport.value.changed: outUnitPieceColor
DEBUG: EnvConnector.activate called for colorC
DEBUG: EnvConnector colorC resolved ports: source=outPieceColor, target=inColor
DEBUG: EnvConnector colorC transferring value: P1
[CONNECT] 00:00.020 envconnector.activated: colorC
DEBUG: SimulationLogger not available or disabled on EnvConnector model
🔗 EnvConnector colorC activated: undefined.undefined → undefined.undefined
[CHANGE] 00:00.021 envport.value.changed: outPieceColor
[CHANGE] 00:00.021 envport.value.changed: outColor
DEBUG: EnvConnector.activate called for spePresenceC
DEBUG: EnvConnector spePresenceC resolved ports: source=outPresence, target=inPresence
DEBUG: EnvConnector spePresenceC transferring value: true
[CONNECT] 00:00.021 envconnector.activated: spePresenceC
DEBUG: SimulationLogger not available or disabled on EnvConnector model
🔗 EnvConnector spePresenceC activated: undefined.undefined → undefined.undefined
[CHANGE] 00:00.021 envport.value.changed: outPresence
[CHANGE] 00:00.021 envport.value.changed: outPresence
[CHANGE] 00:00.021 envport.value.changed: outPieceColor
[CHANGE] 00:00.021 envport.value.changed: outColor
⏱️  [SCHEDULER] Scheduled injection: ObstacleDetectedSig in 45ms
⏱️  [SCHEDULER] Scheduled injection: ObstacleRemovedSig in 50ms
📡 [SIGNAL] Handling signal: 'StartSimulationSig' from global
[SET] ctx.activeInstance = [object Object] (activeAction: )
   [HANDLER] Executing 'setMissionParametersOp' for instance 'operator1'
[SET] ctx.activeAction = setMissionParametersOp (activeAction: )
[SET] ctx.activeSignal = StartSimulationSig (activeAction: setMissionParametersOp)
[SET] ctx.activeActivity = OperatorEA (activeAction: setMissionParametersOp)
[SET] ctx.paramIn = P0 (activeAction: setMissionParametersOp)
DEBUG: EnvConnector.activate called for param1C
DEBUG: EnvConnector param1C resolved ports: source=outParam, target=inParam
DEBUG: EnvConnector param1C transferring value: P0
[CONNECT] 00:00.024 envconnector.activated: param1C
DEBUG: SimulationLogger not available or disabled on EnvConnector model
🔗 EnvConnector param1C activated: undefined.undefined → undefined.undefined
DEBUG: EnvConnector.activate called for unit1MissionC
DEBUG: EnvConnector unit1MissionC resolved ports: source=outParam, target=inOpParam
DEBUG: EnvConnector unit1MissionC transferring value: P0
[CHANGE] 00:00.024 envport.value.changed: inOpParam
[CONNECT] 00:00.024 envconnector.activated: unit1MissionC
DEBUG: SimulationLogger not available or disabled on EnvConnector model
🔗 EnvConnector unit1MissionC activated: undefined.undefined → undefined.undefined
[CHANGE] 00:00.024 envport.value.changed: outParam
[SET] ctx.activeAction = setMissionParametersOp (activeAction: setMissionParametersOp)
[SET] ctx.activeSignal = StartSimulationSig (activeAction: setMissionParametersOp)
[SET] ctx.activeActivity = OperatorEA (activeAction: setMissionParametersOp)
[SET] ctx.activeInstance = [object Object] (activeAction: setMissionParametersOp)
   [HANDLER] Executing 'setMissionParametersOp' for instance 'operator2'
[SET] ctx.activeAction = setMissionParametersOp (activeAction: setMissionParametersOp)
[SET] ctx.activeSignal = StartSimulationSig (activeAction: setMissionParametersOp)
[SET] ctx.activeActivity = OperatorEA (activeAction: setMissionParametersOp)
[SET] ctx.paramIn = P0 (activeAction: setMissionParametersOp)
DEBUG: EnvConnector.activate called for param2C
DEBUG: EnvConnector param2C resolved ports: source=outParam, target=inParam
DEBUG: EnvConnector param2C transferring value: P0
[CONNECT] 00:00.024 envconnector.activated: param2C
DEBUG: SimulationLogger not available or disabled on EnvConnector model
🔗 EnvConnector param2C activated: undefined.undefined → undefined.undefined
DEBUG: EnvConnector.activate called for unit2MissionC
DEBUG: EnvConnector unit2MissionC resolved ports: source=outParam, target=inOpParam
DEBUG: EnvConnector unit2MissionC transferring value: P0
[CHANGE] 00:00.024 envport.value.changed: inOpParam
[CONNECT] 00:00.024 envconnector.activated: unit2MissionC
DEBUG: SimulationLogger not available or disabled on EnvConnector model
🔗 EnvConnector unit2MissionC activated: undefined.undefined → undefined.undefined
[CHANGE] 00:00.024 envport.value.changed: outParam
[SET] ctx.activeAction = setMissionParametersOp (activeAction: setMissionParametersOp)
[SET] ctx.activeSignal = StartSimulationSig (activeAction: setMissionParametersOp)
[SET] ctx.activeActivity = OperatorEA (activeAction: setMissionParametersOp)
[SET] ctx.activeInstance = [object Object] (activeAction: setMissionParametersOp)
[SET] ctx.activeInstance = [object Object] (activeAction: setMissionParametersOp)
[SET] ctx.activeInstance = null (activeAction: setMissionParametersOp)
📡 [SIGNAL] Handling signal: 'SetMissionParamSig' from operator1
[SET] ctx.activeInstance = [object Object] (activeAction: setMissionParametersOp)
[SET] ctx.activeInstance = [object Object] (activeAction: setMissionParametersOp)
   [HANDLER] Executing 'leavePA' for instance 'unit1'
[SET] ctx.activeAction = leavePA (activeAction: setMissionParametersOp)
[SET] ctx.activeSignal = SetMissionParamSig (activeAction: leavePA)
[SET] ctx.activeActivity = UnitEA (activeAction: leavePA)
[SET] ctx.colorIn = Black (activeAction: leavePA)
[DEBUG SET] colorIn: activeComp=unit1, activeActName=UnitEA, activeAction=leavePA, delegate={"from":"outUnitNavLine","to":"leavePA"}
[DEBUG SET] colorIn: found port=outUnitNavLine, owner=unit1
[CHANGE] 00:00.025 envport.value.changed: outUnitNavLine
[DEBUG SET] colorIn: leaves found=navLine.outColor
[CHANGE] 00:00.026 envport.value.changed: outColor
[DEBUG SET] colorIn: set leafPort navLine.outColor to Black, now value=Black
[SET] ctx.activeAction = leavePA (activeAction: leavePA)
[SET] ctx.activeSignal = SetMissionParamSig (activeAction: leavePA)
[SET] ctx.activeActivity = UnitEA (activeAction: leavePA)
[SET] ctx.activeInstance = null (activeAction: leavePA)
📡 [SIGNAL] Handling signal: 'SetMissionParamSig' from operator2
♻️  [Simulator] Loop detected on signal 'SetMissionParamSig'. Committing pending replication increments.
[SET] ctx.activeInstance = [object Object] (activeAction: leavePA)
[SET] ctx.activeInstance = [object Object] (activeAction: leavePA)
   [HANDLER] Executing 'leavePA' for instance 'unit2'
[SET] ctx.activeAction = leavePA (activeAction: leavePA)
[SET] ctx.activeSignal = SetMissionParamSig (activeAction: leavePA)
[SET] ctx.activeActivity = UnitEA (activeAction: leavePA)
[SET] ctx.colorIn = Black (activeAction: leavePA)
[DEBUG SET] colorIn: activeComp=unit2, activeActName=UnitEA, activeAction=leavePA, delegate={"from":"outUnitNavLine","to":"leavePA"}
[DEBUG SET] colorIn: found port=outUnitNavLine, owner=unit2
[CHANGE] 00:00.027 envport.value.changed: outUnitNavLine
[DEBUG SET] colorIn: leaves found=navLine.outColor
[CHANGE] 00:00.027 envport.value.changed: outColor
[DEBUG SET] colorIn: set leafPort navLine.outColor to Black, now value=Black
[SET] ctx.activeAction = leavePA (activeAction: leavePA)
[SET] ctx.activeSignal = SetMissionParamSig (activeAction: leavePA)
[SET] ctx.activeActivity = UnitEA (activeAction: leavePA)
[SET] ctx.activeInstance = null (activeAction: leavePA)
📡 [SIGNAL] Handling signal: 'LeftPASig' from unit1
[SET] ctx.activeInstance = [object Object] (activeAction: leavePA)
[SET] ctx.activeInstance = [object Object] (activeAction: leavePA)
   [HANDLER] Executing 'detectGreenPad' for instance 'unit1'
[SET] ctx.activeAction = detectGreenPad (activeAction: leavePA)
[SET] ctx.activeSignal = LeftPASig (activeAction: detectGreenPad)
[SET] ctx.activeActivity = UnitEA (activeAction: detectGreenPad)
[SET] ctx.colorIn = Green (activeAction: detectGreenPad)
[DEBUG SET] colorIn: activeComp=unit1, activeActName=UnitEA, activeAction=detectGreenPad, delegate={"from":"outUnitNavPad","to":"detectGreenPad"}
[DEBUG SET] colorIn: found port=outUnitNavPad, owner=unit1
[CHANGE] 00:00.031 envport.value.changed: outUnitNavPad
[DEBUG SET] colorIn: leaves found=navPad.outColor
[CHANGE] 00:00.032 envport.value.changed: outColor
[DEBUG SET] colorIn: set leafPort navPad.outColor to Green, now value=Green
[SET] ctx.activeAction = detectGreenPad (activeAction: detectGreenPad)
[SET] ctx.activeSignal = LeftPASig (activeAction: detectGreenPad)
[SET] ctx.activeActivity = UnitEA (activeAction: detectGreenPad)
[SET] ctx.activeInstance = null (activeAction: detectGreenPad)
📡 [SIGNAL] Handling signal: 'LeftPASig' from unit2
♻️  [Simulator] Loop detected on signal 'LeftPASig'. Committing pending replication increments.
[SET] ctx.activeInstance = [object Object] (activeAction: detectGreenPad)
[SET] ctx.activeInstance = [object Object] (activeAction: detectGreenPad)
   [HANDLER] Executing 'detectGreenPad' for instance 'unit2'
[SET] ctx.activeAction = detectGreenPad (activeAction: detectGreenPad)
[SET] ctx.activeSignal = LeftPASig (activeAction: detectGreenPad)
[SET] ctx.activeActivity = UnitEA (activeAction: detectGreenPad)
[SET] ctx.colorIn = Green (activeAction: detectGreenPad)
[DEBUG SET] colorIn: activeComp=unit2, activeActName=UnitEA, activeAction=detectGreenPad, delegate={"from":"outUnitNavPad","to":"detectGreenPad"}
[DEBUG SET] colorIn: found port=outUnitNavPad, owner=unit2
[CHANGE] 00:00.032 envport.value.changed: outUnitNavPad
[DEBUG SET] colorIn: leaves found=navPad.outColor
[CHANGE] 00:00.032 envport.value.changed: outColor
[DEBUG SET] colorIn: set leafPort navPad.outColor to Green, now value=Green
[SET] ctx.activeAction = detectGreenPad (activeAction: detectGreenPad)
[SET] ctx.activeSignal = LeftPASig (activeAction: detectGreenPad)
[SET] ctx.activeActivity = UnitEA (activeAction: detectGreenPad)
[SET] ctx.activeInstance = null (activeAction: detectGreenPad)
📡 [SIGNAL] Handling signal: 'DetectedGreenPadSig' from unit1
[SET] ctx.activeInstance = [object Object] (activeAction: detectGreenPad)
[SET] ctx.activeInstance = [object Object] (activeAction: detectGreenPad)
   [HANDLER] Executing 'turnRight' for instance 'unit1'
[SET] ctx.activeAction = turnRight (activeAction: detectGreenPad)
[SET] ctx.activeSignal = DetectedGreenPadSig (activeAction: turnRight)
[SET] ctx.activeActivity = UnitEA (activeAction: turnRight)
[SET] ctx.colorIn = Black (activeAction: turnRight)
[DEBUG SET] colorIn: activeComp=unit1, activeActName=UnitEA, activeAction=turnRight, delegate={"from":"outUnitNavLine","to":"turnRight"}
[DEBUG SET] colorIn: found port=outUnitNavLine, owner=unit1
[DEBUG SET] colorIn: leaves found=navLine.outColor
[DEBUG SET] colorIn: set leafPort navLine.outColor to Black, now value=Black
[SET] ctx.activeAction = turnRight (activeAction: turnRight)
[SET] ctx.activeSignal = DetectedGreenPadSig (activeAction: turnRight)
[SET] ctx.activeActivity = UnitEA (activeAction: turnRight)
[SET] ctx.activeInstance = null (activeAction: turnRight)
📡 [SIGNAL] Handling signal: 'DetectedGreenPadSig' from unit2
♻️  [Simulator] Loop detected on signal 'DetectedGreenPadSig'. Committing pending replication increments.
[SET] ctx.activeInstance = [object Object] (activeAction: turnRight)
[SET] ctx.activeInstance = [object Object] (activeAction: turnRight)
   [HANDLER] Executing 'turnRight' for instance 'unit2'
[SET] ctx.activeAction = turnRight (activeAction: turnRight)
[SET] ctx.activeSignal = DetectedGreenPadSig (activeAction: turnRight)
[SET] ctx.activeActivity = UnitEA (activeAction: turnRight)
[SET] ctx.colorIn = Black (activeAction: turnRight)
[DEBUG SET] colorIn: activeComp=unit2, activeActName=UnitEA, activeAction=turnRight, delegate={"from":"outUnitNavLine","to":"turnRight"}
[DEBUG SET] colorIn: found port=outUnitNavLine, owner=unit2
[DEBUG SET] colorIn: leaves found=navLine.outColor
[DEBUG SET] colorIn: set leafPort navLine.outColor to Black, now value=Black
[SET] ctx.activeAction = turnRight (activeAction: turnRight)
[SET] ctx.activeSignal = DetectedGreenPadSig (activeAction: turnRight)
[SET] ctx.activeActivity = UnitEA (activeAction: turnRight)
[SET] ctx.activeInstance = null (activeAction: turnRight)
📡 [SIGNAL] Handling signal: 'TurnedRightSig' from unit1
[SET] ctx.activeInstance = [object Object] (activeAction: turnRight)
[SET] ctx.activeInstance = [object Object] (activeAction: turnRight)
   [HANDLER] Executing 'detectRedPad' for instance 'unit1'
[SET] ctx.activeAction = detectRedPad (activeAction: turnRight)
[SET] ctx.activeSignal = TurnedRightSig (activeAction: detectRedPad)
[SET] ctx.activeActivity = UnitEA (activeAction: detectRedPad)
[SET] ctx.colorIn = Red (activeAction: detectRedPad)
[DEBUG SET] colorIn: activeComp=unit1, activeActName=UnitEA, activeAction=detectRedPad, delegate={"from":"outUnitNavPad","to":"detectRedPad"}
[DEBUG SET] colorIn: found port=outUnitNavPad, owner=unit1
[CHANGE] 00:00.034 envport.value.changed: outUnitNavPad
[DEBUG SET] colorIn: leaves found=navPad.outColor
[CHANGE] 00:00.034 envport.value.changed: outColor
[DEBUG SET] colorIn: set leafPort navPad.outColor to Red, now value=Red
[SET] ctx.activeAction = detectRedPad (activeAction: detectRedPad)
[SET] ctx.activeSignal = TurnedRightSig (activeAction: detectRedPad)
[SET] ctx.activeActivity = UnitEA (activeAction: detectRedPad)
[SET] ctx.activeInstance = null (activeAction: detectRedPad)
📡 [SIGNAL] Handling signal: 'TurnedRightSig' from unit2
♻️  [Simulator] Loop detected on signal 'TurnedRightSig'. Committing pending replication increments.
[SET] ctx.activeInstance = [object Object] (activeAction: detectRedPad)
[SET] ctx.activeInstance = [object Object] (activeAction: detectRedPad)
   [HANDLER] Executing 'detectRedPad' for instance 'unit2'
[SET] ctx.activeAction = detectRedPad (activeAction: detectRedPad)
[SET] ctx.activeSignal = TurnedRightSig (activeAction: detectRedPad)
[SET] ctx.activeActivity = UnitEA (activeAction: detectRedPad)
[SET] ctx.colorIn = Red (activeAction: detectRedPad)
[DEBUG SET] colorIn: activeComp=unit2, activeActName=UnitEA, activeAction=detectRedPad, delegate={"from":"outUnitNavPad","to":"detectRedPad"}
[DEBUG SET] colorIn: found port=outUnitNavPad, owner=unit2
[CHANGE] 00:00.034 envport.value.changed: outUnitNavPad
[DEBUG SET] colorIn: leaves found=navPad.outColor
[CHANGE] 00:00.034 envport.value.changed: outColor
[DEBUG SET] colorIn: set leafPort navPad.outColor to Red, now value=Red
[SET] ctx.activeAction = detectRedPad (activeAction: detectRedPad)
[SET] ctx.activeSignal = TurnedRightSig (activeAction: detectRedPad)
[SET] ctx.activeActivity = UnitEA (activeAction: detectRedPad)
[SET] ctx.activeInstance = null (activeAction: detectRedPad)
📡 [SIGNAL] Handling signal: 'DetectedRedPadSig' from unit1
[SET] ctx.activeInstance = [object Object] (activeAction: detectRedPad)
[SET] ctx.activeInstance = [object Object] (activeAction: detectRedPad)
   [HANDLER] Executing 'stopAtT' for instance 'unit1'
[SET] ctx.activeAction = stopAtT (activeAction: detectRedPad)
[SET] ctx.activeSignal = DetectedRedPadSig (activeAction: stopAtT)
[SET] ctx.activeActivity = UnitEA (activeAction: stopAtT)
[SET] ctx.colorIn = None (activeAction: stopAtT)
[DEBUG SET] colorIn: activeComp=unit1, activeActName=UnitEA, activeAction=stopAtT, delegate={"from":"outUnitNavPad","to":"stopAtT"}
[DEBUG SET] colorIn: found port=outUnitNavPad, owner=unit1
[CHANGE] 00:00.036 envport.value.changed: outUnitNavPad
[DEBUG SET] colorIn: leaves found=navPad.outColor
[CHANGE] 00:00.036 envport.value.changed: outColor
[DEBUG SET] colorIn: set leafPort navPad.outColor to None, now value=None
[SET] ctx.activeAction = stopAtT (activeAction: stopAtT)
[SET] ctx.activeSignal = DetectedRedPadSig (activeAction: stopAtT)
[SET] ctx.activeActivity = UnitEA (activeAction: stopAtT)
[SET] ctx.activeInstance = null (activeAction: stopAtT)
📡 [SIGNAL] Handling signal: 'DetectedRedPadSig' from unit2
♻️  [Simulator] Loop detected on signal 'DetectedRedPadSig'. Committing pending replication increments.
[SET] ctx.activeInstance = [object Object] (activeAction: stopAtT)
[SET] ctx.activeInstance = [object Object] (activeAction: stopAtT)
   [HANDLER] Executing 'stopAtT' for instance 'unit2'
[SET] ctx.activeAction = stopAtT (activeAction: stopAtT)
[SET] ctx.activeSignal = DetectedRedPadSig (activeAction: stopAtT)
[SET] ctx.activeActivity = UnitEA (activeAction: stopAtT)
[SET] ctx.colorIn = None (activeAction: stopAtT)
[DEBUG SET] colorIn: activeComp=unit2, activeActName=UnitEA, activeAction=stopAtT, delegate={"from":"outUnitNavPad","to":"stopAtT"}
[DEBUG SET] colorIn: found port=outUnitNavPad, owner=unit2
[CHANGE] 00:00.037 envport.value.changed: outUnitNavPad
[DEBUG SET] colorIn: leaves found=navPad.outColor
[CHANGE] 00:00.037 envport.value.changed: outColor
[DEBUG SET] colorIn: set leafPort navPad.outColor to None, now value=None
[SET] ctx.activeAction = stopAtT (activeAction: stopAtT)
[SET] ctx.activeSignal = DetectedRedPadSig (activeAction: stopAtT)
[SET] ctx.activeActivity = UnitEA (activeAction: stopAtT)
[SET] ctx.activeInstance = null (activeAction: stopAtT)
📡 [SIGNAL] Handling signal: 'UnitArrivedAtTSig' from unit1
[SET] ctx.activeInstance = [object Object] (activeAction: stopAtT)
[SET] ctx.activeInstance = [object Object] (activeAction: stopAtT)
   [HANDLER] Executing 'exposePieceT' for instance 'unit1'
[SET] ctx.activeAction = exposePieceT (activeAction: stopAtT)
[SET] ctx.activeSignal = UnitArrivedAtTSig (activeAction: exposePieceT)
[SET] ctx.activeActivity = UnitEA (activeAction: exposePieceT)
[SET] ctx.pieceIn = P1 (activeAction: exposePieceT)
[SET] ctx.activeAction = exposePieceT (activeAction: exposePieceT)
[SET] ctx.activeSignal = UnitArrivedAtTSig (activeAction: exposePieceT)
[SET] ctx.activeActivity = UnitEA (activeAction: exposePieceT)
[SET] ctx.activeInstance = null (activeAction: exposePieceT)
📡 [SIGNAL] Handling signal: 'UnitArrivedAtTSig' from unit2
♻️  [Simulator] Loop detected on signal 'UnitArrivedAtTSig'. Committing pending replication increments.
[SET] ctx.activeInstance = [object Object] (activeAction: exposePieceT)
[SET] ctx.activeInstance = [object Object] (activeAction: exposePieceT)
   [HANDLER] Executing 'exposePieceT' for instance 'unit2'
[SET] ctx.activeAction = exposePieceT (activeAction: exposePieceT)
[SET] ctx.activeSignal = UnitArrivedAtTSig (activeAction: exposePieceT)
[SET] ctx.activeActivity = UnitEA (activeAction: exposePieceT)
[SET] ctx.pieceIn = P1 (activeAction: exposePieceT)
[SET] ctx.activeAction = exposePieceT (activeAction: exposePieceT)
[SET] ctx.activeSignal = UnitArrivedAtTSig (activeAction: exposePieceT)
[SET] ctx.activeActivity = UnitEA (activeAction: exposePieceT)
[SET] ctx.activeInstance = null (activeAction: exposePieceT)
📡 [SIGNAL] Handling signal: 'GrabPieceTSig' from unit1
[SET] ctx.activeInstance = [object Object] (activeAction: exposePieceT)
[SET] ctx.activeInstance = [object Object] (activeAction: exposePieceT)
   [HANDLER] Executing 'extractPieceT' for instance 'unit1'
[SET] ctx.activeAction = extractPieceT (activeAction: exposePieceT)
[SET] ctx.activeSignal = GrabPieceTSig (activeAction: extractPieceT)
[SET] ctx.activeActivity = UnitEA (activeAction: extractPieceT)
[SET] ctx.activeScenarioName = Scenario_RoutingLogic_P0_Unit1 (activeAction: extractPieceT)
[SET] ctx.activeSceneName = SCN_MatrixDecision_SA_Unit1 (activeAction: extractPieceT)
[DEBUG PRE] SCN_MatrixDecision_SA_Unit1: unit1.navLine.outColor = Black, NavColor.Black = Black, unit1.transElevator.outPieceColor = P1, operator1.outParam = P0
🎬 [SCENARIO] [Scenario_RoutingLogic_P0_Unit1] Precondition validation for scene SCN_MatrixDecision_SA_Unit1: ✅ PASS
[SET] ctx.pieceIn = P1 (activeAction: extractPieceT)
[CHANGE] 00:00.040 envport.value.changed: outColor
[CHANGE] 00:00.040 envport.value.changed: outColor
[SET] ctx.activeAction = extractPieceT (activeAction: extractPieceT)
[SET] ctx.activeSignal = GrabPieceTSig (activeAction: extractPieceT)
[SET] ctx.activeActivity = UnitEA (activeAction: extractPieceT)
[SET] ctx.activeInstance = null (activeAction: extractPieceT)
📡 [SIGNAL] Handling signal: 'GrabPieceTSig' from unit2
♻️  [Simulator] Loop detected on signal 'GrabPieceTSig'. Committing pending replication increments.
[SET] ctx.activeInstance = [object Object] (activeAction: extractPieceT)
[SET] ctx.activeInstance = [object Object] (activeAction: extractPieceT)
   [HANDLER] Executing 'extractPieceT' for instance 'unit2'
[SET] ctx.activeAction = extractPieceT (activeAction: extractPieceT)
[SET] ctx.activeSignal = GrabPieceTSig (activeAction: extractPieceT)
[SET] ctx.activeActivity = UnitEA (activeAction: extractPieceT)
[SET] ctx.activeScenarioName = Scenario_RoutingLogic_P0_Unit2 (activeAction: extractPieceT)
[SET] ctx.activeSceneName = SCN_MatrixDecision_SA_Unit2 (activeAction: extractPieceT)
[DEBUG PRE] SCN_MatrixDecision_SA_Unit2: unit2.navLine.outColor = Black, NavColor.Black = Black, unit2.transElevator.outPieceColor = P1, operator2.outParam = P0
🎬 [SCENARIO] [Scenario_RoutingLogic_P0_Unit2] Precondition validation for scene SCN_MatrixDecision_SA_Unit2: ✅ PASS
[SET] ctx.pieceIn = P1 (activeAction: extractPieceT)
[CHANGE] 00:00.041 envport.value.changed: outUnitPieceColor
DEBUG: EnvConnector.activate called for colorC
DEBUG: EnvConnector colorC resolved ports: source=outPieceColor, target=inColor
DEBUG: EnvConnector colorC transferring value: P1
[CONNECT] 00:00.041 envconnector.activated: colorC
DEBUG: SimulationLogger not available or disabled on EnvConnector model
🔗 EnvConnector colorC activated: undefined.undefined → undefined.undefined
[CHANGE] 00:00.041 envport.value.changed: outPieceColor
[CHANGE] 00:00.041 envport.value.changed: outColor
[CHANGE] 00:00.041 envport.value.changed: outColor
[CHANGE] 00:00.041 envport.value.changed: outColor
[SET] ctx.activeAction = extractPieceT (activeAction: extractPieceT)
[SET] ctx.activeSignal = GrabPieceTSig (activeAction: extractPieceT)
[SET] ctx.activeActivity = UnitEA (activeAction: extractPieceT)
[SET] ctx.activeInstance = null (activeAction: extractPieceT)
📡 [SIGNAL] Handling signal: 'ExtractedPieceTSig' from unit1
[SET] ctx.activeInstance = [object Object] (activeAction: extractPieceT)
[SET] ctx.activeInstance = [object Object] (activeAction: extractPieceT)
   [HANDLER] Executing 'routeToSA' for instance 'unit1'
[SET] ctx.activeAction = routeToSA (activeAction: extractPieceT)
[SET] ctx.activeSignal = ExtractedPieceTSig (activeAction: routeToSA)
[SET] ctx.activeActivity = UnitEA (activeAction: routeToSA)
[SET] ctx.colorIn = Green (activeAction: routeToSA)
[DEBUG SET] colorIn: activeComp=unit1, activeActName=UnitEA, activeAction=routeToSA, delegate={"from":"outUnitNavPad","to":"routeToSA"}
[DEBUG SET] colorIn: found port=outUnitNavPad, owner=unit1
[CHANGE] 00:00.042 envport.value.changed: outUnitNavPad
[DEBUG SET] colorIn: leaves found=navPad.outColor
[CHANGE] 00:00.042 envport.value.changed: outColor
[DEBUG SET] colorIn: set leafPort navPad.outColor to Green, now value=Green
[SET] ctx.activeScenarioName = Scenario_RoutingLogic_P0_Unit1 (activeAction: routeToSA)
[SET] ctx.activeSceneName = SCN_MatrixDecision_SA_Unit1 (activeAction: routeToSA)
[DEBUG POST] SCN_MatrixDecision_SA_Unit1: unit1.navLine.outColor = Black, NavColor.None = None, unit1.navPad.outColor = Green, NavColor.Green = Green
🧐 [SCENARIO] [Scenario_RoutingLogic_P0_Unit1] Postcondition validation result for scene SCN_MatrixDecision_SA_Unit1: ✅ PASS
[SET] ctx.activeAction = routeToSA (activeAction: routeToSA)
[SET] ctx.activeSignal = ExtractedPieceTSig (activeAction: routeToSA)
[SET] ctx.activeActivity = UnitEA (activeAction: routeToSA)
[SET] ctx.activeInstance = null (activeAction: routeToSA)
📡 [SIGNAL] Handling signal: 'ExtractedPieceTSig' from unit2
♻️  [Simulator] Loop detected on signal 'ExtractedPieceTSig'. Committing pending replication increments.
[SET] ctx.activeInstance = [object Object] (activeAction: routeToSA)
[SET] ctx.activeInstance = [object Object] (activeAction: routeToSA)
   [HANDLER] Executing 'routeToSA' for instance 'unit2'
[SET] ctx.activeAction = routeToSA (activeAction: routeToSA)
[SET] ctx.activeSignal = ExtractedPieceTSig (activeAction: routeToSA)
[SET] ctx.activeActivity = UnitEA (activeAction: routeToSA)
[SET] ctx.colorIn = Green (activeAction: routeToSA)
[DEBUG SET] colorIn: activeComp=unit2, activeActName=UnitEA, activeAction=routeToSA, delegate={"from":"outUnitNavPad","to":"routeToSA"}
[DEBUG SET] colorIn: found port=outUnitNavPad, owner=unit2
[CHANGE] 00:00.042 envport.value.changed: outUnitNavPad
[DEBUG SET] colorIn: leaves found=navPad.outColor
[CHANGE] 00:00.042 envport.value.changed: outColor
[DEBUG SET] colorIn: set leafPort navPad.outColor to Green, now value=Green
[SET] ctx.activeScenarioName = Scenario_RoutingLogic_P0_Unit2 (activeAction: routeToSA)
[SET] ctx.activeSceneName = SCN_MatrixDecision_SA_Unit2 (activeAction: routeToSA)
[DEBUG POST] SCN_MatrixDecision_SA_Unit2: unit2.navLine.outColor = Black, NavColor.None = None, unit2.navPad.outColor = Green, NavColor.Green = Green
🧐 [SCENARIO] [Scenario_RoutingLogic_P0_Unit2] Postcondition validation result for scene SCN_MatrixDecision_SA_Unit2: ✅ PASS
[SET] ctx.activeAction = routeToSA (activeAction: routeToSA)
[SET] ctx.activeSignal = ExtractedPieceTSig (activeAction: routeToSA)
[SET] ctx.activeActivity = UnitEA (activeAction: routeToSA)
[SET] ctx.activeInstance = null (activeAction: routeToSA)
📡 [SIGNAL] Handling signal: 'RoutedToSASig' from unit1
[SET] ctx.activeInstance = [object Object] (activeAction: routeToSA)
[SET] ctx.activeInstance = [object Object] (activeAction: routeToSA)
   [HANDLER] Executing 'stopAtSPE' for instance 'unit1'
[SET] ctx.activeAction = stopAtSPE (activeAction: routeToSA)
[SET] ctx.activeSignal = RoutedToSASig (activeAction: stopAtSPE)
[SET] ctx.activeActivity = UnitEA (activeAction: stopAtSPE)
[SET] ctx.activeScenarioName = Scenario_PriorityResolution_Unit1 (activeAction: stopAtSPE)
[SET] ctx.activeSceneName = SCN_SPEArrival_Unit1 (activeAction: stopAtSPE)
🎬 [SCENARIO] [Scenario_PriorityResolution_Unit1] Precondition validation for scene SCN_SPEArrival_Unit1: ✅ PASS
[SET] ctx.colorIn = None (activeAction: stopAtSPE)
[DEBUG SET] colorIn: activeComp=unit1, activeActName=UnitEA, activeAction=stopAtSPE, delegate={"from":"outUnitNavPad","to":"stopAtSPE"}
[DEBUG SET] colorIn: found port=outUnitNavPad, owner=unit1
[CHANGE] 00:00.043 envport.value.changed: outUnitNavPad
[DEBUG SET] colorIn: leaves found=navPad.outColor
[CHANGE] 00:00.043 envport.value.changed: outColor
[DEBUG SET] colorIn: set leafPort navPad.outColor to None, now value=None
[SET] ctx.activeAction = stopAtSPE (activeAction: stopAtSPE)
[SET] ctx.activeSignal = RoutedToSASig (activeAction: stopAtSPE)
[SET] ctx.activeActivity = UnitEA (activeAction: stopAtSPE)
[SET] ctx.activeInstance = null (activeAction: stopAtSPE)
📡 [SIGNAL] Handling signal: 'RoutedToSASig' from unit2
♻️  [Simulator] Loop detected on signal 'RoutedToSASig'. Committing pending replication increments.
[SET] ctx.activeInstance = [object Object] (activeAction: stopAtSPE)
[SET] ctx.activeInstance = [object Object] (activeAction: stopAtSPE)
   [HANDLER] Executing 'stopAtSPE' for instance 'unit2'
[SET] ctx.activeAction = stopAtSPE (activeAction: stopAtSPE)
[SET] ctx.activeSignal = RoutedToSASig (activeAction: stopAtSPE)
[SET] ctx.activeActivity = UnitEA (activeAction: stopAtSPE)
[SET] ctx.activeScenarioName = Scenario_PriorityResolution_Unit2 (activeAction: stopAtSPE)
[SET] ctx.activeSceneName = SCN_SPEArrival_Unit2 (activeAction: stopAtSPE)
🎬 [SCENARIO] [Scenario_PriorityResolution_Unit2] Precondition validation for scene SCN_SPEArrival_Unit2: ✅ PASS
[SET] ctx.colorIn = None (activeAction: stopAtSPE)
[DEBUG SET] colorIn: activeComp=unit2, activeActName=UnitEA, activeAction=stopAtSPE, delegate={"from":"outUnitNavPad","to":"stopAtSPE"}
[DEBUG SET] colorIn: found port=outUnitNavPad, owner=unit2
[CHANGE] 00:00.044 envport.value.changed: outUnitNavPad
[DEBUG SET] colorIn: leaves found=navPad.outColor
[CHANGE] 00:00.044 envport.value.changed: outColor
[DEBUG SET] colorIn: set leafPort navPad.outColor to None, now value=None
[SET] ctx.activeAction = stopAtSPE (activeAction: stopAtSPE)
[SET] ctx.activeSignal = RoutedToSASig (activeAction: stopAtSPE)
[SET] ctx.activeActivity = UnitEA (activeAction: stopAtSPE)
[SET] ctx.activeInstance = null (activeAction: stopAtSPE)
📡 [SIGNAL] Handling signal: 'UnitArrivedAtSPESig' from unit1
[SET] ctx.activeInstance = [object Object] (activeAction: stopAtSPE)
[SET] ctx.activeInstance = [object Object] (activeAction: stopAtSPE)
   [HANDLER] Executing 'exposePieceSPE' for instance 'unit1'
[SET] ctx.activeAction = exposePieceSPE (activeAction: stopAtSPE)
[SET] ctx.activeSignal = UnitArrivedAtSPESig (activeAction: exposePieceSPE)
[SET] ctx.activeActivity = UnitEA (activeAction: exposePieceSPE)
[SET] ctx.pieceIn = P1 (activeAction: exposePieceSPE)
[SET] ctx.activeAction = exposePieceSPE (activeAction: exposePieceSPE)
[SET] ctx.activeSignal = UnitArrivedAtSPESig (activeAction: exposePieceSPE)
[SET] ctx.activeActivity = UnitEA (activeAction: exposePieceSPE)
[SET] ctx.activeInstance = null (activeAction: exposePieceSPE)
📡 [SIGNAL] Handling signal: 'UnitArrivedAtSPESig' from unit2
♻️  [Simulator] Loop detected on signal 'UnitArrivedAtSPESig'. Committing pending replication increments.
[SET] ctx.activeInstance = [object Object] (activeAction: exposePieceSPE)
[SET] ctx.activeInstance = [object Object] (activeAction: exposePieceSPE)
   [HANDLER] Executing 'exposePieceSPE' for instance 'unit2'
[SET] ctx.activeAction = exposePieceSPE (activeAction: exposePieceSPE)
[SET] ctx.activeSignal = UnitArrivedAtSPESig (activeAction: exposePieceSPE)
[SET] ctx.activeActivity = UnitEA (activeAction: exposePieceSPE)
[SET] ctx.pieceIn = P1 (activeAction: exposePieceSPE)
[SET] ctx.activeAction = exposePieceSPE (activeAction: exposePieceSPE)
[SET] ctx.activeSignal = UnitArrivedAtSPESig (activeAction: exposePieceSPE)
[SET] ctx.activeActivity = UnitEA (activeAction: exposePieceSPE)
[SET] ctx.activeInstance = null (activeAction: exposePieceSPE)
📡 [SIGNAL] Handling signal: 'GrabPieceSPESig' from unit1
[SET] ctx.activeInstance = [object Object] (activeAction: exposePieceSPE)
[SET] ctx.activeInstance = [object Object] (activeAction: exposePieceSPE)
   [HANDLER] Executing 'extractPieceSPE' for instance 'unit1'
[SET] ctx.activeAction = extractPieceSPE (activeAction: exposePieceSPE)
[SET] ctx.activeSignal = GrabPieceSPESig (activeAction: extractPieceSPE)
[SET] ctx.activeActivity = UnitEA (activeAction: extractPieceSPE)
[SET] ctx.pieceIn = P1 (activeAction: extractPieceSPE)
[SET] ctx.activeScenarioName = Scenario_PriorityResolution_Unit1 (activeAction: extractPieceSPE)
[SET] ctx.activeSceneName = SCN_SPEArrival_Unit1 (activeAction: extractPieceSPE)
🧐 [SCENARIO] [Scenario_PriorityResolution_Unit1] Postcondition validation result for scene SCN_SPEArrival_Unit1: ✅ PASS
🏁 [SCENARIO] All scenes completed for scenario Scenario_PriorityResolution_Unit1
[SET] ctx.activeAction = extractPieceSPE (activeAction: extractPieceSPE)
[SET] ctx.activeSignal = GrabPieceSPESig (activeAction: extractPieceSPE)
[SET] ctx.activeActivity = UnitEA (activeAction: extractPieceSPE)
[SET] ctx.activeInstance = null (activeAction: extractPieceSPE)
📡 [SIGNAL] Handling signal: 'GrabPieceSPESig' from unit2
♻️  [Simulator] Loop detected on signal 'GrabPieceSPESig'. Committing pending replication increments.
[SET] ctx.activeInstance = [object Object] (activeAction: extractPieceSPE)
[SET] ctx.activeInstance = [object Object] (activeAction: extractPieceSPE)
   [HANDLER] Executing 'extractPieceSPE' for instance 'unit2'
[SET] ctx.activeAction = extractPieceSPE (activeAction: extractPieceSPE)
[SET] ctx.activeSignal = GrabPieceSPESig (activeAction: extractPieceSPE)
[SET] ctx.activeActivity = UnitEA (activeAction: extractPieceSPE)
[SET] ctx.pieceIn = P1 (activeAction: extractPieceSPE)
[SET] ctx.activeScenarioName = Scenario_PriorityResolution_Unit2 (activeAction: extractPieceSPE)
[SET] ctx.activeSceneName = SCN_SPEArrival_Unit2 (activeAction: extractPieceSPE)
🧐 [SCENARIO] [Scenario_PriorityResolution_Unit2] Postcondition validation result for scene SCN_SPEArrival_Unit2: ✅ PASS
🏁 [SCENARIO] All scenes completed for scenario Scenario_PriorityResolution_Unit2
[SET] ctx.activeAction = extractPieceSPE (activeAction: extractPieceSPE)
[SET] ctx.activeSignal = GrabPieceSPESig (activeAction: extractPieceSPE)
[SET] ctx.activeActivity = UnitEA (activeAction: extractPieceSPE)
[SET] ctx.activeInstance = null (activeAction: extractPieceSPE)
📡 [SIGNAL] Handling signal: 'ExtractedPieceSPESig' from unit1
[SET] ctx.activeInstance = [object Object] (activeAction: extractPieceSPE)
[SET] ctx.activeInstance = [object Object] (activeAction: extractPieceSPE)
   [HANDLER] Executing 'arriveAtTargetStock' for instance 'unit1'
[SET] ctx.activeAction = arriveAtTargetStock (activeAction: extractPieceSPE)
[SET] ctx.activeSignal = ExtractedPieceSPESig (activeAction: arriveAtTargetStock)
[SET] ctx.activeActivity = UnitEA (activeAction: arriveAtTargetStock)
[SET] ctx.colorIn = Red (activeAction: arriveAtTargetStock)
[DEBUG SET] colorIn: activeComp=unit1, activeActName=UnitEA, activeAction=arriveAtTargetStock, delegate={"from":"outUnitNavPad","to":"arriveAtTargetStock"}
[DEBUG SET] colorIn: found port=outUnitNavPad, owner=unit1
[CHANGE] 00:00.047 envport.value.changed: outUnitNavPad
[DEBUG SET] colorIn: leaves found=navPad.outColor
[CHANGE] 00:00.048 envport.value.changed: outColor
[DEBUG SET] colorIn: set leafPort navPad.outColor to Red, now value=Red
[SET] ctx.activeAction = arriveAtTargetStock (activeAction: arriveAtTargetStock)
[SET] ctx.activeSignal = ExtractedPieceSPESig (activeAction: arriveAtTargetStock)
[SET] ctx.activeActivity = UnitEA (activeAction: arriveAtTargetStock)
[SET] ctx.activeInstance = null (activeAction: arriveAtTargetStock)
📡 [SIGNAL] Handling signal: 'ExtractedPieceSPESig' from unit2
♻️  [Simulator] Loop detected on signal 'ExtractedPieceSPESig'. Committing pending replication increments.
[SET] ctx.activeInstance = [object Object] (activeAction: arriveAtTargetStock)
[SET] ctx.activeInstance = [object Object] (activeAction: arriveAtTargetStock)
   [HANDLER] Executing 'arriveAtTargetStock' for instance 'unit2'
[SET] ctx.activeAction = arriveAtTargetStock (activeAction: arriveAtTargetStock)
[SET] ctx.activeSignal = ExtractedPieceSPESig (activeAction: arriveAtTargetStock)
[SET] ctx.activeActivity = UnitEA (activeAction: arriveAtTargetStock)
[SET] ctx.colorIn = Red (activeAction: arriveAtTargetStock)
[DEBUG SET] colorIn: activeComp=unit2, activeActName=UnitEA, activeAction=arriveAtTargetStock, delegate={"from":"outUnitNavPad","to":"arriveAtTargetStock"}
[DEBUG SET] colorIn: found port=outUnitNavPad, owner=unit2
[CHANGE] 00:00.048 envport.value.changed: outUnitNavPad
[DEBUG SET] colorIn: leaves found=navPad.outColor
[CHANGE] 00:00.048 envport.value.changed: outColor
[DEBUG SET] colorIn: set leafPort navPad.outColor to Red, now value=Red
[SET] ctx.activeAction = arriveAtTargetStock (activeAction: arriveAtTargetStock)
[SET] ctx.activeSignal = ExtractedPieceSPESig (activeAction: arriveAtTargetStock)
[SET] ctx.activeActivity = UnitEA (activeAction: arriveAtTargetStock)
[SET] ctx.activeInstance = null (activeAction: arriveAtTargetStock)
📡 [SIGNAL] Handling signal: 'UnitArrivedAtTargetStockSig' from unit1
[SET] ctx.activeInstance = [object Object] (activeAction: arriveAtTargetStock)
[SET] ctx.activeInstance = [object Object] (activeAction: arriveAtTargetStock)
   [HANDLER] Executing 'acknowledgeTarget' for instance 'unit1'
[SET] ctx.activeAction = acknowledgeTarget (activeAction: arriveAtTargetStock)
[SET] ctx.activeSignal = UnitArrivedAtTargetStockSig (activeAction: acknowledgeTarget)
[SET] ctx.activeActivity = UnitEA (activeAction: acknowledgeTarget)
[SET] ctx.colorIn = Red (activeAction: acknowledgeTarget)
[DEBUG SET] colorIn: activeComp=unit1, activeActName=UnitEA, activeAction=acknowledgeTarget, delegate=undefined
[SET] ctx.activeAction = acknowledgeTarget (activeAction: acknowledgeTarget)
[SET] ctx.activeSignal = UnitArrivedAtTargetStockSig (activeAction: acknowledgeTarget)
[SET] ctx.activeActivity = UnitEA (activeAction: acknowledgeTarget)
[SET] ctx.activeInstance = null (activeAction: acknowledgeTarget)
📡 [SIGNAL] Handling signal: 'UnitArrivedAtTargetStockSig' from unit2
♻️  [Simulator] Loop detected on signal 'UnitArrivedAtTargetStockSig'. Committing pending replication increments.
[SET] ctx.activeInstance = [object Object] (activeAction: acknowledgeTarget)
[SET] ctx.activeInstance = [object Object] (activeAction: acknowledgeTarget)
   [HANDLER] Executing 'acknowledgeTarget' for instance 'unit2'
[SET] ctx.activeAction = acknowledgeTarget (activeAction: acknowledgeTarget)
[SET] ctx.activeSignal = UnitArrivedAtTargetStockSig (activeAction: acknowledgeTarget)
[SET] ctx.activeActivity = UnitEA (activeAction: acknowledgeTarget)
[SET] ctx.colorIn = Red (activeAction: acknowledgeTarget)
[DEBUG SET] colorIn: activeComp=unit2, activeActName=UnitEA, activeAction=acknowledgeTarget, delegate=undefined
[SET] ctx.activeAction = acknowledgeTarget (activeAction: acknowledgeTarget)
[SET] ctx.activeSignal = UnitArrivedAtTargetStockSig (activeAction: acknowledgeTarget)
[SET] ctx.activeActivity = UnitEA (activeAction: acknowledgeTarget)
[SET] ctx.activeInstance = null (activeAction: acknowledgeTarget)
📡 [SIGNAL] Handling signal: 'DropPieceSig' from unit1
[SET] ctx.activeInstance = [object Object] (activeAction: acknowledgeTarget)
[SET] ctx.activeInstance = [object Object] (activeAction: acknowledgeTarget)
   [HANDLER] Executing 'insertPieceSPD' for instance 'unit1'
[SET] ctx.activeAction = insertPieceSPD (activeAction: acknowledgeTarget)
[SET] ctx.activeSignal = DropPieceSig (activeAction: insertPieceSPD)
[SET] ctx.activeActivity = UnitEA (activeAction: insertPieceSPD)
[SET] ctx.pieceIn = P1 (activeAction: insertPieceSPD)
[CHANGE] 00:00.050 envport.value.changed: outSPDPieceColor
[SET] ctx.activeAction = insertPieceSPD (activeAction: insertPieceSPD)
[SET] ctx.activeSignal = DropPieceSig (activeAction: insertPieceSPD)
[SET] ctx.activeActivity = UnitEA (activeAction: insertPieceSPD)
[SET] ctx.activeInstance = null (activeAction: insertPieceSPD)
📡 [SIGNAL] Handling signal: 'DropPieceSig' from unit2
♻️  [Simulator] Loop detected on signal 'DropPieceSig'. Committing pending replication increments.
[SET] ctx.activeInstance = [object Object] (activeAction: insertPieceSPD)
[SET] ctx.activeInstance = [object Object] (activeAction: insertPieceSPD)
   [HANDLER] Executing 'insertPieceSPD' for instance 'unit2'
[SET] ctx.activeAction = insertPieceSPD (activeAction: insertPieceSPD)
[SET] ctx.activeSignal = DropPieceSig (activeAction: insertPieceSPD)
[SET] ctx.activeActivity = UnitEA (activeAction: insertPieceSPD)
[SET] ctx.pieceIn = P1 (activeAction: insertPieceSPD)
[CHANGE] 00:00.051 envport.value.changed: outSPDPieceColor
[SET] ctx.activeAction = insertPieceSPD (activeAction: insertPieceSPD)
[SET] ctx.activeSignal = DropPieceSig (activeAction: insertPieceSPD)
[SET] ctx.activeActivity = UnitEA (activeAction: insertPieceSPD)
[SET] ctx.activeInstance = null (activeAction: insertPieceSPD)
📡 [SIGNAL] Handling signal: 'InsertedPieceSPDSig' from unit1
[SET] ctx.activeInstance = [object Object] (activeAction: insertPieceSPD)
[SET] ctx.activeInstance = [object Object] (activeAction: insertPieceSPD)
   [HANDLER] Executing 'returnJourney' for instance 'unit1'
[SET] ctx.activeAction = returnJourney (activeAction: insertPieceSPD)
[SET] ctx.activeSignal = InsertedPieceSPDSig (activeAction: returnJourney)
[SET] ctx.activeActivity = UnitEA (activeAction: returnJourney)
[SET] ctx.activeScenarioName = Scenario_EndMission_Unit1 (activeAction: returnJourney)
[SET] ctx.activeSceneName = SCN_ReturnToPA_Unit1 (activeAction: returnJourney)
[DEBUG PRE] SCN_ReturnToPA_Unit1: unit1.navLine.outColor = Black, NavColor.Black = Black, unit1.transElevator.outPieceColor = P1, operator1.outParam = P0
🎬 [SCENARIO] [Scenario_EndMission_Unit1] Precondition validation for scene SCN_ReturnToPA_Unit1: ✅ PASS
[SET] ctx.colorIn = Black (activeAction: returnJourney)
[DEBUG SET] colorIn: activeComp=unit1, activeActName=UnitEA, activeAction=returnJourney, delegate={"from":"outUnitNavLine","to":"returnJourney"}
[DEBUG SET] colorIn: found port=outUnitNavLine, owner=unit1
[DEBUG SET] colorIn: leaves found=navLine.outColor
[DEBUG SET] colorIn: set leafPort navLine.outColor to Black, now value=Black
[SET] ctx.activeAction = returnJourney (activeAction: returnJourney)
[SET] ctx.activeSignal = InsertedPieceSPDSig (activeAction: returnJourney)
[SET] ctx.activeActivity = UnitEA (activeAction: returnJourney)
[SET] ctx.activeInstance = null (activeAction: returnJourney)
📡 [SIGNAL] Handling signal: 'InsertedPieceSPDSig' from unit2
♻️  [Simulator] Loop detected on signal 'InsertedPieceSPDSig'. Committing pending replication increments.
[SET] ctx.activeInstance = [object Object] (activeAction: returnJourney)
[SET] ctx.activeInstance = [object Object] (activeAction: returnJourney)
   [HANDLER] Executing 'returnJourney' for instance 'unit2'
[SET] ctx.activeAction = returnJourney (activeAction: returnJourney)
[SET] ctx.activeSignal = InsertedPieceSPDSig (activeAction: returnJourney)
[SET] ctx.activeActivity = UnitEA (activeAction: returnJourney)
[SET] ctx.activeScenarioName = Scenario_EndMission_Unit2 (activeAction: returnJourney)
[SET] ctx.activeSceneName = SCN_ReturnToPA_Unit2 (activeAction: returnJourney)
[DEBUG PRE] SCN_ReturnToPA_Unit2: unit2.navLine.outColor = Black, NavColor.Black = Black, unit2.transElevator.outPieceColor = P1, operator2.outParam = P0
🎬 [SCENARIO] [Scenario_EndMission_Unit2] Precondition validation for scene SCN_ReturnToPA_Unit2: ✅ PASS
[SET] ctx.colorIn = Black (activeAction: returnJourney)
[DEBUG SET] colorIn: activeComp=unit2, activeActName=UnitEA, activeAction=returnJourney, delegate={"from":"outUnitNavLine","to":"returnJourney"}
[DEBUG SET] colorIn: found port=outUnitNavLine, owner=unit2
[DEBUG SET] colorIn: leaves found=navLine.outColor
[DEBUG SET] colorIn: set leafPort navLine.outColor to Black, now value=Black
[SET] ctx.activeAction = returnJourney (activeAction: returnJourney)
[SET] ctx.activeSignal = InsertedPieceSPDSig (activeAction: returnJourney)
[SET] ctx.activeActivity = UnitEA (activeAction: returnJourney)
[SET] ctx.activeInstance = null (activeAction: returnJourney)
📡 [SIGNAL] Handling signal: 'ReturnJourneyStartedSig' from unit1
[SET] ctx.activeInstance = [object Object] (activeAction: returnJourney)
[SET] ctx.activeInstance = [object Object] (activeAction: returnJourney)
   [HANDLER] Executing 'obstacleDetected' for instance 'unit1'
[SET] ctx.activeAction = obstacleDetected (activeAction: returnJourney)
[SET] ctx.activeSignal = ReturnJourneyStartedSig (activeAction: obstacleDetected)
[SET] ctx.activeActivity = UnitEA (activeAction: obstacleDetected)
[SET] ctx.activeScenarioName = Scenario_ObstacleHandling_Unit1 (activeAction: obstacleDetected)
[SET] ctx.activeSceneName = SCN_ObstacleStop_Unit1 (activeAction: obstacleDetected)
[DEBUG PRE] SCN_ObstacleStop_Unit1: unit1.navLine.outColor = Black, NavColor.Black = Black, unit1.transElevator.outPieceColor = P1, operator1.outParam = P0
🎬 [SCENARIO] [Scenario_ObstacleHandling_Unit1] Precondition validation for scene SCN_ObstacleStop_Unit1: ✅ PASS
[SET] ctx.colorIn = None (activeAction: obstacleDetected)
[DEBUG SET] colorIn: activeComp=unit1, activeActName=UnitEA, activeAction=obstacleDetected, delegate={"from":"outUnitNavLine","to":"obstacleDetected"}
[DEBUG SET] colorIn: found port=outUnitNavLine, owner=unit1
[CHANGE] 00:00.052 envport.value.changed: outUnitNavLine
[DEBUG SET] colorIn: leaves found=navLine.outColor
[CHANGE] 00:00.052 envport.value.changed: outColor
[DEBUG SET] colorIn: set leafPort navLine.outColor to None, now value=None
[SET] ctx.activeScenarioName = Scenario_ObstacleHandling_Unit1 (activeAction: obstacleDetected)
[SET] ctx.activeSceneName = SCN_ObstacleStop_Unit1 (activeAction: obstacleDetected)
[DEBUG POST] SCN_ObstacleStop_Unit1: unit1.navLine.outColor = None, NavColor.None = None, unit1.navPad.outColor = Red, NavColor.Green = Green
🧐 [SCENARIO] [Scenario_ObstacleHandling_Unit1] Postcondition validation result for scene SCN_ObstacleStop_Unit1: ✅ PASS
[SET] ctx.activeAction = obstacleDetected (activeAction: obstacleDetected)
[SET] ctx.activeSignal = ReturnJourneyStartedSig (activeAction: obstacleDetected)
[SET] ctx.activeActivity = UnitEA (activeAction: obstacleDetected)
[SET] ctx.activeInstance = null (activeAction: obstacleDetected)
📡 [SIGNAL] Handling signal: 'ReturnJourneyStartedSig' from unit2
♻️  [Simulator] Loop detected on signal 'ReturnJourneyStartedSig'. Committing pending replication increments.
[SET] ctx.activeInstance = [object Object] (activeAction: obstacleDetected)
[SET] ctx.activeInstance = [object Object] (activeAction: obstacleDetected)
   [HANDLER] Executing 'obstacleDetected' for instance 'unit2'
[SET] ctx.activeAction = obstacleDetected (activeAction: obstacleDetected)
[SET] ctx.activeSignal = ReturnJourneyStartedSig (activeAction: obstacleDetected)
[SET] ctx.activeActivity = UnitEA (activeAction: obstacleDetected)
[SET] ctx.activeScenarioName = Scenario_ObstacleHandling_Unit2 (activeAction: obstacleDetected)
[SET] ctx.activeSceneName = SCN_ObstacleStop_Unit2 (activeAction: obstacleDetected)
[DEBUG PRE] SCN_ObstacleStop_Unit2: unit2.navLine.outColor = Black, NavColor.Black = Black, unit2.transElevator.outPieceColor = P1, operator2.outParam = P0
🎬 [SCENARIO] [Scenario_ObstacleHandling_Unit2] Precondition validation for scene SCN_ObstacleStop_Unit2: ✅ PASS
[SET] ctx.colorIn = None (activeAction: obstacleDetected)
[DEBUG SET] colorIn: activeComp=unit2, activeActName=UnitEA, activeAction=obstacleDetected, delegate={"from":"outUnitNavLine","to":"obstacleDetected"}
[DEBUG SET] colorIn: found port=outUnitNavLine, owner=unit2
[CHANGE] 00:00.053 envport.value.changed: outUnitNavLine
[DEBUG SET] colorIn: leaves found=navLine.outColor
[CHANGE] 00:00.053 envport.value.changed: outColor
[DEBUG SET] colorIn: set leafPort navLine.outColor to None, now value=None
[SET] ctx.activeScenarioName = Scenario_ObstacleHandling_Unit2 (activeAction: obstacleDetected)
[SET] ctx.activeSceneName = SCN_ObstacleStop_Unit2 (activeAction: obstacleDetected)
[DEBUG POST] SCN_ObstacleStop_Unit2: unit2.navLine.outColor = None, NavColor.None = None, unit2.navPad.outColor = Red, NavColor.Green = Green
🧐 [SCENARIO] [Scenario_ObstacleHandling_Unit2] Postcondition validation result for scene SCN_ObstacleStop_Unit2: ✅ PASS
[SET] ctx.activeAction = obstacleDetected (activeAction: obstacleDetected)
[SET] ctx.activeSignal = ReturnJourneyStartedSig (activeAction: obstacleDetected)
[SET] ctx.activeActivity = UnitEA (activeAction: obstacleDetected)
[SET] ctx.activeInstance = null (activeAction: obstacleDetected)
📡 [SIGNAL] Handling signal: 'ObstacleDetectedSig' from unit1
[SET] ctx.activeInstance = [object Object] (activeAction: obstacleDetected)
[SET] ctx.activeInstance = [object Object] (activeAction: obstacleDetected)
   [HANDLER] Executing 'obstacleRemoved' for instance 'unit1'
[SET] ctx.activeAction = obstacleRemoved (activeAction: obstacleDetected)
[SET] ctx.activeSignal = ObstacleDetectedSig (activeAction: obstacleRemoved)
[SET] ctx.activeActivity = UnitEA (activeAction: obstacleRemoved)
[SET] ctx.activeScenarioName = Scenario_ObstacleHandling_Unit1 (activeAction: obstacleRemoved)
[SET] ctx.activeSceneName = SCN_ObstacleResume_Unit1 (activeAction: obstacleRemoved)
[DEBUG PRE] SCN_ObstacleResume_Unit1: unit1.navLine.outColor = None, NavColor.Black = Black, unit1.transElevator.outPieceColor = P1, operator1.outParam = P0
🎬 [SCENARIO] [Scenario_ObstacleHandling_Unit1] Precondition validation for scene SCN_ObstacleResume_Unit1: ✅ PASS
[SET] ctx.colorIn = Black (activeAction: obstacleRemoved)
[DEBUG SET] colorIn: activeComp=unit1, activeActName=UnitEA, activeAction=obstacleRemoved, delegate={"from":"outUnitNavLine","to":"obstacleRemoved"}
[DEBUG SET] colorIn: found port=outUnitNavLine, owner=unit1
[CHANGE] 00:00.054 envport.value.changed: outUnitNavLine
[DEBUG SET] colorIn: leaves found=navLine.outColor
[CHANGE] 00:00.054 envport.value.changed: outColor
[DEBUG SET] colorIn: set leafPort navLine.outColor to Black, now value=Black
[SET] ctx.activeScenarioName = Scenario_ObstacleHandling_Unit1 (activeAction: obstacleRemoved)
[SET] ctx.activeSceneName = SCN_ObstacleResume_Unit1 (activeAction: obstacleRemoved)
[DEBUG POST] SCN_ObstacleResume_Unit1: unit1.navLine.outColor = Black, NavColor.None = None, unit1.navPad.outColor = Red, NavColor.Green = Green
🧐 [SCENARIO] [Scenario_ObstacleHandling_Unit1] Postcondition validation result for scene SCN_ObstacleResume_Unit1: ✅ PASS
🏁 [SCENARIO] All scenes completed for scenario Scenario_ObstacleHandling_Unit1
[SET] ctx.activeAction = obstacleRemoved (activeAction: obstacleRemoved)
[SET] ctx.activeSignal = ObstacleDetectedSig (activeAction: obstacleRemoved)
[SET] ctx.activeActivity = UnitEA (activeAction: obstacleRemoved)
[SET] ctx.activeInstance = null (activeAction: obstacleRemoved)
📡 [SIGNAL] Handling signal: 'ObstacleDetectedSig' from unit2
♻️  [Simulator] Loop detected on signal 'ObstacleDetectedSig'. Committing pending replication increments.
[SET] ctx.activeInstance = [object Object] (activeAction: obstacleRemoved)
[SET] ctx.activeInstance = [object Object] (activeAction: obstacleRemoved)
   [HANDLER] Executing 'obstacleRemoved' for instance 'unit2'
[SET] ctx.activeAction = obstacleRemoved (activeAction: obstacleRemoved)
[SET] ctx.activeSignal = ObstacleDetectedSig (activeAction: obstacleRemoved)
[SET] ctx.activeActivity = UnitEA (activeAction: obstacleRemoved)
[SET] ctx.activeScenarioName = Scenario_ObstacleHandling_Unit2 (activeAction: obstacleRemoved)
[SET] ctx.activeSceneName = SCN_ObstacleResume_Unit2 (activeAction: obstacleRemoved)
[DEBUG PRE] SCN_ObstacleResume_Unit2: unit2.navLine.outColor = None, NavColor.Black = Black, unit2.transElevator.outPieceColor = P1, operator2.outParam = P0
🎬 [SCENARIO] [Scenario_ObstacleHandling_Unit2] Precondition validation for scene SCN_ObstacleResume_Unit2: ✅ PASS
[SET] ctx.colorIn = Black (activeAction: obstacleRemoved)
[DEBUG SET] colorIn: activeComp=unit2, activeActName=UnitEA, activeAction=obstacleRemoved, delegate={"from":"outUnitNavLine","to":"obstacleRemoved"}
[DEBUG SET] colorIn: found port=outUnitNavLine, owner=unit2
[CHANGE] 00:00.055 envport.value.changed: outUnitNavLine
[DEBUG SET] colorIn: leaves found=navLine.outColor
[CHANGE] 00:00.055 envport.value.changed: outColor
[DEBUG SET] colorIn: set leafPort navLine.outColor to Black, now value=Black
[SET] ctx.activeScenarioName = Scenario_ObstacleHandling_Unit2 (activeAction: obstacleRemoved)
[SET] ctx.activeSceneName = SCN_ObstacleResume_Unit2 (activeAction: obstacleRemoved)
[DEBUG POST] SCN_ObstacleResume_Unit2: unit2.navLine.outColor = Black, NavColor.None = None, unit2.navPad.outColor = Red, NavColor.Green = Green
🧐 [SCENARIO] [Scenario_ObstacleHandling_Unit2] Postcondition validation result for scene SCN_ObstacleResume_Unit2: ✅ PASS
🏁 [SCENARIO] All scenes completed for scenario Scenario_ObstacleHandling_Unit2
[SET] ctx.activeAction = obstacleRemoved (activeAction: obstacleRemoved)
[SET] ctx.activeSignal = ObstacleDetectedSig (activeAction: obstacleRemoved)
[SET] ctx.activeActivity = UnitEA (activeAction: obstacleRemoved)
[SET] ctx.activeInstance = null (activeAction: obstacleRemoved)
📡 [SIGNAL] Handling signal: 'ObstacleRemovedSig' from unit1
[SET] ctx.activeInstance = [object Object] (activeAction: obstacleRemoved)
[SET] ctx.activeInstance = [object Object] (activeAction: obstacleRemoved)
   [HANDLER] Executing 'arriveAtPA' for instance 'unit1'
[SET] ctx.activeAction = arriveAtPA (activeAction: obstacleRemoved)
[SET] ctx.activeSignal = ObstacleRemovedSig (activeAction: arriveAtPA)
[SET] ctx.activeActivity = UnitEA (activeAction: arriveAtPA)
[SET] ctx.colorIn = Black (activeAction: arriveAtPA)
[DEBUG SET] colorIn: activeComp=unit1, activeActName=UnitEA, activeAction=arriveAtPA, delegate={"from":"outUnitPAColor","to":"arriveAtPA"}
[DEBUG SET] colorIn: found port=outUnitPAColor, owner=unit1
[CHANGE] 00:00.055 envport.value.changed: outUnitPAColor
[DEBUG SET] colorIn: leaves found=standbyPos.outColor
[CHANGE] 00:00.055 envport.value.changed: outColor
[DEBUG SET] colorIn: set leafPort standbyPos.outColor to Black, now value=Black
[SET] ctx.activeScenarioName = Scenario_EndMission_Unit1 (activeAction: arriveAtPA)
[SET] ctx.activeSceneName = SCN_ReturnToPA_Unit1 (activeAction: arriveAtPA)
[DEBUG POST] SCN_ReturnToPA_Unit1: unit1.navLine.outColor = Black, NavColor.None = None, unit1.navPad.outColor = Red, NavColor.Green = Green
🧐 [SCENARIO] [Scenario_EndMission_Unit1] Postcondition validation result for scene SCN_ReturnToPA_Unit1: ✅ PASS
🏁 [SCENARIO] All scenes completed for scenario Scenario_EndMission_Unit1
[SET] ctx.activeInstance = null (activeAction: arriveAtPA)
📡 [SIGNAL] Handling signal: 'ObstacleRemovedSig' from unit2
♻️  [Simulator] Loop detected on signal 'ObstacleRemovedSig'. Committing pending replication increments.
[SET] ctx.activeInstance = [object Object] (activeAction: arriveAtPA)
[SET] ctx.activeInstance = [object Object] (activeAction: arriveAtPA)
   [HANDLER] Executing 'arriveAtPA' for instance 'unit2'
[SET] ctx.activeAction = arriveAtPA (activeAction: arriveAtPA)
[SET] ctx.activeSignal = ObstacleRemovedSig (activeAction: arriveAtPA)
[SET] ctx.activeActivity = UnitEA (activeAction: arriveAtPA)
[SET] ctx.colorIn = Black (activeAction: arriveAtPA)
[DEBUG SET] colorIn: activeComp=unit2, activeActName=UnitEA, activeAction=arriveAtPA, delegate={"from":"outUnitPAColor","to":"arriveAtPA"}
[DEBUG SET] colorIn: found port=outUnitPAColor, owner=unit2
[CHANGE] 00:00.056 envport.value.changed: outUnitPAColor
[DEBUG SET] colorIn: leaves found=standbyPos.outColor
[CHANGE] 00:00.056 envport.value.changed: outColor
[DEBUG SET] colorIn: set leafPort standbyPos.outColor to Black, now value=Black
[SET] ctx.activeScenarioName = Scenario_EndMission_Unit2 (activeAction: arriveAtPA)
[SET] ctx.activeSceneName = SCN_ReturnToPA_Unit2 (activeAction: arriveAtPA)
[DEBUG POST] SCN_ReturnToPA_Unit2: unit2.navLine.outColor = Black, NavColor.None = None, unit2.navPad.outColor = Red, NavColor.Green = Green
🧐 [SCENARIO] [Scenario_EndMission_Unit2] Postcondition validation result for scene SCN_ReturnToPA_Unit2: ✅ PASS
🏁 [SCENARIO] All scenes completed for scenario Scenario_EndMission_Unit2
[SET] ctx.activeInstance = null (activeAction: arriveAtPA)
[SET] ctx.activeScenarios = [object Object],[object Object],[object Object],[object Object],[object Object],[object Object],[object Object],[object Object] (activeAction: arriveAtPA)
🎬 [SCENARIO] Reusing already registered passive observer for scenario: Scenario_RoutingLogic_P0_Unit1
[SET] ctx.activeScenarios = [object Object],[object Object],[object Object],[object Object],[object Object],[object Object],[object Object],[object Object] (activeAction: arriveAtPA)
🎬 [SCENARIO] Reusing already registered passive observer for scenario: Scenario_ObstacleHandling_Unit1
[SET] ctx.activeScenarios = [object Object],[object Object],[object Object],[object Object],[object Object],[object Object],[object Object],[object Object] (activeAction: arriveAtPA)
🎬 [SCENARIO] Reusing already registered passive observer for scenario: Scenario_PriorityResolution_Unit1
[SET] ctx.activeScenarios = [object Object],[object Object],[object Object],[object Object],[object Object],[object Object],[object Object],[object Object] (activeAction: arriveAtPA)
🎬 [SCENARIO] Reusing already registered passive observer for scenario: Scenario_EndMission_Unit1
[SET] ctx.activeScenarios = [object Object],[object Object],[object Object],[object Object],[object Object],[object Object],[object Object],[object Object] (activeAction: arriveAtPA)
🎬 [SCENARIO] Reusing already registered passive observer for scenario: Scenario_RoutingLogic_P0_Unit2
[SET] ctx.activeScenarios = [object Object],[object Object],[object Object],[object Object],[object Object],[object Object],[object Object],[object Object] (activeAction: arriveAtPA)
🎬 [SCENARIO] Reusing already registered passive observer for scenario: Scenario_ObstacleHandling_Unit2
[SET] ctx.activeScenarios = [object Object],[object Object],[object Object],[object Object],[object Object],[object Object],[object Object],[object Object] (activeAction: arriveAtPA)
🎬 [SCENARIO] Reusing already registered passive observer for scenario: Scenario_PriorityResolution_Unit2
[SET] ctx.activeScenarios = [object Object],[object Object],[object Object],[object Object],[object Object],[object Object],[object Object],[object Object] (activeAction: arriveAtPA)
🎬 [SCENARIO] Reusing already registered passive observer for scenario: Scenario_EndMission_Unit2
⚡ [SCHEDULER] Injecting signal: ObstacleDetectedSig
📡 [SIGNAL] Handling signal: 'ObstacleDetectedSig' from global
[SET] ctx.activeInstance = [object Object] (activeAction: arriveAtPA)
[SET] ctx.activeInstance = [object Object] (activeAction: arriveAtPA)
[SET] ctx.activeInstance = [object Object] (activeAction: arriveAtPA)
   [HANDLER] Executing 'obstacleRemoved' for instance 'unit1'
[SET] ctx.activeAction = obstacleRemoved (activeAction: arriveAtPA)
[SET] ctx.activeSignal = ObstacleDetectedSig (activeAction: obstacleRemoved)
[SET] ctx.activeActivity = UnitEA (activeAction: obstacleRemoved)
[SET] ctx.colorIn = Black (activeAction: obstacleRemoved)
[DEBUG SET] colorIn: activeComp=unit1, activeActName=UnitEA, activeAction=obstacleRemoved, delegate={"from":"outUnitNavLine","to":"obstacleRemoved"}
[DEBUG SET] colorIn: found port=outUnitNavLine, owner=unit1
[DEBUG SET] colorIn: leaves found=navLine.outColor
[DEBUG SET] colorIn: set leafPort navLine.outColor to Black, now value=Black
[SET] ctx.activeAction = obstacleRemoved (activeAction: obstacleRemoved)
[SET] ctx.activeSignal = ObstacleDetectedSig (activeAction: obstacleRemoved)
[SET] ctx.activeActivity = UnitEA (activeAction: obstacleRemoved)
[SET] ctx.activeInstance = [object Object] (activeAction: obstacleRemoved)
   [HANDLER] Executing 'obstacleRemoved' for instance 'unit2'
[SET] ctx.activeAction = obstacleRemoved (activeAction: obstacleRemoved)
[SET] ctx.activeSignal = ObstacleDetectedSig (activeAction: obstacleRemoved)
[SET] ctx.activeActivity = UnitEA (activeAction: obstacleRemoved)
[SET] ctx.colorIn = Black (activeAction: obstacleRemoved)
[DEBUG SET] colorIn: activeComp=unit2, activeActName=UnitEA, activeAction=obstacleRemoved, delegate={"from":"outUnitNavLine","to":"obstacleRemoved"}
[DEBUG SET] colorIn: found port=outUnitNavLine, owner=unit2
[DEBUG SET] colorIn: leaves found=navLine.outColor
[DEBUG SET] colorIn: set leafPort navLine.outColor to Black, now value=Black
[SET] ctx.activeAction = obstacleRemoved (activeAction: obstacleRemoved)
[SET] ctx.activeSignal = ObstacleDetectedSig (activeAction: obstacleRemoved)
[SET] ctx.activeActivity = UnitEA (activeAction: obstacleRemoved)
[SET] ctx.activeInstance = null (activeAction: obstacleRemoved)
📡 [SIGNAL] Handling signal: 'ObstacleRemovedSig' from unit1
[SET] ctx.activeInstance = [object Object] (activeAction: obstacleRemoved)
[SET] ctx.activeInstance = [object Object] (activeAction: obstacleRemoved)
   [HANDLER] Executing 'arriveAtPA' for instance 'unit1'
[SET] ctx.activeAction = arriveAtPA (activeAction: obstacleRemoved)
[SET] ctx.activeSignal = ObstacleRemovedSig (activeAction: arriveAtPA)
[SET] ctx.activeActivity = UnitEA (activeAction: arriveAtPA)
[SET] ctx.colorIn = Black (activeAction: arriveAtPA)
[DEBUG SET] colorIn: activeComp=unit1, activeActName=UnitEA, activeAction=arriveAtPA, delegate={"from":"outUnitPAColor","to":"arriveAtPA"}
[DEBUG SET] colorIn: found port=outUnitPAColor, owner=unit1
[DEBUG SET] colorIn: leaves found=standbyPos.outColor
[DEBUG SET] colorIn: set leafPort standbyPos.outColor to Black, now value=Black
[SET] ctx.activeInstance = null (activeAction: arriveAtPA)
📡 [SIGNAL] Handling signal: 'ObstacleRemovedSig' from unit2
♻️  [Simulator] Loop detected on signal 'ObstacleRemovedSig'. Committing pending replication increments.
[SET] ctx.activeInstance = [object Object] (activeAction: arriveAtPA)
[SET] ctx.activeInstance = [object Object] (activeAction: arriveAtPA)
   [HANDLER] Executing 'arriveAtPA' for instance 'unit2'
[SET] ctx.activeAction = arriveAtPA (activeAction: arriveAtPA)
[SET] ctx.activeSignal = ObstacleRemovedSig (activeAction: arriveAtPA)
[SET] ctx.activeActivity = UnitEA (activeAction: arriveAtPA)
[SET] ctx.colorIn = Black (activeAction: arriveAtPA)
[DEBUG SET] colorIn: activeComp=unit2, activeActName=UnitEA, activeAction=arriveAtPA, delegate={"from":"outUnitPAColor","to":"arriveAtPA"}
[DEBUG SET] colorIn: found port=outUnitPAColor, owner=unit2
[DEBUG SET] colorIn: leaves found=standbyPos.outColor
[DEBUG SET] colorIn: set leafPort standbyPos.outColor to Black, now value=Black
[SET] ctx.activeInstance = null (activeAction: arriveAtPA)
⚡ [SCHEDULER] Injecting signal: ObstacleRemovedSig
📡 [SIGNAL] Handling signal: 'ObstacleRemovedSig' from global
[SET] ctx.activeInstance = [object Object] (activeAction: arriveAtPA)
[SET] ctx.activeInstance = [object Object] (activeAction: arriveAtPA)
[SET] ctx.activeInstance = [object Object] (activeAction: arriveAtPA)
   [HANDLER] Executing 'arriveAtPA' for instance 'unit1'
[SET] ctx.activeAction = arriveAtPA (activeAction: arriveAtPA)
[SET] ctx.activeSignal = ObstacleRemovedSig (activeAction: arriveAtPA)
[SET] ctx.activeActivity = UnitEA (activeAction: arriveAtPA)
[SET] ctx.colorIn = Black (activeAction: arriveAtPA)
[DEBUG SET] colorIn: activeComp=unit1, activeActName=UnitEA, activeAction=arriveAtPA, delegate={"from":"outUnitPAColor","to":"arriveAtPA"}
[DEBUG SET] colorIn: found port=outUnitPAColor, owner=unit1
[DEBUG SET] colorIn: leaves found=standbyPos.outColor
[DEBUG SET] colorIn: set leafPort standbyPos.outColor to Black, now value=Black
[SET] ctx.activeInstance = [object Object] (activeAction: arriveAtPA)
   [HANDLER] Executing 'arriveAtPA' for instance 'unit2'
[SET] ctx.activeAction = arriveAtPA (activeAction: arriveAtPA)
[SET] ctx.activeSignal = ObstacleRemovedSig (activeAction: arriveAtPA)
[SET] ctx.activeActivity = UnitEA (activeAction: arriveAtPA)
[SET] ctx.colorIn = Black (activeAction: arriveAtPA)
[DEBUG SET] colorIn: activeComp=unit2, activeActName=UnitEA, activeAction=arriveAtPA, delegate={"from":"outUnitPAColor","to":"arriveAtPA"}
[DEBUG SET] colorIn: found port=outUnitPAColor, owner=unit2
[DEBUG SET] colorIn: leaves found=standbyPos.outColor
[DEBUG SET] colorIn: set leafPort standbyPos.outColor to Black, now value=Black
[SET] ctx.activeInstance = null (activeAction: arriveAtPA)
⏳ [SCENARIO] Timeout reached for scenario Scenario_RoutingLogic_P0_Unit1. Resolving pending scenes.
⏳ [SCENARIO] Timeout reached for scenario Scenario_RoutingLogic_P0_Unit2. Resolving pending scenes.
[SET] ctx.parallelResults = [object Object],[object Object],[object Object],[object Object],[object Object],[object Object],[object Object],[object Object] (activeAction: arriveAtPA)

============================================================
╔═══════════════════════════════════════════════════════╗
║      SysADL Scenario Execution: RobAFIS_Validation_Run_P0 ║
║      Mode: once                                       ║
╚═══════════════════════════════════════════════════════╝

▶ RobAFIS_Validation_Run_P0
  ├── [PARALLEL]
  │   ├── Scenario_RoutingLogic_P0_Unit1
  │   │   ├── SCN_MatrixDecision_SA_Unit1 [✅ PASS]
  │   │   │   ├── Preconditions:  [✅ PASS]
  │   │   │   └── Postconditions: [✅ PASS]
  │   │   ├── SCN_MatrixDecision_SPD_Unit1 [❌ FAIL]
  │   │   Result: [❌ FAIL] (1/2 scenes)
  │   │
  │   ├── Scenario_ObstacleHandling_Unit1
  │   │   ├── SCN_ObstacleStop_Unit1 [✅ PASS]
  │   │   │   ├── Preconditions:  [✅ PASS]
  │   │   │   └── Postconditions: [✅ PASS]
  │   │   ├── SCN_ObstacleResume_Unit1 [✅ PASS]
  │   │   │   ├── Preconditions:  [✅ PASS]
  │   │   │   └── Postconditions: [✅ PASS]
  │   │   Result: [✅ PASS] (2/2 scenes)
  │   │
  │   ├── Scenario_PriorityResolution_Unit1
  │   │   ├── SCN_SPEArrival_Unit1 [✅ PASS]
  │   │   │   ├── Preconditions:  [✅ PASS]
  │   │   │   └── Postconditions: [✅ PASS]
  │   │   Result: [✅ PASS] (1/1 scenes)
  │   │
  │   ├── Scenario_EndMission_Unit1
  │   │   ├── SCN_ReturnToPA_Unit1 [✅ PASS]
  │   │   │   ├── Preconditions:  [✅ PASS]
  │   │   │   └── Postconditions: [✅ PASS]
  │   │   Result: [✅ PASS] (1/1 scenes)
  │   │
  │   ├── Scenario_RoutingLogic_P0_Unit2
  │   │   ├── SCN_MatrixDecision_SA_Unit2 [✅ PASS]
  │   │   │   ├── Preconditions:  [✅ PASS]
  │   │   │   └── Postconditions: [✅ PASS]
  │   │   ├── SCN_MatrixDecision_SPD_Unit2 [❌ FAIL]
  │   │   Result: [❌ FAIL] (1/2 scenes)
  │   │
  │   ├── Scenario_ObstacleHandling_Unit2
  │   │   ├── SCN_ObstacleStop_Unit2 [✅ PASS]
  │   │   │   ├── Preconditions:  [✅ PASS]
  │   │   │   └── Postconditions: [✅ PASS]
  │   │   ├── SCN_ObstacleResume_Unit2 [✅ PASS]
  │   │   │   ├── Preconditions:  [✅ PASS]
  │   │   │   └── Postconditions: [✅ PASS]
  │   │   Result: [✅ PASS] (2/2 scenes)
  │   │
  │   ├── Scenario_PriorityResolution_Unit2
  │   │   ├── SCN_SPEArrival_Unit2 [✅ PASS]
  │   │   │   ├── Preconditions:  [✅ PASS]
  │   │   │   └── Postconditions: [✅ PASS]
  │   │   Result: [✅ PASS] (1/1 scenes)
  │   │
  │   ├── Scenario_EndMission_Unit2
  │   │   ├── SCN_ReturnToPA_Unit2 [✅ PASS]
  │   │   │   ├── Preconditions:  [✅ PASS]
  │   │   │   └── Postconditions: [✅ PASS]
  │   │   Result: [✅ PASS] (1/1 scenes)
  │   │
  Result: [❌ FAIL] (6/8 scenarios)
============================================================
Summary: 6 passed, 2 failed (8 total scenarios)
============================================================
💾 JSON log saved to: logs/simulation-RobAFIS_Validation_Run_P0-1781269796147.jsonl

▶ Starting execution: RobAFIS_Validation_Run_P1
[INFO] 00:00.000 session_start: ExecutionLogger
[START] ExecutionLogger initialized for model: SysADLModel
   Session ID: SysADLModel-1781269796149-milu3h
   Log level: detailed
📦 Batch processing started (interval: 100ms, batch size: 10)
⚡ EventInjector initialized - ready for event injection
SceneExecutor initialized - ready for scene execution
ReactiveStateManager initialized - ready for reactive state tracking
DependencyTracker initialized - ready to analyze SysADL expressions
ReactiveConditionWatcher initialized - event-driven condition monitoring ready
ScenarioExecutor initialized with reactive integration
ExecutionController initialized - master orchestration ready
🎬 Model initialized with Phase 4-6 components: SysADLModel
[ACTIVITY CONSTRUCTOR] name=RobAFISControllerAC, component=RobAFISSystemCFD.controller
[ACTIVITY CONSTRUCTOR]   - delegates param: [{"from":"pIn","to":"pIn"},{"from":"colorIn","to":"colorIn"},{"from":"spePresenceIn","to":"speIn"},{"from":"tPresenceIn","to":"tIn"},{"from":"grabOut","to":"ExtractGrabAN"},{"from":"dirOut","to":"ExtractDirAN"}]
[ACTIVITY CONSTRUCTOR]   - opts: {"outParameters":[{"name":"dirOut","type":"Direction","direction":"out"},{"name":"grabOut","type":"MotorCommand","direction":"out"}],"inParameters":[{"name":"pIn","type":"MissionParameter","direction":"in"},{"name":"colorIn","type":"PieceType","direction":"in"},{"name":"spePresenceIn","type":"Boolean","direction":"in"},{"name":"tPresenceIn","type":"Boolean","direction":"in"}]}
[ACTIVITY CONSTRUCTOR]   - fullOpts.delegates: [{"from":"pIn","to":"pIn"},{"from":"colorIn","to":"colorIn"},{"from":"spePresenceIn","to":"speIn"},{"from":"tPresenceIn","to":"tIn"},{"from":"grabOut","to":"ExtractGrabAN"},{"from":"dirOut","to":"ExtractDirAN"}]
[INIT PINS] Activity: RobAFISControllerAC
[INIT PINS]   - inParameters: [
  { name: 'pIn', type: 'MissionParameter', direction: 'in' },
  { name: 'colorIn', type: 'PieceType', direction: 'in' },
  { name: 'spePresenceIn', type: 'Boolean', direction: 'in' },
  { name: 'tPresenceIn', type: 'Boolean', direction: 'in' }
]
[INIT PINS]   - delegates: [
  { from: 'pIn', to: 'pIn' },
  { from: 'colorIn', to: 'colorIn' },
  { from: 'spePresenceIn', to: 'speIn' },
  { from: 'tPresenceIn', to: 'tIn' },
  { from: 'grabOut', to: 'ExtractGrabAN' },
  { from: 'dirOut', to: 'ExtractDirAN' }
]
[INIT PINS]   - delegates JSON: [{"from":"pIn","to":"pIn"},{"from":"colorIn","to":"colorIn"},{"from":"spePresenceIn","to":"speIn"},{"from":"tPresenceIn","to":"tIn"},{"from":"grabOut","to":"ExtractGrabAN"},{"from":"dirOut","to":"ExtractDirAN"}]
[INIT PINS]     - Mapped port 'pIn' to pin 'pIn'
[INIT PINS]     - Mapped port 'colorIn' to pin 'colorIn'
[INIT PINS]     - Mapped port 'speIn' to pin 'spePresenceIn'
[INIT PINS]     - Mapped port 'tIn' to pin 'tPresenceIn'
[INIT PINS]     - Mapped port 'ExtractGrabAN' to pin 'grabOut'
[INIT PINS]     - Mapped port 'ExtractDirAN' to pin 'dirOut'
[INIT PINS]   - Final portToPinMapping: {
  pIn: 'pIn',
  colorIn: 'colorIn',
  spePresenceIn: 'spePresenceIn',
  tPresenceIn: 'tPresenceIn',
  dirOut: 'dirOut',
  grabOut: 'grabOut',
  speIn: 'spePresenceIn',
  tIn: 'tPresenceIn',
  ExtractGrabAN: 'grabOut',
  ExtractDirAN: 'dirOut'
}
[ACTIVITY CONSTRUCTOR] name=ParameterInputAC, component=RobAFISSystemCFD.pInput
[ACTIVITY CONSTRUCTOR]   - delegates param: [{"from":"inParam","to":"inParam"},{"from":"pOut","to":"passParam"}]
[ACTIVITY CONSTRUCTOR]   - opts: {"outParameters":[{"name":"pOut","type":"MissionParameter","direction":"out"}],"inParameters":[{"name":"Param","type":"MissionParameter","direction":"in"}]}
[ACTIVITY CONSTRUCTOR]   - fullOpts.delegates: [{"from":"inParam","to":"inParam"},{"from":"pOut","to":"passParam"}]
[INIT PINS] Activity: ParameterInputAC
[INIT PINS]   - inParameters: [ { name: 'Param', type: 'MissionParameter', direction: 'in' } ]
[INIT PINS]   - delegates: [
  { from: 'inParam', to: 'inParam' },
  { from: 'pOut', to: 'passParam' }
]
[INIT PINS]   - delegates JSON: [{"from":"inParam","to":"inParam"},{"from":"pOut","to":"passParam"}]
[INIT PINS]     - Mapped port 'passParam' to pin 'pOut'
[INIT PINS]   - Final portToPinMapping: { Param: 'Param', pOut: 'pOut', passParam: 'pOut' }
[ACTIVITY CONSTRUCTOR] name=ColorSensorAC, component=RobAFISSystemCFD.colorSens
[ACTIVITY CONSTRUCTOR]   - delegates param: [{"from":"inColor","to":"inColor"},{"from":"colorOut","to":"passColor"}]
[ACTIVITY CONSTRUCTOR]   - opts: {"outParameters":[{"name":"colorOut","type":"PieceType","direction":"out"}],"inParameters":[{"name":"Color","type":"PieceType","direction":"in"}]}
[ACTIVITY CONSTRUCTOR]   - fullOpts.delegates: [{"from":"inColor","to":"inColor"},{"from":"colorOut","to":"passColor"}]
[INIT PINS] Activity: ColorSensorAC
[INIT PINS]   - inParameters: [ { name: 'Color', type: 'PieceType', direction: 'in' } ]
[INIT PINS]   - delegates: [
  { from: 'inColor', to: 'inColor' },
  { from: 'colorOut', to: 'passColor' }
]
[INIT PINS]   - delegates JSON: [{"from":"inColor","to":"inColor"},{"from":"colorOut","to":"passColor"}]
[INIT PINS]     - Mapped port 'passColor' to pin 'colorOut'
[INIT PINS]   - Final portToPinMapping: { Color: 'Color', colorOut: 'colorOut', passColor: 'colorOut' }
[ACTIVITY CONSTRUCTOR] name=PresenceSensorAC, component=RobAFISSystemCFD.speSens
[ACTIVITY CONSTRUCTOR]   - delegates param: [{"from":"inPresence","to":"inPresence"},{"from":"presenceOut","to":"passPresence"}]
[ACTIVITY CONSTRUCTOR]   - opts: {"outParameters":[{"name":"presenceOut","type":"Boolean","direction":"out"}],"inParameters":[{"name":"Presence","type":"Boolean","direction":"in"}]}
[ACTIVITY CONSTRUCTOR]   - fullOpts.delegates: [{"from":"inPresence","to":"inPresence"},{"from":"presenceOut","to":"passPresence"}]
[INIT PINS] Activity: PresenceSensorAC
[INIT PINS]   - inParameters: [ { name: 'Presence', type: 'Boolean', direction: 'in' } ]
[INIT PINS]   - delegates: [
  { from: 'inPresence', to: 'inPresence' },
  { from: 'presenceOut', to: 'passPresence' }
]
[INIT PINS]   - delegates JSON: [{"from":"inPresence","to":"inPresence"},{"from":"presenceOut","to":"passPresence"}]
[INIT PINS]     - Mapped port 'passPresence' to pin 'presenceOut'
[INIT PINS]   - Final portToPinMapping: {
  Presence: 'Presence',
  presenceOut: 'presenceOut',
  passPresence: 'presenceOut'
}
[ACTIVITY CONSTRUCTOR] name=PresenceSensorAC, component=RobAFISSystemCFD.tSens
[ACTIVITY CONSTRUCTOR]   - delegates param: [{"from":"inPresence","to":"inPresence"},{"from":"presenceOut","to":"passPresence"}]
[ACTIVITY CONSTRUCTOR]   - opts: {"outParameters":[{"name":"presenceOut","type":"Boolean","direction":"out"}],"inParameters":[{"name":"Presence","type":"Boolean","direction":"in"}]}
[ACTIVITY CONSTRUCTOR]   - fullOpts.delegates: [{"from":"inPresence","to":"inPresence"},{"from":"presenceOut","to":"passPresence"}]
[INIT PINS] Activity: PresenceSensorAC
[INIT PINS]   - inParameters: [ { name: 'Presence', type: 'Boolean', direction: 'in' } ]
[INIT PINS]   - delegates: [
  { from: 'inPresence', to: 'inPresence' },
  { from: 'presenceOut', to: 'passPresence' }
]
[INIT PINS]   - delegates JSON: [{"from":"inPresence","to":"inPresence"},{"from":"presenceOut","to":"passPresence"}]
[INIT PINS]     - Mapped port 'passPresence' to pin 'presenceOut'
[INIT PINS]   - Final portToPinMapping: {
  Presence: 'Presence',
  presenceOut: 'presenceOut',
  passPresence: 'presenceOut'
}
[ACTIVITY CONSTRUCTOR] name=GrabberAC, component=RobAFISSystemCFD.grabber
[ACTIVITY CONSTRUCTOR]   - delegates param: [{"from":"cmdIn","to":"inCmd"},{"from":"outCommand","to":"passCmd"}]
[ACTIVITY CONSTRUCTOR]   - opts: {"outParameters":[{"name":"Command","type":"MotorCommand","direction":"out"}],"inParameters":[{"name":"cmdIn","type":"MotorCommand","direction":"in"}]}
[ACTIVITY CONSTRUCTOR]   - fullOpts.delegates: [{"from":"cmdIn","to":"inCmd"},{"from":"outCommand","to":"passCmd"}]
[INIT PINS] Activity: GrabberAC
[INIT PINS]   - inParameters: [ { name: 'cmdIn', type: 'MotorCommand', direction: 'in' } ]
[INIT PINS]   - delegates: [
  { from: 'cmdIn', to: 'inCmd' },
  { from: 'outCommand', to: 'passCmd' }
]
[INIT PINS]   - delegates JSON: [{"from":"cmdIn","to":"inCmd"},{"from":"outCommand","to":"passCmd"}]
[INIT PINS]     - Mapped port 'inCmd' to pin 'cmdIn'
[INIT PINS]   - Final portToPinMapping: { cmdIn: 'cmdIn', Command: 'Command', inCmd: 'cmdIn' }
[ACTIVITY CONSTRUCTOR] name=DriveSystemAC, component=RobAFISSystemCFD.drive
[ACTIVITY CONSTRUCTOR]   - delegates param: [{"from":"dirIn","to":"inDir"},{"from":"outColor","to":"translateDir"}]
[ACTIVITY CONSTRUCTOR]   - opts: {"outParameters":[{"name":"Color","type":"NavColor","direction":"out"}],"inParameters":[{"name":"dirIn","type":"Direction","direction":"in"}]}
[ACTIVITY CONSTRUCTOR]   - fullOpts.delegates: [{"from":"dirIn","to":"inDir"},{"from":"outColor","to":"translateDir"}]
[INIT PINS] Activity: DriveSystemAC
[INIT PINS]   - inParameters: [ { name: 'dirIn', type: 'Direction', direction: 'in' } ]
[INIT PINS]   - delegates: [
  { from: 'dirIn', to: 'inDir' },
  { from: 'outColor', to: 'translateDir' }
]
[INIT PINS]   - delegates JSON: [{"from":"dirIn","to":"inDir"},{"from":"outColor","to":"translateDir"}]
[INIT PINS]     - Mapped port 'inDir' to pin 'dirIn'
[INIT PINS]   - Final portToPinMapping: { dirIn: 'dirIn', Color: 'Color', inDir: 'dirIn' }
[ACTIVITY CONSTRUCTOR] name=OperatorEA, component=RobAFISSystemCFD.pInput
[ACTIVITY CONSTRUCTOR]   - delegates param: [{"from":"opParamOut","to":"setMissionParametersOp"}]
[ACTIVITY CONSTRUCTOR]   - opts: {"outParameters":[{"name":"opParamOut","type":"MissionParameter","direction":"out"}],"inParameters":[]}
[ACTIVITY CONSTRUCTOR]   - fullOpts.delegates: [{"from":"opParamOut","to":"setMissionParametersOp"}]
[INIT PINS] Activity: OperatorEA
[INIT PINS]   - inParameters: []
[INIT PINS]   - delegates: [ { from: 'opParamOut', to: 'setMissionParametersOp' } ]
[INIT PINS]   - delegates JSON: [{"from":"opParamOut","to":"setMissionParametersOp"}]
[INIT PINS]     - Mapped port 'setMissionParametersOp' to pin 'opParamOut'
[INIT PINS]   - Final portToPinMapping: { opParamOut: 'opParamOut', setMissionParametersOp: 'opParamOut' }
[ACTIVITY CONSTRUCTOR] name=OperatorEA, component=RobAFISSystemCFD.colorSens
[ACTIVITY CONSTRUCTOR]   - delegates param: [{"from":"opParamOut","to":"setMissionParametersOp"}]
[ACTIVITY CONSTRUCTOR]   - opts: {"outParameters":[{"name":"opParamOut","type":"MissionParameter","direction":"out"}],"inParameters":[]}
[ACTIVITY CONSTRUCTOR]   - fullOpts.delegates: [{"from":"opParamOut","to":"setMissionParametersOp"}]
[INIT PINS] Activity: OperatorEA
[INIT PINS]   - inParameters: []
[INIT PINS]   - delegates: [ { from: 'opParamOut', to: 'setMissionParametersOp' } ]
[INIT PINS]   - delegates JSON: [{"from":"opParamOut","to":"setMissionParametersOp"}]
[INIT PINS]     - Mapped port 'setMissionParametersOp' to pin 'opParamOut'
[INIT PINS]   - Final portToPinMapping: { opParamOut: 'opParamOut', setMissionParametersOp: 'opParamOut' }
[ACTIVITY CONSTRUCTOR] name=OperatorEA, component=RobAFISSystemCFD.speSens
[ACTIVITY CONSTRUCTOR]   - delegates param: [{"from":"opParamOut","to":"setMissionParametersOp"}]
[ACTIVITY CONSTRUCTOR]   - opts: {"outParameters":[{"name":"opParamOut","type":"MissionParameter","direction":"out"}],"inParameters":[]}
[ACTIVITY CONSTRUCTOR]   - fullOpts.delegates: [{"from":"opParamOut","to":"setMissionParametersOp"}]
[INIT PINS] Activity: OperatorEA
[INIT PINS]   - inParameters: []
[INIT PINS]   - delegates: [ { from: 'opParamOut', to: 'setMissionParametersOp' } ]
[INIT PINS]   - delegates JSON: [{"from":"opParamOut","to":"setMissionParametersOp"}]
[INIT PINS]     - Mapped port 'setMissionParametersOp' to pin 'opParamOut'
[INIT PINS]   - Final portToPinMapping: { opParamOut: 'opParamOut', setMissionParametersOp: 'opParamOut' }
[ACTIVITY CONSTRUCTOR] name=OperatorEA, component=RobAFISSystemCFD.tSens
[ACTIVITY CONSTRUCTOR]   - delegates param: [{"from":"opParamOut","to":"setMissionParametersOp"}]
[ACTIVITY CONSTRUCTOR]   - opts: {"outParameters":[{"name":"opParamOut","type":"MissionParameter","direction":"out"}],"inParameters":[]}
[ACTIVITY CONSTRUCTOR]   - fullOpts.delegates: [{"from":"opParamOut","to":"setMissionParametersOp"}]
[INIT PINS] Activity: OperatorEA
[INIT PINS]   - inParameters: []
[INIT PINS]   - delegates: [ { from: 'opParamOut', to: 'setMissionParametersOp' } ]
[INIT PINS]   - delegates JSON: [{"from":"opParamOut","to":"setMissionParametersOp"}]
[INIT PINS]     - Mapped port 'setMissionParametersOp' to pin 'opParamOut'
[INIT PINS]   - Final portToPinMapping: { opParamOut: 'opParamOut', setMissionParametersOp: 'opParamOut' }
[ACTIVITY CONSTRUCTOR] name=OperatorEA, component=RobAFISSystemCFD.drive
[ACTIVITY CONSTRUCTOR]   - delegates param: [{"from":"opParamOut","to":"setMissionParametersOp"}]
[ACTIVITY CONSTRUCTOR]   - opts: {"outParameters":[{"name":"opParamOut","type":"MissionParameter","direction":"out"}],"inParameters":[]}
[ACTIVITY CONSTRUCTOR]   - fullOpts.delegates: [{"from":"opParamOut","to":"setMissionParametersOp"}]
[INIT PINS] Activity: OperatorEA
[INIT PINS]   - inParameters: []
[INIT PINS]   - delegates: [ { from: 'opParamOut', to: 'setMissionParametersOp' } ]
[INIT PINS]   - delegates JSON: [{"from":"opParamOut","to":"setMissionParametersOp"}]
[INIT PINS]     - Mapped port 'setMissionParametersOp' to pin 'opParamOut'
[INIT PINS]   - Final portToPinMapping: { opParamOut: 'opParamOut', setMissionParametersOp: 'opParamOut' }
[ACTIVITY CONSTRUCTOR] name=OperatorEA, component=RobAFISSystemCFD.grabber
[ACTIVITY CONSTRUCTOR]   - delegates param: [{"from":"opParamOut","to":"setMissionParametersOp"}]
[ACTIVITY CONSTRUCTOR]   - opts: {"outParameters":[{"name":"opParamOut","type":"MissionParameter","direction":"out"}],"inParameters":[]}
[ACTIVITY CONSTRUCTOR]   - fullOpts.delegates: [{"from":"opParamOut","to":"setMissionParametersOp"}]
[INIT PINS] Activity: OperatorEA
[INIT PINS]   - inParameters: []
[INIT PINS]   - delegates: [ { from: 'opParamOut', to: 'setMissionParametersOp' } ]
[INIT PINS]   - delegates JSON: [{"from":"opParamOut","to":"setMissionParametersOp"}]
[INIT PINS]     - Mapped port 'setMissionParametersOp' to pin 'opParamOut'
[INIT PINS]   - Final portToPinMapping: { opParamOut: 'opParamOut', setMissionParametersOp: 'opParamOut' }
[ACTIVITY CONSTRUCTOR] name=OperatorEA, component=RobAFISSystemCFD.controller
[ACTIVITY CONSTRUCTOR]   - delegates param: [{"from":"opParamOut","to":"setMissionParametersOp"}]
[ACTIVITY CONSTRUCTOR]   - opts: {"outParameters":[{"name":"opParamOut","type":"MissionParameter","direction":"out"}],"inParameters":[]}
[ACTIVITY CONSTRUCTOR]   - fullOpts.delegates: [{"from":"opParamOut","to":"setMissionParametersOp"}]
[INIT PINS] Activity: OperatorEA
[INIT PINS]   - inParameters: []
[INIT PINS]   - delegates: [ { from: 'opParamOut', to: 'setMissionParametersOp' } ]
[INIT PINS]   - delegates JSON: [{"from":"opParamOut","to":"setMissionParametersOp"}]
[INIT PINS]     - Mapped port 'setMissionParametersOp' to pin 'opParamOut'
[INIT PINS]   - Final portToPinMapping: { opParamOut: 'opParamOut', setMissionParametersOp: 'opParamOut' }
[ACTIVITY CONSTRUCTOR] name=UnitEA, component=RobAFISSystemCFD.pInput
[ACTIVITY CONSTRUCTOR]   - delegates param: [{"from":"outUnitNavLine","to":"leavePA"},{"from":"outUnitNavLine","to":"turnRight"},{"from":"outUnitNavLine","to":"returnJourney"},{"from":"outUnitNavLine","to":"obstacleDetected"},{"from":"outUnitNavLine","to":"obstacleRemoved"},{"from":"outUnitNavPad","to":"detectGreenPad"},{"from":"outUnitNavPad","to":"detectRedPad"},{"from":"outUnitNavPad","to":"stopAtT"},{"from":"outUnitNavPad","to":"routeToSA"},{"from":"outUnitNavPad","to":"routeToSPD"},{"from":"outUnitNavPad","to":"stopAtSPE"},{"from":"outUnitNavPad","to":"arriveAtTargetStock"},{"from":"outUnitPieceColor","to":"extractPieceT"},{"from":"outUnitPieceColor","to":"extractPieceSPE"},{"from":"outSAPieceColor","to":"insertPieceSA"},{"from":"outSPDPieceColor","to":"insertPieceSPD"},{"from":"outUnitPAColor","to":"arriveAtPA"}]
[ACTIVITY CONSTRUCTOR]   - opts: {"outParameters":[{"name":"UnitNavLine","type":"NavColor","direction":"out"},{"name":"UnitNavPad","type":"NavColor","direction":"out"},{"name":"UnitPieceColor","type":"PieceType","direction":"out"},{"name":"SAPieceColor","type":"PieceType","direction":"out"},{"name":"SPDPieceColor","type":"PieceType","direction":"out"},{"name":"UnitPAColor","type":"NavColor","direction":"out"}],"inParameters":[{"name":"OpParam","type":"MissionParameter","direction":"in"},{"name":"UnitNavPad","type":"NavColor","direction":"in"},{"name":"UnitPieceColor","type":"PieceType","direction":"in"},{"name":"SPEPresence","type":"Boolean","direction":"in"},{"name":"TPresence","type":"Boolean","direction":"in"},{"name":"TPieceColor","type":"PieceType","direction":"in"},{"name":"SPEPieceColor","type":"PieceType","direction":"in"}]}
[ACTIVITY CONSTRUCTOR]   - fullOpts.delegates: [{"from":"outUnitNavLine","to":"leavePA"},{"from":"outUnitNavLine","to":"turnRight"},{"from":"outUnitNavLine","to":"returnJourney"},{"from":"outUnitNavLine","to":"obstacleDetected"},{"from":"outUnitNavLine","to":"obstacleRemoved"},{"from":"outUnitNavPad","to":"detectGreenPad"},{"from":"outUnitNavPad","to":"detectRedPad"},{"from":"outUnitNavPad","to":"stopAtT"},{"from":"outUnitNavPad","to":"routeToSA"},{"from":"outUnitNavPad","to":"routeToSPD"},{"from":"outUnitNavPad","to":"stopAtSPE"},{"from":"outUnitNavPad","to":"arriveAtTargetStock"},{"from":"outUnitPieceColor","to":"extractPieceT"},{"from":"outUnitPieceColor","to":"extractPieceSPE"},{"from":"outSAPieceColor","to":"insertPieceSA"},{"from":"outSPDPieceColor","to":"insertPieceSPD"},{"from":"outUnitPAColor","to":"arriveAtPA"}]
[INIT PINS] Activity: UnitEA
[INIT PINS]   - inParameters: [
  { name: 'OpParam', type: 'MissionParameter', direction: 'in' },
  { name: 'UnitNavPad', type: 'NavColor', direction: 'in' },
  { name: 'UnitPieceColor', type: 'PieceType', direction: 'in' },
  { name: 'SPEPresence', type: 'Boolean', direction: 'in' },
  { name: 'TPresence', type: 'Boolean', direction: 'in' },
  { name: 'TPieceColor', type: 'PieceType', direction: 'in' },
  { name: 'SPEPieceColor', type: 'PieceType', direction: 'in' }
]
[INIT PINS]   - delegates: [
  { from: 'outUnitNavLine', to: 'leavePA' },
  { from: 'outUnitNavLine', to: 'turnRight' },
  { from: 'outUnitNavLine', to: 'returnJourney' },
  { from: 'outUnitNavLine', to: 'obstacleDetected' },
  { from: 'outUnitNavLine', to: 'obstacleRemoved' },
  { from: 'outUnitNavPad', to: 'detectGreenPad' },
  { from: 'outUnitNavPad', to: 'detectRedPad' },
  { from: 'outUnitNavPad', to: 'stopAtT' },
  { from: 'outUnitNavPad', to: 'routeToSA' },
  { from: 'outUnitNavPad', to: 'routeToSPD' },
  { from: 'outUnitNavPad', to: 'stopAtSPE' },
  { from: 'outUnitNavPad', to: 'arriveAtTargetStock' },
  { from: 'outUnitPieceColor', to: 'extractPieceT' },
  { from: 'outUnitPieceColor', to: 'extractPieceSPE' },
  { from: 'outSAPieceColor', to: 'insertPieceSA' },
  { from: 'outSPDPieceColor', to: 'insertPieceSPD' },
  { from: 'outUnitPAColor', to: 'arriveAtPA' }
]
[INIT PINS]   - delegates JSON: [{"from":"outUnitNavLine","to":"leavePA"},{"from":"outUnitNavLine","to":"turnRight"},{"from":"outUnitNavLine","to":"returnJourney"},{"from":"outUnitNavLine","to":"obstacleDetected"},{"from":"outUnitNavLine","to":"obstacleRemoved"},{"from":"outUnitNavPad","to":"detectGreenPad"},{"from":"outUnitNavPad","to":"detectRedPad"},{"from":"outUnitNavPad","to":"stopAtT"},{"from":"outUnitNavPad","to":"routeToSA"},{"from":"outUnitNavPad","to":"routeToSPD"},{"from":"outUnitNavPad","to":"stopAtSPE"},{"from":"outUnitNavPad","to":"arriveAtTargetStock"},{"from":"outUnitPieceColor","to":"extractPieceT"},{"from":"outUnitPieceColor","to":"extractPieceSPE"},{"from":"outSAPieceColor","to":"insertPieceSA"},{"from":"outSPDPieceColor","to":"insertPieceSPD"},{"from":"outUnitPAColor","to":"arriveAtPA"}]
[INIT PINS]   - Final portToPinMapping: {
  OpParam: 'OpParam',
  UnitNavPad: 'UnitNavPad',
  UnitPieceColor: 'UnitPieceColor',
  SPEPresence: 'SPEPresence',
  TPresence: 'TPresence',
  TPieceColor: 'TPieceColor',
  SPEPieceColor: 'SPEPieceColor',
  UnitNavLine: 'UnitNavLine',
  SAPieceColor: 'SAPieceColor',
  SPDPieceColor: 'SPDPieceColor',
  UnitPAColor: 'UnitPAColor'
}
[ACTIVITY CONSTRUCTOR] name=UnitEA, component=RobAFISSystemCFD.colorSens
[ACTIVITY CONSTRUCTOR]   - delegates param: [{"from":"outUnitNavLine","to":"leavePA"},{"from":"outUnitNavLine","to":"turnRight"},{"from":"outUnitNavLine","to":"returnJourney"},{"from":"outUnitNavLine","to":"obstacleDetected"},{"from":"outUnitNavLine","to":"obstacleRemoved"},{"from":"outUnitNavPad","to":"detectGreenPad"},{"from":"outUnitNavPad","to":"detectRedPad"},{"from":"outUnitNavPad","to":"stopAtT"},{"from":"outUnitNavPad","to":"routeToSA"},{"from":"outUnitNavPad","to":"routeToSPD"},{"from":"outUnitNavPad","to":"stopAtSPE"},{"from":"outUnitNavPad","to":"arriveAtTargetStock"},{"from":"outUnitPieceColor","to":"extractPieceT"},{"from":"outUnitPieceColor","to":"extractPieceSPE"},{"from":"outSAPieceColor","to":"insertPieceSA"},{"from":"outSPDPieceColor","to":"insertPieceSPD"},{"from":"outUnitPAColor","to":"arriveAtPA"}]
[ACTIVITY CONSTRUCTOR]   - opts: {"outParameters":[{"name":"UnitNavLine","type":"NavColor","direction":"out"},{"name":"UnitNavPad","type":"NavColor","direction":"out"},{"name":"UnitPieceColor","type":"PieceType","direction":"out"},{"name":"SAPieceColor","type":"PieceType","direction":"out"},{"name":"SPDPieceColor","type":"PieceType","direction":"out"},{"name":"UnitPAColor","type":"NavColor","direction":"out"}],"inParameters":[{"name":"OpParam","type":"MissionParameter","direction":"in"},{"name":"UnitNavPad","type":"NavColor","direction":"in"},{"name":"UnitPieceColor","type":"PieceType","direction":"in"},{"name":"SPEPresence","type":"Boolean","direction":"in"},{"name":"TPresence","type":"Boolean","direction":"in"},{"name":"TPieceColor","type":"PieceType","direction":"in"},{"name":"SPEPieceColor","type":"PieceType","direction":"in"}]}
[ACTIVITY CONSTRUCTOR]   - fullOpts.delegates: [{"from":"outUnitNavLine","to":"leavePA"},{"from":"outUnitNavLine","to":"turnRight"},{"from":"outUnitNavLine","to":"returnJourney"},{"from":"outUnitNavLine","to":"obstacleDetected"},{"from":"outUnitNavLine","to":"obstacleRemoved"},{"from":"outUnitNavPad","to":"detectGreenPad"},{"from":"outUnitNavPad","to":"detectRedPad"},{"from":"outUnitNavPad","to":"stopAtT"},{"from":"outUnitNavPad","to":"routeToSA"},{"from":"outUnitNavPad","to":"routeToSPD"},{"from":"outUnitNavPad","to":"stopAtSPE"},{"from":"outUnitNavPad","to":"arriveAtTargetStock"},{"from":"outUnitPieceColor","to":"extractPieceT"},{"from":"outUnitPieceColor","to":"extractPieceSPE"},{"from":"outSAPieceColor","to":"insertPieceSA"},{"from":"outSPDPieceColor","to":"insertPieceSPD"},{"from":"outUnitPAColor","to":"arriveAtPA"}]
[INIT PINS] Activity: UnitEA
[INIT PINS]   - inParameters: [
  { name: 'OpParam', type: 'MissionParameter', direction: 'in' },
  { name: 'UnitNavPad', type: 'NavColor', direction: 'in' },
  { name: 'UnitPieceColor', type: 'PieceType', direction: 'in' },
  { name: 'SPEPresence', type: 'Boolean', direction: 'in' },
  { name: 'TPresence', type: 'Boolean', direction: 'in' },
  { name: 'TPieceColor', type: 'PieceType', direction: 'in' },
  { name: 'SPEPieceColor', type: 'PieceType', direction: 'in' }
]
[INIT PINS]   - delegates: [
  { from: 'outUnitNavLine', to: 'leavePA' },
  { from: 'outUnitNavLine', to: 'turnRight' },
  { from: 'outUnitNavLine', to: 'returnJourney' },
  { from: 'outUnitNavLine', to: 'obstacleDetected' },
  { from: 'outUnitNavLine', to: 'obstacleRemoved' },
  { from: 'outUnitNavPad', to: 'detectGreenPad' },
  { from: 'outUnitNavPad', to: 'detectRedPad' },
  { from: 'outUnitNavPad', to: 'stopAtT' },
  { from: 'outUnitNavPad', to: 'routeToSA' },
  { from: 'outUnitNavPad', to: 'routeToSPD' },
  { from: 'outUnitNavPad', to: 'stopAtSPE' },
  { from: 'outUnitNavPad', to: 'arriveAtTargetStock' },
  { from: 'outUnitPieceColor', to: 'extractPieceT' },
  { from: 'outUnitPieceColor', to: 'extractPieceSPE' },
  { from: 'outSAPieceColor', to: 'insertPieceSA' },
  { from: 'outSPDPieceColor', to: 'insertPieceSPD' },
  { from: 'outUnitPAColor', to: 'arriveAtPA' }
]
[INIT PINS]   - delegates JSON: [{"from":"outUnitNavLine","to":"leavePA"},{"from":"outUnitNavLine","to":"turnRight"},{"from":"outUnitNavLine","to":"returnJourney"},{"from":"outUnitNavLine","to":"obstacleDetected"},{"from":"outUnitNavLine","to":"obstacleRemoved"},{"from":"outUnitNavPad","to":"detectGreenPad"},{"from":"outUnitNavPad","to":"detectRedPad"},{"from":"outUnitNavPad","to":"stopAtT"},{"from":"outUnitNavPad","to":"routeToSA"},{"from":"outUnitNavPad","to":"routeToSPD"},{"from":"outUnitNavPad","to":"stopAtSPE"},{"from":"outUnitNavPad","to":"arriveAtTargetStock"},{"from":"outUnitPieceColor","to":"extractPieceT"},{"from":"outUnitPieceColor","to":"extractPieceSPE"},{"from":"outSAPieceColor","to":"insertPieceSA"},{"from":"outSPDPieceColor","to":"insertPieceSPD"},{"from":"outUnitPAColor","to":"arriveAtPA"}]
[INIT PINS]   - Final portToPinMapping: {
  OpParam: 'OpParam',
  UnitNavPad: 'UnitNavPad',
  UnitPieceColor: 'UnitPieceColor',
  SPEPresence: 'SPEPresence',
  TPresence: 'TPresence',
  TPieceColor: 'TPieceColor',
  SPEPieceColor: 'SPEPieceColor',
  UnitNavLine: 'UnitNavLine',
  SAPieceColor: 'SAPieceColor',
  SPDPieceColor: 'SPDPieceColor',
  UnitPAColor: 'UnitPAColor'
}
[ACTIVITY CONSTRUCTOR] name=UnitEA, component=RobAFISSystemCFD.speSens
[ACTIVITY CONSTRUCTOR]   - delegates param: [{"from":"outUnitNavLine","to":"leavePA"},{"from":"outUnitNavLine","to":"turnRight"},{"from":"outUnitNavLine","to":"returnJourney"},{"from":"outUnitNavLine","to":"obstacleDetected"},{"from":"outUnitNavLine","to":"obstacleRemoved"},{"from":"outUnitNavPad","to":"detectGreenPad"},{"from":"outUnitNavPad","to":"detectRedPad"},{"from":"outUnitNavPad","to":"stopAtT"},{"from":"outUnitNavPad","to":"routeToSA"},{"from":"outUnitNavPad","to":"routeToSPD"},{"from":"outUnitNavPad","to":"stopAtSPE"},{"from":"outUnitNavPad","to":"arriveAtTargetStock"},{"from":"outUnitPieceColor","to":"extractPieceT"},{"from":"outUnitPieceColor","to":"extractPieceSPE"},{"from":"outSAPieceColor","to":"insertPieceSA"},{"from":"outSPDPieceColor","to":"insertPieceSPD"},{"from":"outUnitPAColor","to":"arriveAtPA"}]
[ACTIVITY CONSTRUCTOR]   - opts: {"outParameters":[{"name":"UnitNavLine","type":"NavColor","direction":"out"},{"name":"UnitNavPad","type":"NavColor","direction":"out"},{"name":"UnitPieceColor","type":"PieceType","direction":"out"},{"name":"SAPieceColor","type":"PieceType","direction":"out"},{"name":"SPDPieceColor","type":"PieceType","direction":"out"},{"name":"UnitPAColor","type":"NavColor","direction":"out"}],"inParameters":[{"name":"OpParam","type":"MissionParameter","direction":"in"},{"name":"UnitNavPad","type":"NavColor","direction":"in"},{"name":"UnitPieceColor","type":"PieceType","direction":"in"},{"name":"SPEPresence","type":"Boolean","direction":"in"},{"name":"TPresence","type":"Boolean","direction":"in"},{"name":"TPieceColor","type":"PieceType","direction":"in"},{"name":"SPEPieceColor","type":"PieceType","direction":"in"}]}
[ACTIVITY CONSTRUCTOR]   - fullOpts.delegates: [{"from":"outUnitNavLine","to":"leavePA"},{"from":"outUnitNavLine","to":"turnRight"},{"from":"outUnitNavLine","to":"returnJourney"},{"from":"outUnitNavLine","to":"obstacleDetected"},{"from":"outUnitNavLine","to":"obstacleRemoved"},{"from":"outUnitNavPad","to":"detectGreenPad"},{"from":"outUnitNavPad","to":"detectRedPad"},{"from":"outUnitNavPad","to":"stopAtT"},{"from":"outUnitNavPad","to":"routeToSA"},{"from":"outUnitNavPad","to":"routeToSPD"},{"from":"outUnitNavPad","to":"stopAtSPE"},{"from":"outUnitNavPad","to":"arriveAtTargetStock"},{"from":"outUnitPieceColor","to":"extractPieceT"},{"from":"outUnitPieceColor","to":"extractPieceSPE"},{"from":"outSAPieceColor","to":"insertPieceSA"},{"from":"outSPDPieceColor","to":"insertPieceSPD"},{"from":"outUnitPAColor","to":"arriveAtPA"}]
[INIT PINS] Activity: UnitEA
[INIT PINS]   - inParameters: [
  { name: 'OpParam', type: 'MissionParameter', direction: 'in' },
  { name: 'UnitNavPad', type: 'NavColor', direction: 'in' },
  { name: 'UnitPieceColor', type: 'PieceType', direction: 'in' },
  { name: 'SPEPresence', type: 'Boolean', direction: 'in' },
  { name: 'TPresence', type: 'Boolean', direction: 'in' },
  { name: 'TPieceColor', type: 'PieceType', direction: 'in' },
  { name: 'SPEPieceColor', type: 'PieceType', direction: 'in' }
]
[INIT PINS]   - delegates: [
  { from: 'outUnitNavLine', to: 'leavePA' },
  { from: 'outUnitNavLine', to: 'turnRight' },
  { from: 'outUnitNavLine', to: 'returnJourney' },
  { from: 'outUnitNavLine', to: 'obstacleDetected' },
  { from: 'outUnitNavLine', to: 'obstacleRemoved' },
  { from: 'outUnitNavPad', to: 'detectGreenPad' },
  { from: 'outUnitNavPad', to: 'detectRedPad' },
  { from: 'outUnitNavPad', to: 'stopAtT' },
  { from: 'outUnitNavPad', to: 'routeToSA' },
  { from: 'outUnitNavPad', to: 'routeToSPD' },
  { from: 'outUnitNavPad', to: 'stopAtSPE' },
  { from: 'outUnitNavPad', to: 'arriveAtTargetStock' },
  { from: 'outUnitPieceColor', to: 'extractPieceT' },
  { from: 'outUnitPieceColor', to: 'extractPieceSPE' },
  { from: 'outSAPieceColor', to: 'insertPieceSA' },
  { from: 'outSPDPieceColor', to: 'insertPieceSPD' },
  { from: 'outUnitPAColor', to: 'arriveAtPA' }
]
[INIT PINS]   - delegates JSON: [{"from":"outUnitNavLine","to":"leavePA"},{"from":"outUnitNavLine","to":"turnRight"},{"from":"outUnitNavLine","to":"returnJourney"},{"from":"outUnitNavLine","to":"obstacleDetected"},{"from":"outUnitNavLine","to":"obstacleRemoved"},{"from":"outUnitNavPad","to":"detectGreenPad"},{"from":"outUnitNavPad","to":"detectRedPad"},{"from":"outUnitNavPad","to":"stopAtT"},{"from":"outUnitNavPad","to":"routeToSA"},{"from":"outUnitNavPad","to":"routeToSPD"},{"from":"outUnitNavPad","to":"stopAtSPE"},{"from":"outUnitNavPad","to":"arriveAtTargetStock"},{"from":"outUnitPieceColor","to":"extractPieceT"},{"from":"outUnitPieceColor","to":"extractPieceSPE"},{"from":"outSAPieceColor","to":"insertPieceSA"},{"from":"outSPDPieceColor","to":"insertPieceSPD"},{"from":"outUnitPAColor","to":"arriveAtPA"}]
[INIT PINS]   - Final portToPinMapping: {
  OpParam: 'OpParam',
  UnitNavPad: 'UnitNavPad',
  UnitPieceColor: 'UnitPieceColor',
  SPEPresence: 'SPEPresence',
  TPresence: 'TPresence',
  TPieceColor: 'TPieceColor',
  SPEPieceColor: 'SPEPieceColor',
  UnitNavLine: 'UnitNavLine',
  SAPieceColor: 'SAPieceColor',
  SPDPieceColor: 'SPDPieceColor',
  UnitPAColor: 'UnitPAColor'
}
[ACTIVITY CONSTRUCTOR] name=UnitEA, component=RobAFISSystemCFD.tSens
[ACTIVITY CONSTRUCTOR]   - delegates param: [{"from":"outUnitNavLine","to":"leavePA"},{"from":"outUnitNavLine","to":"turnRight"},{"from":"outUnitNavLine","to":"returnJourney"},{"from":"outUnitNavLine","to":"obstacleDetected"},{"from":"outUnitNavLine","to":"obstacleRemoved"},{"from":"outUnitNavPad","to":"detectGreenPad"},{"from":"outUnitNavPad","to":"detectRedPad"},{"from":"outUnitNavPad","to":"stopAtT"},{"from":"outUnitNavPad","to":"routeToSA"},{"from":"outUnitNavPad","to":"routeToSPD"},{"from":"outUnitNavPad","to":"stopAtSPE"},{"from":"outUnitNavPad","to":"arriveAtTargetStock"},{"from":"outUnitPieceColor","to":"extractPieceT"},{"from":"outUnitPieceColor","to":"extractPieceSPE"},{"from":"outSAPieceColor","to":"insertPieceSA"},{"from":"outSPDPieceColor","to":"insertPieceSPD"},{"from":"outUnitPAColor","to":"arriveAtPA"}]
[ACTIVITY CONSTRUCTOR]   - opts: {"outParameters":[{"name":"UnitNavLine","type":"NavColor","direction":"out"},{"name":"UnitNavPad","type":"NavColor","direction":"out"},{"name":"UnitPieceColor","type":"PieceType","direction":"out"},{"name":"SAPieceColor","type":"PieceType","direction":"out"},{"name":"SPDPieceColor","type":"PieceType","direction":"out"},{"name":"UnitPAColor","type":"NavColor","direction":"out"}],"inParameters":[{"name":"OpParam","type":"MissionParameter","direction":"in"},{"name":"UnitNavPad","type":"NavColor","direction":"in"},{"name":"UnitPieceColor","type":"PieceType","direction":"in"},{"name":"SPEPresence","type":"Boolean","direction":"in"},{"name":"TPresence","type":"Boolean","direction":"in"},{"name":"TPieceColor","type":"PieceType","direction":"in"},{"name":"SPEPieceColor","type":"PieceType","direction":"in"}]}
[ACTIVITY CONSTRUCTOR]   - fullOpts.delegates: [{"from":"outUnitNavLine","to":"leavePA"},{"from":"outUnitNavLine","to":"turnRight"},{"from":"outUnitNavLine","to":"returnJourney"},{"from":"outUnitNavLine","to":"obstacleDetected"},{"from":"outUnitNavLine","to":"obstacleRemoved"},{"from":"outUnitNavPad","to":"detectGreenPad"},{"from":"outUnitNavPad","to":"detectRedPad"},{"from":"outUnitNavPad","to":"stopAtT"},{"from":"outUnitNavPad","to":"routeToSA"},{"from":"outUnitNavPad","to":"routeToSPD"},{"from":"outUnitNavPad","to":"stopAtSPE"},{"from":"outUnitNavPad","to":"arriveAtTargetStock"},{"from":"outUnitPieceColor","to":"extractPieceT"},{"from":"outUnitPieceColor","to":"extractPieceSPE"},{"from":"outSAPieceColor","to":"insertPieceSA"},{"from":"outSPDPieceColor","to":"insertPieceSPD"},{"from":"outUnitPAColor","to":"arriveAtPA"}]
[INIT PINS] Activity: UnitEA
[INIT PINS]   - inParameters: [
  { name: 'OpParam', type: 'MissionParameter', direction: 'in' },
  { name: 'UnitNavPad', type: 'NavColor', direction: 'in' },
  { name: 'UnitPieceColor', type: 'PieceType', direction: 'in' },
  { name: 'SPEPresence', type: 'Boolean', direction: 'in' },
  { name: 'TPresence', type: 'Boolean', direction: 'in' },
  { name: 'TPieceColor', type: 'PieceType', direction: 'in' },
  { name: 'SPEPieceColor', type: 'PieceType', direction: 'in' }
]
[INIT PINS]   - delegates: [
  { from: 'outUnitNavLine', to: 'leavePA' },
  { from: 'outUnitNavLine', to: 'turnRight' },
  { from: 'outUnitNavLine', to: 'returnJourney' },
  { from: 'outUnitNavLine', to: 'obstacleDetected' },
  { from: 'outUnitNavLine', to: 'obstacleRemoved' },
  { from: 'outUnitNavPad', to: 'detectGreenPad' },
  { from: 'outUnitNavPad', to: 'detectRedPad' },
  { from: 'outUnitNavPad', to: 'stopAtT' },
  { from: 'outUnitNavPad', to: 'routeToSA' },
  { from: 'outUnitNavPad', to: 'routeToSPD' },
  { from: 'outUnitNavPad', to: 'stopAtSPE' },
  { from: 'outUnitNavPad', to: 'arriveAtTargetStock' },
  { from: 'outUnitPieceColor', to: 'extractPieceT' },
  { from: 'outUnitPieceColor', to: 'extractPieceSPE' },
  { from: 'outSAPieceColor', to: 'insertPieceSA' },
  { from: 'outSPDPieceColor', to: 'insertPieceSPD' },
  { from: 'outUnitPAColor', to: 'arriveAtPA' }
]
[INIT PINS]   - delegates JSON: [{"from":"outUnitNavLine","to":"leavePA"},{"from":"outUnitNavLine","to":"turnRight"},{"from":"outUnitNavLine","to":"returnJourney"},{"from":"outUnitNavLine","to":"obstacleDetected"},{"from":"outUnitNavLine","to":"obstacleRemoved"},{"from":"outUnitNavPad","to":"detectGreenPad"},{"from":"outUnitNavPad","to":"detectRedPad"},{"from":"outUnitNavPad","to":"stopAtT"},{"from":"outUnitNavPad","to":"routeToSA"},{"from":"outUnitNavPad","to":"routeToSPD"},{"from":"outUnitNavPad","to":"stopAtSPE"},{"from":"outUnitNavPad","to":"arriveAtTargetStock"},{"from":"outUnitPieceColor","to":"extractPieceT"},{"from":"outUnitPieceColor","to":"extractPieceSPE"},{"from":"outSAPieceColor","to":"insertPieceSA"},{"from":"outSPDPieceColor","to":"insertPieceSPD"},{"from":"outUnitPAColor","to":"arriveAtPA"}]
[INIT PINS]   - Final portToPinMapping: {
  OpParam: 'OpParam',
  UnitNavPad: 'UnitNavPad',
  UnitPieceColor: 'UnitPieceColor',
  SPEPresence: 'SPEPresence',
  TPresence: 'TPresence',
  TPieceColor: 'TPieceColor',
  SPEPieceColor: 'SPEPieceColor',
  UnitNavLine: 'UnitNavLine',
  SAPieceColor: 'SAPieceColor',
  SPDPieceColor: 'SPDPieceColor',
  UnitPAColor: 'UnitPAColor'
}
[ACTIVITY CONSTRUCTOR] name=UnitEA, component=RobAFISSystemCFD.drive
[ACTIVITY CONSTRUCTOR]   - delegates param: [{"from":"outUnitNavLine","to":"leavePA"},{"from":"outUnitNavLine","to":"turnRight"},{"from":"outUnitNavLine","to":"returnJourney"},{"from":"outUnitNavLine","to":"obstacleDetected"},{"from":"outUnitNavLine","to":"obstacleRemoved"},{"from":"outUnitNavPad","to":"detectGreenPad"},{"from":"outUnitNavPad","to":"detectRedPad"},{"from":"outUnitNavPad","to":"stopAtT"},{"from":"outUnitNavPad","to":"routeToSA"},{"from":"outUnitNavPad","to":"routeToSPD"},{"from":"outUnitNavPad","to":"stopAtSPE"},{"from":"outUnitNavPad","to":"arriveAtTargetStock"},{"from":"outUnitPieceColor","to":"extractPieceT"},{"from":"outUnitPieceColor","to":"extractPieceSPE"},{"from":"outSAPieceColor","to":"insertPieceSA"},{"from":"outSPDPieceColor","to":"insertPieceSPD"},{"from":"outUnitPAColor","to":"arriveAtPA"}]
[ACTIVITY CONSTRUCTOR]   - opts: {"outParameters":[{"name":"UnitNavLine","type":"NavColor","direction":"out"},{"name":"UnitNavPad","type":"NavColor","direction":"out"},{"name":"UnitPieceColor","type":"PieceType","direction":"out"},{"name":"SAPieceColor","type":"PieceType","direction":"out"},{"name":"SPDPieceColor","type":"PieceType","direction":"out"},{"name":"UnitPAColor","type":"NavColor","direction":"out"}],"inParameters":[{"name":"OpParam","type":"MissionParameter","direction":"in"},{"name":"UnitNavPad","type":"NavColor","direction":"in"},{"name":"UnitPieceColor","type":"PieceType","direction":"in"},{"name":"SPEPresence","type":"Boolean","direction":"in"},{"name":"TPresence","type":"Boolean","direction":"in"},{"name":"TPieceColor","type":"PieceType","direction":"in"},{"name":"SPEPieceColor","type":"PieceType","direction":"in"}]}
[ACTIVITY CONSTRUCTOR]   - fullOpts.delegates: [{"from":"outUnitNavLine","to":"leavePA"},{"from":"outUnitNavLine","to":"turnRight"},{"from":"outUnitNavLine","to":"returnJourney"},{"from":"outUnitNavLine","to":"obstacleDetected"},{"from":"outUnitNavLine","to":"obstacleRemoved"},{"from":"outUnitNavPad","to":"detectGreenPad"},{"from":"outUnitNavPad","to":"detectRedPad"},{"from":"outUnitNavPad","to":"stopAtT"},{"from":"outUnitNavPad","to":"routeToSA"},{"from":"outUnitNavPad","to":"routeToSPD"},{"from":"outUnitNavPad","to":"stopAtSPE"},{"from":"outUnitNavPad","to":"arriveAtTargetStock"},{"from":"outUnitPieceColor","to":"extractPieceT"},{"from":"outUnitPieceColor","to":"extractPieceSPE"},{"from":"outSAPieceColor","to":"insertPieceSA"},{"from":"outSPDPieceColor","to":"insertPieceSPD"},{"from":"outUnitPAColor","to":"arriveAtPA"}]
[INIT PINS] Activity: UnitEA
[INIT PINS]   - inParameters: [
  { name: 'OpParam', type: 'MissionParameter', direction: 'in' },
  { name: 'UnitNavPad', type: 'NavColor', direction: 'in' },
  { name: 'UnitPieceColor', type: 'PieceType', direction: 'in' },
  { name: 'SPEPresence', type: 'Boolean', direction: 'in' },
  { name: 'TPresence', type: 'Boolean', direction: 'in' },
  { name: 'TPieceColor', type: 'PieceType', direction: 'in' },
  { name: 'SPEPieceColor', type: 'PieceType', direction: 'in' }
]
[INIT PINS]   - delegates: [
  { from: 'outUnitNavLine', to: 'leavePA' },
  { from: 'outUnitNavLine', to: 'turnRight' },
  { from: 'outUnitNavLine', to: 'returnJourney' },
  { from: 'outUnitNavLine', to: 'obstacleDetected' },
  { from: 'outUnitNavLine', to: 'obstacleRemoved' },
  { from: 'outUnitNavPad', to: 'detectGreenPad' },
  { from: 'outUnitNavPad', to: 'detectRedPad' },
  { from: 'outUnitNavPad', to: 'stopAtT' },
  { from: 'outUnitNavPad', to: 'routeToSA' },
  { from: 'outUnitNavPad', to: 'routeToSPD' },
  { from: 'outUnitNavPad', to: 'stopAtSPE' },
  { from: 'outUnitNavPad', to: 'arriveAtTargetStock' },
  { from: 'outUnitPieceColor', to: 'extractPieceT' },
  { from: 'outUnitPieceColor', to: 'extractPieceSPE' },
  { from: 'outSAPieceColor', to: 'insertPieceSA' },
  { from: 'outSPDPieceColor', to: 'insertPieceSPD' },
  { from: 'outUnitPAColor', to: 'arriveAtPA' }
]
[INIT PINS]   - delegates JSON: [{"from":"outUnitNavLine","to":"leavePA"},{"from":"outUnitNavLine","to":"turnRight"},{"from":"outUnitNavLine","to":"returnJourney"},{"from":"outUnitNavLine","to":"obstacleDetected"},{"from":"outUnitNavLine","to":"obstacleRemoved"},{"from":"outUnitNavPad","to":"detectGreenPad"},{"from":"outUnitNavPad","to":"detectRedPad"},{"from":"outUnitNavPad","to":"stopAtT"},{"from":"outUnitNavPad","to":"routeToSA"},{"from":"outUnitNavPad","to":"routeToSPD"},{"from":"outUnitNavPad","to":"stopAtSPE"},{"from":"outUnitNavPad","to":"arriveAtTargetStock"},{"from":"outUnitPieceColor","to":"extractPieceT"},{"from":"outUnitPieceColor","to":"extractPieceSPE"},{"from":"outSAPieceColor","to":"insertPieceSA"},{"from":"outSPDPieceColor","to":"insertPieceSPD"},{"from":"outUnitPAColor","to":"arriveAtPA"}]
[INIT PINS]   - Final portToPinMapping: {
  OpParam: 'OpParam',
  UnitNavPad: 'UnitNavPad',
  UnitPieceColor: 'UnitPieceColor',
  SPEPresence: 'SPEPresence',
  TPresence: 'TPresence',
  TPieceColor: 'TPieceColor',
  SPEPieceColor: 'SPEPieceColor',
  UnitNavLine: 'UnitNavLine',
  SAPieceColor: 'SAPieceColor',
  SPDPieceColor: 'SPDPieceColor',
  UnitPAColor: 'UnitPAColor'
}
[ACTIVITY CONSTRUCTOR] name=UnitEA, component=RobAFISSystemCFD.grabber
[ACTIVITY CONSTRUCTOR]   - delegates param: [{"from":"outUnitNavLine","to":"leavePA"},{"from":"outUnitNavLine","to":"turnRight"},{"from":"outUnitNavLine","to":"returnJourney"},{"from":"outUnitNavLine","to":"obstacleDetected"},{"from":"outUnitNavLine","to":"obstacleRemoved"},{"from":"outUnitNavPad","to":"detectGreenPad"},{"from":"outUnitNavPad","to":"detectRedPad"},{"from":"outUnitNavPad","to":"stopAtT"},{"from":"outUnitNavPad","to":"routeToSA"},{"from":"outUnitNavPad","to":"routeToSPD"},{"from":"outUnitNavPad","to":"stopAtSPE"},{"from":"outUnitNavPad","to":"arriveAtTargetStock"},{"from":"outUnitPieceColor","to":"extractPieceT"},{"from":"outUnitPieceColor","to":"extractPieceSPE"},{"from":"outSAPieceColor","to":"insertPieceSA"},{"from":"outSPDPieceColor","to":"insertPieceSPD"},{"from":"outUnitPAColor","to":"arriveAtPA"}]
[ACTIVITY CONSTRUCTOR]   - opts: {"outParameters":[{"name":"UnitNavLine","type":"NavColor","direction":"out"},{"name":"UnitNavPad","type":"NavColor","direction":"out"},{"name":"UnitPieceColor","type":"PieceType","direction":"out"},{"name":"SAPieceColor","type":"PieceType","direction":"out"},{"name":"SPDPieceColor","type":"PieceType","direction":"out"},{"name":"UnitPAColor","type":"NavColor","direction":"out"}],"inParameters":[{"name":"OpParam","type":"MissionParameter","direction":"in"},{"name":"UnitNavPad","type":"NavColor","direction":"in"},{"name":"UnitPieceColor","type":"PieceType","direction":"in"},{"name":"SPEPresence","type":"Boolean","direction":"in"},{"name":"TPresence","type":"Boolean","direction":"in"},{"name":"TPieceColor","type":"PieceType","direction":"in"},{"name":"SPEPieceColor","type":"PieceType","direction":"in"}]}
[ACTIVITY CONSTRUCTOR]   - fullOpts.delegates: [{"from":"outUnitNavLine","to":"leavePA"},{"from":"outUnitNavLine","to":"turnRight"},{"from":"outUnitNavLine","to":"returnJourney"},{"from":"outUnitNavLine","to":"obstacleDetected"},{"from":"outUnitNavLine","to":"obstacleRemoved"},{"from":"outUnitNavPad","to":"detectGreenPad"},{"from":"outUnitNavPad","to":"detectRedPad"},{"from":"outUnitNavPad","to":"stopAtT"},{"from":"outUnitNavPad","to":"routeToSA"},{"from":"outUnitNavPad","to":"routeToSPD"},{"from":"outUnitNavPad","to":"stopAtSPE"},{"from":"outUnitNavPad","to":"arriveAtTargetStock"},{"from":"outUnitPieceColor","to":"extractPieceT"},{"from":"outUnitPieceColor","to":"extractPieceSPE"},{"from":"outSAPieceColor","to":"insertPieceSA"},{"from":"outSPDPieceColor","to":"insertPieceSPD"},{"from":"outUnitPAColor","to":"arriveAtPA"}]
[INIT PINS] Activity: UnitEA
[INIT PINS]   - inParameters: [
  { name: 'OpParam', type: 'MissionParameter', direction: 'in' },
  { name: 'UnitNavPad', type: 'NavColor', direction: 'in' },
  { name: 'UnitPieceColor', type: 'PieceType', direction: 'in' },
  { name: 'SPEPresence', type: 'Boolean', direction: 'in' },
  { name: 'TPresence', type: 'Boolean', direction: 'in' },
  { name: 'TPieceColor', type: 'PieceType', direction: 'in' },
  { name: 'SPEPieceColor', type: 'PieceType', direction: 'in' }
]
[INIT PINS]   - delegates: [
  { from: 'outUnitNavLine', to: 'leavePA' },
  { from: 'outUnitNavLine', to: 'turnRight' },
  { from: 'outUnitNavLine', to: 'returnJourney' },
  { from: 'outUnitNavLine', to: 'obstacleDetected' },
  { from: 'outUnitNavLine', to: 'obstacleRemoved' },
  { from: 'outUnitNavPad', to: 'detectGreenPad' },
  { from: 'outUnitNavPad', to: 'detectRedPad' },
  { from: 'outUnitNavPad', to: 'stopAtT' },
  { from: 'outUnitNavPad', to: 'routeToSA' },
  { from: 'outUnitNavPad', to: 'routeToSPD' },
  { from: 'outUnitNavPad', to: 'stopAtSPE' },
  { from: 'outUnitNavPad', to: 'arriveAtTargetStock' },
  { from: 'outUnitPieceColor', to: 'extractPieceT' },
  { from: 'outUnitPieceColor', to: 'extractPieceSPE' },
  { from: 'outSAPieceColor', to: 'insertPieceSA' },
  { from: 'outSPDPieceColor', to: 'insertPieceSPD' },
  { from: 'outUnitPAColor', to: 'arriveAtPA' }
]
[INIT PINS]   - delegates JSON: [{"from":"outUnitNavLine","to":"leavePA"},{"from":"outUnitNavLine","to":"turnRight"},{"from":"outUnitNavLine","to":"returnJourney"},{"from":"outUnitNavLine","to":"obstacleDetected"},{"from":"outUnitNavLine","to":"obstacleRemoved"},{"from":"outUnitNavPad","to":"detectGreenPad"},{"from":"outUnitNavPad","to":"detectRedPad"},{"from":"outUnitNavPad","to":"stopAtT"},{"from":"outUnitNavPad","to":"routeToSA"},{"from":"outUnitNavPad","to":"routeToSPD"},{"from":"outUnitNavPad","to":"stopAtSPE"},{"from":"outUnitNavPad","to":"arriveAtTargetStock"},{"from":"outUnitPieceColor","to":"extractPieceT"},{"from":"outUnitPieceColor","to":"extractPieceSPE"},{"from":"outSAPieceColor","to":"insertPieceSA"},{"from":"outSPDPieceColor","to":"insertPieceSPD"},{"from":"outUnitPAColor","to":"arriveAtPA"}]
[INIT PINS]   - Final portToPinMapping: {
  OpParam: 'OpParam',
  UnitNavPad: 'UnitNavPad',
  UnitPieceColor: 'UnitPieceColor',
  SPEPresence: 'SPEPresence',
  TPresence: 'TPresence',
  TPieceColor: 'TPieceColor',
  SPEPieceColor: 'SPEPieceColor',
  UnitNavLine: 'UnitNavLine',
  SAPieceColor: 'SAPieceColor',
  SPDPieceColor: 'SPDPieceColor',
  UnitPAColor: 'UnitPAColor'
}
[ACTIVITY CONSTRUCTOR] name=UnitEA, component=RobAFISSystemCFD.controller
[ACTIVITY CONSTRUCTOR]   - delegates param: [{"from":"outUnitNavLine","to":"leavePA"},{"from":"outUnitNavLine","to":"turnRight"},{"from":"outUnitNavLine","to":"returnJourney"},{"from":"outUnitNavLine","to":"obstacleDetected"},{"from":"outUnitNavLine","to":"obstacleRemoved"},{"from":"outUnitNavPad","to":"detectGreenPad"},{"from":"outUnitNavPad","to":"detectRedPad"},{"from":"outUnitNavPad","to":"stopAtT"},{"from":"outUnitNavPad","to":"routeToSA"},{"from":"outUnitNavPad","to":"routeToSPD"},{"from":"outUnitNavPad","to":"stopAtSPE"},{"from":"outUnitNavPad","to":"arriveAtTargetStock"},{"from":"outUnitPieceColor","to":"extractPieceT"},{"from":"outUnitPieceColor","to":"extractPieceSPE"},{"from":"outSAPieceColor","to":"insertPieceSA"},{"from":"outSPDPieceColor","to":"insertPieceSPD"},{"from":"outUnitPAColor","to":"arriveAtPA"}]
[ACTIVITY CONSTRUCTOR]   - opts: {"outParameters":[{"name":"UnitNavLine","type":"NavColor","direction":"out"},{"name":"UnitNavPad","type":"NavColor","direction":"out"},{"name":"UnitPieceColor","type":"PieceType","direction":"out"},{"name":"SAPieceColor","type":"PieceType","direction":"out"},{"name":"SPDPieceColor","type":"PieceType","direction":"out"},{"name":"UnitPAColor","type":"NavColor","direction":"out"}],"inParameters":[{"name":"OpParam","type":"MissionParameter","direction":"in"},{"name":"UnitNavPad","type":"NavColor","direction":"in"},{"name":"UnitPieceColor","type":"PieceType","direction":"in"},{"name":"SPEPresence","type":"Boolean","direction":"in"},{"name":"TPresence","type":"Boolean","direction":"in"},{"name":"TPieceColor","type":"PieceType","direction":"in"},{"name":"SPEPieceColor","type":"PieceType","direction":"in"}]}
[ACTIVITY CONSTRUCTOR]   - fullOpts.delegates: [{"from":"outUnitNavLine","to":"leavePA"},{"from":"outUnitNavLine","to":"turnRight"},{"from":"outUnitNavLine","to":"returnJourney"},{"from":"outUnitNavLine","to":"obstacleDetected"},{"from":"outUnitNavLine","to":"obstacleRemoved"},{"from":"outUnitNavPad","to":"detectGreenPad"},{"from":"outUnitNavPad","to":"detectRedPad"},{"from":"outUnitNavPad","to":"stopAtT"},{"from":"outUnitNavPad","to":"routeToSA"},{"from":"outUnitNavPad","to":"routeToSPD"},{"from":"outUnitNavPad","to":"stopAtSPE"},{"from":"outUnitNavPad","to":"arriveAtTargetStock"},{"from":"outUnitPieceColor","to":"extractPieceT"},{"from":"outUnitPieceColor","to":"extractPieceSPE"},{"from":"outSAPieceColor","to":"insertPieceSA"},{"from":"outSPDPieceColor","to":"insertPieceSPD"},{"from":"outUnitPAColor","to":"arriveAtPA"}]
[INIT PINS] Activity: UnitEA
[INIT PINS]   - inParameters: [
  { name: 'OpParam', type: 'MissionParameter', direction: 'in' },
  { name: 'UnitNavPad', type: 'NavColor', direction: 'in' },
  { name: 'UnitPieceColor', type: 'PieceType', direction: 'in' },
  { name: 'SPEPresence', type: 'Boolean', direction: 'in' },
  { name: 'TPresence', type: 'Boolean', direction: 'in' },
  { name: 'TPieceColor', type: 'PieceType', direction: 'in' },
  { name: 'SPEPieceColor', type: 'PieceType', direction: 'in' }
]
[INIT PINS]   - delegates: [
  { from: 'outUnitNavLine', to: 'leavePA' },
  { from: 'outUnitNavLine', to: 'turnRight' },
  { from: 'outUnitNavLine', to: 'returnJourney' },
  { from: 'outUnitNavLine', to: 'obstacleDetected' },
  { from: 'outUnitNavLine', to: 'obstacleRemoved' },
  { from: 'outUnitNavPad', to: 'detectGreenPad' },
  { from: 'outUnitNavPad', to: 'detectRedPad' },
  { from: 'outUnitNavPad', to: 'stopAtT' },
  { from: 'outUnitNavPad', to: 'routeToSA' },
  { from: 'outUnitNavPad', to: 'routeToSPD' },
  { from: 'outUnitNavPad', to: 'stopAtSPE' },
  { from: 'outUnitNavPad', to: 'arriveAtTargetStock' },
  { from: 'outUnitPieceColor', to: 'extractPieceT' },
  { from: 'outUnitPieceColor', to: 'extractPieceSPE' },
  { from: 'outSAPieceColor', to: 'insertPieceSA' },
  { from: 'outSPDPieceColor', to: 'insertPieceSPD' },
  { from: 'outUnitPAColor', to: 'arriveAtPA' }
]
[INIT PINS]   - delegates JSON: [{"from":"outUnitNavLine","to":"leavePA"},{"from":"outUnitNavLine","to":"turnRight"},{"from":"outUnitNavLine","to":"returnJourney"},{"from":"outUnitNavLine","to":"obstacleDetected"},{"from":"outUnitNavLine","to":"obstacleRemoved"},{"from":"outUnitNavPad","to":"detectGreenPad"},{"from":"outUnitNavPad","to":"detectRedPad"},{"from":"outUnitNavPad","to":"stopAtT"},{"from":"outUnitNavPad","to":"routeToSA"},{"from":"outUnitNavPad","to":"routeToSPD"},{"from":"outUnitNavPad","to":"stopAtSPE"},{"from":"outUnitNavPad","to":"arriveAtTargetStock"},{"from":"outUnitPieceColor","to":"extractPieceT"},{"from":"outUnitPieceColor","to":"extractPieceSPE"},{"from":"outSAPieceColor","to":"insertPieceSA"},{"from":"outSPDPieceColor","to":"insertPieceSPD"},{"from":"outUnitPAColor","to":"arriveAtPA"}]
[INIT PINS]   - Final portToPinMapping: {
  OpParam: 'OpParam',
  UnitNavPad: 'UnitNavPad',
  UnitPieceColor: 'UnitPieceColor',
  SPEPresence: 'SPEPresence',
  TPresence: 'TPresence',
  TPieceColor: 'TPieceColor',
  SPEPieceColor: 'SPEPieceColor',
  UnitNavLine: 'UnitNavLine',
  SAPieceColor: 'SAPieceColor',
  SPDPieceColor: 'SPDPieceColor',
  UnitPAColor: 'UnitPAColor'
}
[MODEL] initializeAllConnectors() called
[MODEL]   - _moduleContext available: true
[MODEL]   - _moduleContext keys: [
  'PT_SysADL_Ports_ParameterIPT',
  'PT_SysADL_Ports_ParameterOPT',
  'PT_SysADL_Ports_PieceTypeIPT',
  'PT_SysADL_Ports_PieceTypeOPT',
  'PT_SysADL_Ports_PresenceIPT',
  'PT_SysADL_Ports_PresenceOPT',
  'PT_SysADL_Ports_CommandIPT',
  'PT_SysADL_Ports_CommandOPT',
  'PT_SysADL_Ports_DirectionIPT',
  'PT_SysADL_Ports_DirectionOPT'
]
[MODEL]   - Checking component: RobAFISSystemCFD
[MODEL]     - Initializing connector: pConn
[CONNECTOR setModel] pConn: model=SysADLModel, _needsInitialization=true
[CONNECTOR setModel]   - participantSchema keys: [ 'parameterOPT', 'parameterIPT' ]
[CONNECTOR setModel]   - _moduleContext set with keys: [
  'PT_SysADL_Ports_ParameterIPT',
  'PT_SysADL_Ports_ParameterOPT',
  'PT_SysADL_Ports_PieceTypeIPT',
  'PT_SysADL_Ports_PieceTypeOPT',
  'PT_SysADL_Ports_PresenceIPT'
]
[CONNECTOR setModel]   - Calling initializeInternalParticipants()
Initializing participant parameterOPT with portClass PT_SysADL_Ports_ParameterOPT
Resolving port class: PT_SysADL_Ports_ParameterOPT
Module context available: true
Module context keys: [
  'PT_SysADL_Ports_ParameterIPT',
  'PT_SysADL_Ports_ParameterOPT',
  'PT_SysADL_Ports_PieceTypeIPT',
  'PT_SysADL_Ports_PieceTypeOPT',
  'PT_SysADL_Ports_PresenceIPT',
  'PT_SysADL_Ports_PresenceOPT',
  'PT_SysADL_Ports_CommandIPT',
  'PT_SysADL_Ports_CommandOPT',
  'PT_SysADL_Ports_DirectionIPT',
  'PT_SysADL_Ports_DirectionOPT',
  'PT_EnvPortsRobAFIS_OutPieceColor',
  'PT_EnvPortsRobAFIS_InPieceColor',
  'PT_EnvPortsRobAFIS_OutNavColor',
  'PT_EnvPortsRobAFIS_InNavColor',
  'PT_EnvPortsRobAFIS_OutPresence',
  'PT_EnvPortsRobAFIS_InPresence',
  'PT_EnvPortsRobAFIS_OutParameter',
  'PT_EnvPortsRobAFIS_InParameter',
  'PT_EnvPortsRobAFIS_OutMotorCommand',
  'PT_EnvPortsRobAFIS_InMotorCommand',
  'CN_SysADL_Connectors_ParameterCN',
  'CN_SysADL_Connectors_PieceTypeCN',
  'CN_SysADL_Connectors_PresenceCN',
  'CN_SysADL_Connectors_CommandCN',
  'CN_SysADL_Connectors_DirectionCN',
  'CN_EnvConnectorsRobAFIS_DetectPieceColorEnvCN',
  'CN_EnvConnectorsRobAFIS_DetectParameterEnvCN',
  'CN_EnvConnectorsRobAFIS_ReadParameterEnvCN',
  'CN_EnvConnectorsRobAFIS_ReadPieceColorEnvCN',
  'CN_EnvConnectorsRobAFIS_ReadPresenceEnvCN',
  'CN_EnvConnectorsRobAFIS_SendMotorCommandEnvCN',
  'CN_EnvConnectorsRobAFIS_SendEnvironmentalDirectionEnvCN',
  'CN_EnvConnectorsRobAFIS_SendPieceColorEnvCN',
  'CT_SysADL_Behavior_DecideCommandEQ',
  'CT_SysADL_Behavior_ExtractDirEQ',
  'CT_SysADL_Behavior_ExtractGrabEQ',
  'EX_SysADL_Execution_DecideCommandEX',
  'EX_SysADL_Execution_ExtractDirEX',
  'EX_SysADL_Execution_ExtractGrabEX',
  'EX_SysADL_Boundary_Execution_TranslateDirectionToColorEX',
  'EX_SysADL_Boundary_Execution_PassParameterEX',
  'EX_ScenariosRobAFIS_Execution_PassPieceTypeEX',
  'EX_SysADL_Boundary_Execution_PassPresenceEX',
  'EX_ScenariosRobAFIS_Execution_PassMotorCommandEX',
  'EX_ScenariosRobAFIS_Execution_PassMissionParameterEX',
  'EX_ScenariosRobAFIS_Execution_PassNavColorEX',
  'EN_PieceType',
  'EN_MissionParameter',
  'EN_MotorCommand',
  'EN_Direction',
  'EN_NavColor',
  'DT_RobotCommands'
]
Found in module context: [class PT_SysADL_Ports_ParameterOPT extends SimplePort]
Final result for PT_SysADL_Ports_ParameterOPT: [class PT_SysADL_Ports_ParameterOPT extends SimplePort]
Resolved simple port class: [class PT_SysADL_Ports_ParameterOPT extends SimplePort]
PortClass type: function
PortClass constructor: [Function: Function]
Initializing participant parameterIPT with portClass PT_SysADL_Ports_ParameterIPT
Resolving port class: PT_SysADL_Ports_ParameterIPT
Module context available: true
Module context keys: [
  'PT_SysADL_Ports_ParameterIPT',
  'PT_SysADL_Ports_ParameterOPT',
  'PT_SysADL_Ports_PieceTypeIPT',
  'PT_SysADL_Ports_PieceTypeOPT',
  'PT_SysADL_Ports_PresenceIPT',
  'PT_SysADL_Ports_PresenceOPT',
  'PT_SysADL_Ports_CommandIPT',
  'PT_SysADL_Ports_CommandOPT',
  'PT_SysADL_Ports_DirectionIPT',
  'PT_SysADL_Ports_DirectionOPT',
  'PT_EnvPortsRobAFIS_OutPieceColor',
  'PT_EnvPortsRobAFIS_InPieceColor',
  'PT_EnvPortsRobAFIS_OutNavColor',
  'PT_EnvPortsRobAFIS_InNavColor',
  'PT_EnvPortsRobAFIS_OutPresence',
  'PT_EnvPortsRobAFIS_InPresence',
  'PT_EnvPortsRobAFIS_OutParameter',
  'PT_EnvPortsRobAFIS_InParameter',
  'PT_EnvPortsRobAFIS_OutMotorCommand',
  'PT_EnvPortsRobAFIS_InMotorCommand',
  'CN_SysADL_Connectors_ParameterCN',
  'CN_SysADL_Connectors_PieceTypeCN',
  'CN_SysADL_Connectors_PresenceCN',
  'CN_SysADL_Connectors_CommandCN',
  'CN_SysADL_Connectors_DirectionCN',
  'CN_EnvConnectorsRobAFIS_DetectPieceColorEnvCN',
  'CN_EnvConnectorsRobAFIS_DetectParameterEnvCN',
  'CN_EnvConnectorsRobAFIS_ReadParameterEnvCN',
  'CN_EnvConnectorsRobAFIS_ReadPieceColorEnvCN',
  'CN_EnvConnectorsRobAFIS_ReadPresenceEnvCN',
  'CN_EnvConnectorsRobAFIS_SendMotorCommandEnvCN',
  'CN_EnvConnectorsRobAFIS_SendEnvironmentalDirectionEnvCN',
  'CN_EnvConnectorsRobAFIS_SendPieceColorEnvCN',
  'CT_SysADL_Behavior_DecideCommandEQ',
  'CT_SysADL_Behavior_ExtractDirEQ',
  'CT_SysADL_Behavior_ExtractGrabEQ',
  'EX_SysADL_Execution_DecideCommandEX',
  'EX_SysADL_Execution_ExtractDirEX',
  'EX_SysADL_Execution_ExtractGrabEX',
  'EX_SysADL_Boundary_Execution_TranslateDirectionToColorEX',
  'EX_SysADL_Boundary_Execution_PassParameterEX',
  'EX_ScenariosRobAFIS_Execution_PassPieceTypeEX',
  'EX_SysADL_Boundary_Execution_PassPresenceEX',
  'EX_ScenariosRobAFIS_Execution_PassMotorCommandEX',
  'EX_ScenariosRobAFIS_Execution_PassMissionParameterEX',
  'EX_ScenariosRobAFIS_Execution_PassNavColorEX',
  'EN_PieceType',
  'EN_MissionParameter',
  'EN_MotorCommand',
  'EN_Direction',
  'EN_NavColor',
  'DT_RobotCommands'
]
Found in module context: [class PT_SysADL_Ports_ParameterIPT extends SimplePort]
Final result for PT_SysADL_Ports_ParameterIPT: [class PT_SysADL_Ports_ParameterIPT extends SimplePort]
Resolved simple port class: [class PT_SysADL_Ports_ParameterIPT extends SimplePort]
PortClass type: function
PortClass constructor: [Function: Function]
[BIND TO] pConn.parameterOPT bindTo -> bindingType=Object, hasReceive=true
[MODEL]     - Initializing connector: colorConn
[CONNECTOR setModel] colorConn: model=SysADLModel, _needsInitialization=true
[CONNECTOR setModel]   - participantSchema keys: [ 'pieceTypeOPT', 'pieceTypeIPT' ]
[CONNECTOR setModel]   - _moduleContext set with keys: [
  'PT_SysADL_Ports_ParameterIPT',
  'PT_SysADL_Ports_ParameterOPT',
  'PT_SysADL_Ports_PieceTypeIPT',
  'PT_SysADL_Ports_PieceTypeOPT',
  'PT_SysADL_Ports_PresenceIPT'
]
[CONNECTOR setModel]   - Calling initializeInternalParticipants()
Initializing participant pieceTypeOPT with portClass PT_SysADL_Ports_PieceTypeOPT
Resolving port class: PT_SysADL_Ports_PieceTypeOPT
Module context available: true
Module context keys: [
  'PT_SysADL_Ports_ParameterIPT',
  'PT_SysADL_Ports_ParameterOPT',
  'PT_SysADL_Ports_PieceTypeIPT',
  'PT_SysADL_Ports_PieceTypeOPT',
  'PT_SysADL_Ports_PresenceIPT',
  'PT_SysADL_Ports_PresenceOPT',
  'PT_SysADL_Ports_CommandIPT',
  'PT_SysADL_Ports_CommandOPT',
  'PT_SysADL_Ports_DirectionIPT',
  'PT_SysADL_Ports_DirectionOPT',
  'PT_EnvPortsRobAFIS_OutPieceColor',
  'PT_EnvPortsRobAFIS_InPieceColor',
  'PT_EnvPortsRobAFIS_OutNavColor',
  'PT_EnvPortsRobAFIS_InNavColor',
  'PT_EnvPortsRobAFIS_OutPresence',
  'PT_EnvPortsRobAFIS_InPresence',
  'PT_EnvPortsRobAFIS_OutParameter',
  'PT_EnvPortsRobAFIS_InParameter',
  'PT_EnvPortsRobAFIS_OutMotorCommand',
  'PT_EnvPortsRobAFIS_InMotorCommand',
  'CN_SysADL_Connectors_ParameterCN',
  'CN_SysADL_Connectors_PieceTypeCN',
  'CN_SysADL_Connectors_PresenceCN',
  'CN_SysADL_Connectors_CommandCN',
  'CN_SysADL_Connectors_DirectionCN',
  'CN_EnvConnectorsRobAFIS_DetectPieceColorEnvCN',
  'CN_EnvConnectorsRobAFIS_DetectParameterEnvCN',
  'CN_EnvConnectorsRobAFIS_ReadParameterEnvCN',
  'CN_EnvConnectorsRobAFIS_ReadPieceColorEnvCN',
  'CN_EnvConnectorsRobAFIS_ReadPresenceEnvCN',
  'CN_EnvConnectorsRobAFIS_SendMotorCommandEnvCN',
  'CN_EnvConnectorsRobAFIS_SendEnvironmentalDirectionEnvCN',
  'CN_EnvConnectorsRobAFIS_SendPieceColorEnvCN',
  'CT_SysADL_Behavior_DecideCommandEQ',
  'CT_SysADL_Behavior_ExtractDirEQ',
  'CT_SysADL_Behavior_ExtractGrabEQ',
  'EX_SysADL_Execution_DecideCommandEX',
  'EX_SysADL_Execution_ExtractDirEX',
  'EX_SysADL_Execution_ExtractGrabEX',
  'EX_SysADL_Boundary_Execution_TranslateDirectionToColorEX',
  'EX_SysADL_Boundary_Execution_PassParameterEX',
  'EX_ScenariosRobAFIS_Execution_PassPieceTypeEX',
  'EX_SysADL_Boundary_Execution_PassPresenceEX',
  'EX_ScenariosRobAFIS_Execution_PassMotorCommandEX',
  'EX_ScenariosRobAFIS_Execution_PassMissionParameterEX',
  'EX_ScenariosRobAFIS_Execution_PassNavColorEX',
  'EN_PieceType',
  'EN_MissionParameter',
  'EN_MotorCommand',
  'EN_Direction',
  'EN_NavColor',
  'DT_RobotCommands'
]
Found in module context: [class PT_SysADL_Ports_PieceTypeOPT extends SimplePort]
Final result for PT_SysADL_Ports_PieceTypeOPT: [class PT_SysADL_Ports_PieceTypeOPT extends SimplePort]
Resolved simple port class: [class PT_SysADL_Ports_PieceTypeOPT extends SimplePort]
PortClass type: function
PortClass constructor: [Function: Function]
Initializing participant pieceTypeIPT with portClass PT_SysADL_Ports_PieceTypeIPT
Resolving port class: PT_SysADL_Ports_PieceTypeIPT
Module context available: true
Module context keys: [
  'PT_SysADL_Ports_ParameterIPT',
  'PT_SysADL_Ports_ParameterOPT',
  'PT_SysADL_Ports_PieceTypeIPT',
  'PT_SysADL_Ports_PieceTypeOPT',
  'PT_SysADL_Ports_PresenceIPT',
  'PT_SysADL_Ports_PresenceOPT',
  'PT_SysADL_Ports_CommandIPT',
  'PT_SysADL_Ports_CommandOPT',
  'PT_SysADL_Ports_DirectionIPT',
  'PT_SysADL_Ports_DirectionOPT',
  'PT_EnvPortsRobAFIS_OutPieceColor',
  'PT_EnvPortsRobAFIS_InPieceColor',
  'PT_EnvPortsRobAFIS_OutNavColor',
  'PT_EnvPortsRobAFIS_InNavColor',
  'PT_EnvPortsRobAFIS_OutPresence',
  'PT_EnvPortsRobAFIS_InPresence',
  'PT_EnvPortsRobAFIS_OutParameter',
  'PT_EnvPortsRobAFIS_InParameter',
  'PT_EnvPortsRobAFIS_OutMotorCommand',
  'PT_EnvPortsRobAFIS_InMotorCommand',
  'CN_SysADL_Connectors_ParameterCN',
  'CN_SysADL_Connectors_PieceTypeCN',
  'CN_SysADL_Connectors_PresenceCN',
  'CN_SysADL_Connectors_CommandCN',
  'CN_SysADL_Connectors_DirectionCN',
  'CN_EnvConnectorsRobAFIS_DetectPieceColorEnvCN',
  'CN_EnvConnectorsRobAFIS_DetectParameterEnvCN',
  'CN_EnvConnectorsRobAFIS_ReadParameterEnvCN',
  'CN_EnvConnectorsRobAFIS_ReadPieceColorEnvCN',
  'CN_EnvConnectorsRobAFIS_ReadPresenceEnvCN',
  'CN_EnvConnectorsRobAFIS_SendMotorCommandEnvCN',
  'CN_EnvConnectorsRobAFIS_SendEnvironmentalDirectionEnvCN',
  'CN_EnvConnectorsRobAFIS_SendPieceColorEnvCN',
  'CT_SysADL_Behavior_DecideCommandEQ',
  'CT_SysADL_Behavior_ExtractDirEQ',
  'CT_SysADL_Behavior_ExtractGrabEQ',
  'EX_SysADL_Execution_DecideCommandEX',
  'EX_SysADL_Execution_ExtractDirEX',
  'EX_SysADL_Execution_ExtractGrabEX',
  'EX_SysADL_Boundary_Execution_TranslateDirectionToColorEX',
  'EX_SysADL_Boundary_Execution_PassParameterEX',
  'EX_ScenariosRobAFIS_Execution_PassPieceTypeEX',
  'EX_SysADL_Boundary_Execution_PassPresenceEX',
  'EX_ScenariosRobAFIS_Execution_PassMotorCommandEX',
  'EX_ScenariosRobAFIS_Execution_PassMissionParameterEX',
  'EX_ScenariosRobAFIS_Execution_PassNavColorEX',
  'EN_PieceType',
  'EN_MissionParameter',
  'EN_MotorCommand',
  'EN_Direction',
  'EN_NavColor',
  'DT_RobotCommands'
]
Found in module context: [class PT_SysADL_Ports_PieceTypeIPT extends SimplePort]
Final result for PT_SysADL_Ports_PieceTypeIPT: [class PT_SysADL_Ports_PieceTypeIPT extends SimplePort]
Resolved simple port class: [class PT_SysADL_Ports_PieceTypeIPT extends SimplePort]
PortClass type: function
PortClass constructor: [Function: Function]
[BIND TO] colorConn.pieceTypeOPT bindTo -> bindingType=Object, hasReceive=true
[MODEL]     - Initializing connector: speConn
[CONNECTOR setModel] speConn: model=SysADLModel, _needsInitialization=true
[CONNECTOR setModel]   - participantSchema keys: [ 'presenceOPT', 'presenceIPT' ]
[CONNECTOR setModel]   - _moduleContext set with keys: [
  'PT_SysADL_Ports_ParameterIPT',
  'PT_SysADL_Ports_ParameterOPT',
  'PT_SysADL_Ports_PieceTypeIPT',
  'PT_SysADL_Ports_PieceTypeOPT',
  'PT_SysADL_Ports_PresenceIPT'
]
[CONNECTOR setModel]   - Calling initializeInternalParticipants()
Initializing participant presenceOPT with portClass PT_SysADL_Ports_PresenceOPT
Resolving port class: PT_SysADL_Ports_PresenceOPT
Module context available: true
Module context keys: [
  'PT_SysADL_Ports_ParameterIPT',
  'PT_SysADL_Ports_ParameterOPT',
  'PT_SysADL_Ports_PieceTypeIPT',
  'PT_SysADL_Ports_PieceTypeOPT',
  'PT_SysADL_Ports_PresenceIPT',
  'PT_SysADL_Ports_PresenceOPT',
  'PT_SysADL_Ports_CommandIPT',
  'PT_SysADL_Ports_CommandOPT',
  'PT_SysADL_Ports_DirectionIPT',
  'PT_SysADL_Ports_DirectionOPT',
  'PT_EnvPortsRobAFIS_OutPieceColor',
  'PT_EnvPortsRobAFIS_InPieceColor',
  'PT_EnvPortsRobAFIS_OutNavColor',
  'PT_EnvPortsRobAFIS_InNavColor',
  'PT_EnvPortsRobAFIS_OutPresence',
  'PT_EnvPortsRobAFIS_InPresence',
  'PT_EnvPortsRobAFIS_OutParameter',
  'PT_EnvPortsRobAFIS_InParameter',
  'PT_EnvPortsRobAFIS_OutMotorCommand',
  'PT_EnvPortsRobAFIS_InMotorCommand',
  'CN_SysADL_Connectors_ParameterCN',
  'CN_SysADL_Connectors_PieceTypeCN',
  'CN_SysADL_Connectors_PresenceCN',
  'CN_SysADL_Connectors_CommandCN',
  'CN_SysADL_Connectors_DirectionCN',
  'CN_EnvConnectorsRobAFIS_DetectPieceColorEnvCN',
  'CN_EnvConnectorsRobAFIS_DetectParameterEnvCN',
  'CN_EnvConnectorsRobAFIS_ReadParameterEnvCN',
  'CN_EnvConnectorsRobAFIS_ReadPieceColorEnvCN',
  'CN_EnvConnectorsRobAFIS_ReadPresenceEnvCN',
  'CN_EnvConnectorsRobAFIS_SendMotorCommandEnvCN',
  'CN_EnvConnectorsRobAFIS_SendEnvironmentalDirectionEnvCN',
  'CN_EnvConnectorsRobAFIS_SendPieceColorEnvCN',
  'CT_SysADL_Behavior_DecideCommandEQ',
  'CT_SysADL_Behavior_ExtractDirEQ',
  'CT_SysADL_Behavior_ExtractGrabEQ',
  'EX_SysADL_Execution_DecideCommandEX',
  'EX_SysADL_Execution_ExtractDirEX',
  'EX_SysADL_Execution_ExtractGrabEX',
  'EX_SysADL_Boundary_Execution_TranslateDirectionToColorEX',
  'EX_SysADL_Boundary_Execution_PassParameterEX',
  'EX_ScenariosRobAFIS_Execution_PassPieceTypeEX',
  'EX_SysADL_Boundary_Execution_PassPresenceEX',
  'EX_ScenariosRobAFIS_Execution_PassMotorCommandEX',
  'EX_ScenariosRobAFIS_Execution_PassMissionParameterEX',
  'EX_ScenariosRobAFIS_Execution_PassNavColorEX',
  'EN_PieceType',
  'EN_MissionParameter',
  'EN_MotorCommand',
  'EN_Direction',
  'EN_NavColor',
  'DT_RobotCommands'
]
Found in module context: [class PT_SysADL_Ports_PresenceOPT extends SimplePort]
Final result for PT_SysADL_Ports_PresenceOPT: [class PT_SysADL_Ports_PresenceOPT extends SimplePort]
Resolved simple port class: [class PT_SysADL_Ports_PresenceOPT extends SimplePort]
PortClass type: function
PortClass constructor: [Function: Function]
Initializing participant presenceIPT with portClass PT_SysADL_Ports_PresenceIPT
Resolving port class: PT_SysADL_Ports_PresenceIPT
Module context available: true
Module context keys: [
  'PT_SysADL_Ports_ParameterIPT',
  'PT_SysADL_Ports_ParameterOPT',
  'PT_SysADL_Ports_PieceTypeIPT',
  'PT_SysADL_Ports_PieceTypeOPT',
  'PT_SysADL_Ports_PresenceIPT',
  'PT_SysADL_Ports_PresenceOPT',
  'PT_SysADL_Ports_CommandIPT',
  'PT_SysADL_Ports_CommandOPT',
  'PT_SysADL_Ports_DirectionIPT',
  'PT_SysADL_Ports_DirectionOPT',
  'PT_EnvPortsRobAFIS_OutPieceColor',
  'PT_EnvPortsRobAFIS_InPieceColor',
  'PT_EnvPortsRobAFIS_OutNavColor',
  'PT_EnvPortsRobAFIS_InNavColor',
  'PT_EnvPortsRobAFIS_OutPresence',
  'PT_EnvPortsRobAFIS_InPresence',
  'PT_EnvPortsRobAFIS_OutParameter',
  'PT_EnvPortsRobAFIS_InParameter',
  'PT_EnvPortsRobAFIS_OutMotorCommand',
  'PT_EnvPortsRobAFIS_InMotorCommand',
  'CN_SysADL_Connectors_ParameterCN',
  'CN_SysADL_Connectors_PieceTypeCN',
  'CN_SysADL_Connectors_PresenceCN',
  'CN_SysADL_Connectors_CommandCN',
  'CN_SysADL_Connectors_DirectionCN',
  'CN_EnvConnectorsRobAFIS_DetectPieceColorEnvCN',
  'CN_EnvConnectorsRobAFIS_DetectParameterEnvCN',
  'CN_EnvConnectorsRobAFIS_ReadParameterEnvCN',
  'CN_EnvConnectorsRobAFIS_ReadPieceColorEnvCN',
  'CN_EnvConnectorsRobAFIS_ReadPresenceEnvCN',
  'CN_EnvConnectorsRobAFIS_SendMotorCommandEnvCN',
  'CN_EnvConnectorsRobAFIS_SendEnvironmentalDirectionEnvCN',
  'CN_EnvConnectorsRobAFIS_SendPieceColorEnvCN',
  'CT_SysADL_Behavior_DecideCommandEQ',
  'CT_SysADL_Behavior_ExtractDirEQ',
  'CT_SysADL_Behavior_ExtractGrabEQ',
  'EX_SysADL_Execution_DecideCommandEX',
  'EX_SysADL_Execution_ExtractDirEX',
  'EX_SysADL_Execution_ExtractGrabEX',
  'EX_SysADL_Boundary_Execution_TranslateDirectionToColorEX',
  'EX_SysADL_Boundary_Execution_PassParameterEX',
  'EX_ScenariosRobAFIS_Execution_PassPieceTypeEX',
  'EX_SysADL_Boundary_Execution_PassPresenceEX',
  'EX_ScenariosRobAFIS_Execution_PassMotorCommandEX',
  'EX_ScenariosRobAFIS_Execution_PassMissionParameterEX',
  'EX_ScenariosRobAFIS_Execution_PassNavColorEX',
  'EN_PieceType',
  'EN_MissionParameter',
  'EN_MotorCommand',
  'EN_Direction',
  'EN_NavColor',
  'DT_RobotCommands'
]
Found in module context: [class PT_SysADL_Ports_PresenceIPT extends SimplePort]
Final result for PT_SysADL_Ports_PresenceIPT: [class PT_SysADL_Ports_PresenceIPT extends SimplePort]
Resolved simple port class: [class PT_SysADL_Ports_PresenceIPT extends SimplePort]
PortClass type: function
PortClass constructor: [Function: Function]
[BIND TO] speConn.presenceOPT bindTo -> bindingType=Object, hasReceive=true
[MODEL]     - Initializing connector: tConn
[CONNECTOR setModel] tConn: model=SysADLModel, _needsInitialization=true
[CONNECTOR setModel]   - participantSchema keys: [ 'presenceOPT', 'presenceIPT' ]
[CONNECTOR setModel]   - _moduleContext set with keys: [
  'PT_SysADL_Ports_ParameterIPT',
  'PT_SysADL_Ports_ParameterOPT',
  'PT_SysADL_Ports_PieceTypeIPT',
  'PT_SysADL_Ports_PieceTypeOPT',
  'PT_SysADL_Ports_PresenceIPT'
]
[CONNECTOR setModel]   - Calling initializeInternalParticipants()
Initializing participant presenceOPT with portClass PT_SysADL_Ports_PresenceOPT
Resolving port class: PT_SysADL_Ports_PresenceOPT
Module context available: true
Module context keys: [
  'PT_SysADL_Ports_ParameterIPT',
  'PT_SysADL_Ports_ParameterOPT',
  'PT_SysADL_Ports_PieceTypeIPT',
  'PT_SysADL_Ports_PieceTypeOPT',
  'PT_SysADL_Ports_PresenceIPT',
  'PT_SysADL_Ports_PresenceOPT',
  'PT_SysADL_Ports_CommandIPT',
  'PT_SysADL_Ports_CommandOPT',
  'PT_SysADL_Ports_DirectionIPT',
  'PT_SysADL_Ports_DirectionOPT',
  'PT_EnvPortsRobAFIS_OutPieceColor',
  'PT_EnvPortsRobAFIS_InPieceColor',
  'PT_EnvPortsRobAFIS_OutNavColor',
  'PT_EnvPortsRobAFIS_InNavColor',
  'PT_EnvPortsRobAFIS_OutPresence',
  'PT_EnvPortsRobAFIS_InPresence',
  'PT_EnvPortsRobAFIS_OutParameter',
  'PT_EnvPortsRobAFIS_InParameter',
  'PT_EnvPortsRobAFIS_OutMotorCommand',
  'PT_EnvPortsRobAFIS_InMotorCommand',
  'CN_SysADL_Connectors_ParameterCN',
  'CN_SysADL_Connectors_PieceTypeCN',
  'CN_SysADL_Connectors_PresenceCN',
  'CN_SysADL_Connectors_CommandCN',
  'CN_SysADL_Connectors_DirectionCN',
  'CN_EnvConnectorsRobAFIS_DetectPieceColorEnvCN',
  'CN_EnvConnectorsRobAFIS_DetectParameterEnvCN',
  'CN_EnvConnectorsRobAFIS_ReadParameterEnvCN',
  'CN_EnvConnectorsRobAFIS_ReadPieceColorEnvCN',
  'CN_EnvConnectorsRobAFIS_ReadPresenceEnvCN',
  'CN_EnvConnectorsRobAFIS_SendMotorCommandEnvCN',
  'CN_EnvConnectorsRobAFIS_SendEnvironmentalDirectionEnvCN',
  'CN_EnvConnectorsRobAFIS_SendPieceColorEnvCN',
  'CT_SysADL_Behavior_DecideCommandEQ',
  'CT_SysADL_Behavior_ExtractDirEQ',
  'CT_SysADL_Behavior_ExtractGrabEQ',
  'EX_SysADL_Execution_DecideCommandEX',
  'EX_SysADL_Execution_ExtractDirEX',
  'EX_SysADL_Execution_ExtractGrabEX',
  'EX_SysADL_Boundary_Execution_TranslateDirectionToColorEX',
  'EX_SysADL_Boundary_Execution_PassParameterEX',
  'EX_ScenariosRobAFIS_Execution_PassPieceTypeEX',
  'EX_SysADL_Boundary_Execution_PassPresenceEX',
  'EX_ScenariosRobAFIS_Execution_PassMotorCommandEX',
  'EX_ScenariosRobAFIS_Execution_PassMissionParameterEX',
  'EX_ScenariosRobAFIS_Execution_PassNavColorEX',
  'EN_PieceType',
  'EN_MissionParameter',
  'EN_MotorCommand',
  'EN_Direction',
  'EN_NavColor',
  'DT_RobotCommands'
]
Found in module context: [class PT_SysADL_Ports_PresenceOPT extends SimplePort]
Final result for PT_SysADL_Ports_PresenceOPT: [class PT_SysADL_Ports_PresenceOPT extends SimplePort]
Resolved simple port class: [class PT_SysADL_Ports_PresenceOPT extends SimplePort]
PortClass type: function
PortClass constructor: [Function: Function]
Initializing participant presenceIPT with portClass PT_SysADL_Ports_PresenceIPT
Resolving port class: PT_SysADL_Ports_PresenceIPT
Module context available: true
Module context keys: [
  'PT_SysADL_Ports_ParameterIPT',
  'PT_SysADL_Ports_ParameterOPT',
  'PT_SysADL_Ports_PieceTypeIPT',
  'PT_SysADL_Ports_PieceTypeOPT',
  'PT_SysADL_Ports_PresenceIPT',
  'PT_SysADL_Ports_PresenceOPT',
  'PT_SysADL_Ports_CommandIPT',
  'PT_SysADL_Ports_CommandOPT',
  'PT_SysADL_Ports_DirectionIPT',
  'PT_SysADL_Ports_DirectionOPT',
  'PT_EnvPortsRobAFIS_OutPieceColor',
  'PT_EnvPortsRobAFIS_InPieceColor',
  'PT_EnvPortsRobAFIS_OutNavColor',
  'PT_EnvPortsRobAFIS_InNavColor',
  'PT_EnvPortsRobAFIS_OutPresence',
  'PT_EnvPortsRobAFIS_InPresence',
  'PT_EnvPortsRobAFIS_OutParameter',
  'PT_EnvPortsRobAFIS_InParameter',
  'PT_EnvPortsRobAFIS_OutMotorCommand',
  'PT_EnvPortsRobAFIS_InMotorCommand',
  'CN_SysADL_Connectors_ParameterCN',
  'CN_SysADL_Connectors_PieceTypeCN',
  'CN_SysADL_Connectors_PresenceCN',
  'CN_SysADL_Connectors_CommandCN',
  'CN_SysADL_Connectors_DirectionCN',
  'CN_EnvConnectorsRobAFIS_DetectPieceColorEnvCN',
  'CN_EnvConnectorsRobAFIS_DetectParameterEnvCN',
  'CN_EnvConnectorsRobAFIS_ReadParameterEnvCN',
  'CN_EnvConnectorsRobAFIS_ReadPieceColorEnvCN',
  'CN_EnvConnectorsRobAFIS_ReadPresenceEnvCN',
  'CN_EnvConnectorsRobAFIS_SendMotorCommandEnvCN',
  'CN_EnvConnectorsRobAFIS_SendEnvironmentalDirectionEnvCN',
  'CN_EnvConnectorsRobAFIS_SendPieceColorEnvCN',
  'CT_SysADL_Behavior_DecideCommandEQ',
  'CT_SysADL_Behavior_ExtractDirEQ',
  'CT_SysADL_Behavior_ExtractGrabEQ',
  'EX_SysADL_Execution_DecideCommandEX',
  'EX_SysADL_Execution_ExtractDirEX',
  'EX_SysADL_Execution_ExtractGrabEX',
  'EX_SysADL_Boundary_Execution_TranslateDirectionToColorEX',
  'EX_SysADL_Boundary_Execution_PassParameterEX',
  'EX_ScenariosRobAFIS_Execution_PassPieceTypeEX',
  'EX_SysADL_Boundary_Execution_PassPresenceEX',
  'EX_ScenariosRobAFIS_Execution_PassMotorCommandEX',
  'EX_ScenariosRobAFIS_Execution_PassMissionParameterEX',
  'EX_ScenariosRobAFIS_Execution_PassNavColorEX',
  'EN_PieceType',
  'EN_MissionParameter',
  'EN_MotorCommand',
  'EN_Direction',
  'EN_NavColor',
  'DT_RobotCommands'
]
Found in module context: [class PT_SysADL_Ports_PresenceIPT extends SimplePort]
Final result for PT_SysADL_Ports_PresenceIPT: [class PT_SysADL_Ports_PresenceIPT extends SimplePort]
Resolved simple port class: [class PT_SysADL_Ports_PresenceIPT extends SimplePort]
PortClass type: function
PortClass constructor: [Function: Function]
[BIND TO] tConn.presenceOPT bindTo -> bindingType=Object, hasReceive=true
[MODEL]     - Initializing connector: dirConn
[CONNECTOR setModel] dirConn: model=SysADLModel, _needsInitialization=true
[CONNECTOR setModel]   - participantSchema keys: [ 'directionOPT', 'directionIPT' ]
[CONNECTOR setModel]   - _moduleContext set with keys: [
  'PT_SysADL_Ports_ParameterIPT',
  'PT_SysADL_Ports_ParameterOPT',
  'PT_SysADL_Ports_PieceTypeIPT',
  'PT_SysADL_Ports_PieceTypeOPT',
  'PT_SysADL_Ports_PresenceIPT'
]
[CONNECTOR setModel]   - Calling initializeInternalParticipants()
Initializing participant directionOPT with portClass PT_SysADL_Ports_DirectionOPT
Resolving port class: PT_SysADL_Ports_DirectionOPT
Module context available: true
Module context keys: [
  'PT_SysADL_Ports_ParameterIPT',
  'PT_SysADL_Ports_ParameterOPT',
  'PT_SysADL_Ports_PieceTypeIPT',
  'PT_SysADL_Ports_PieceTypeOPT',
  'PT_SysADL_Ports_PresenceIPT',
  'PT_SysADL_Ports_PresenceOPT',
  'PT_SysADL_Ports_CommandIPT',
  'PT_SysADL_Ports_CommandOPT',
  'PT_SysADL_Ports_DirectionIPT',
  'PT_SysADL_Ports_DirectionOPT',
  'PT_EnvPortsRobAFIS_OutPieceColor',
  'PT_EnvPortsRobAFIS_InPieceColor',
  'PT_EnvPortsRobAFIS_OutNavColor',
  'PT_EnvPortsRobAFIS_InNavColor',
  'PT_EnvPortsRobAFIS_OutPresence',
  'PT_EnvPortsRobAFIS_InPresence',
  'PT_EnvPortsRobAFIS_OutParameter',
  'PT_EnvPortsRobAFIS_InParameter',
  'PT_EnvPortsRobAFIS_OutMotorCommand',
  'PT_EnvPortsRobAFIS_InMotorCommand',
  'CN_SysADL_Connectors_ParameterCN',
  'CN_SysADL_Connectors_PieceTypeCN',
  'CN_SysADL_Connectors_PresenceCN',
  'CN_SysADL_Connectors_CommandCN',
  'CN_SysADL_Connectors_DirectionCN',
  'CN_EnvConnectorsRobAFIS_DetectPieceColorEnvCN',
  'CN_EnvConnectorsRobAFIS_DetectParameterEnvCN',
  'CN_EnvConnectorsRobAFIS_ReadParameterEnvCN',
  'CN_EnvConnectorsRobAFIS_ReadPieceColorEnvCN',
  'CN_EnvConnectorsRobAFIS_ReadPresenceEnvCN',
  'CN_EnvConnectorsRobAFIS_SendMotorCommandEnvCN',
  'CN_EnvConnectorsRobAFIS_SendEnvironmentalDirectionEnvCN',
  'CN_EnvConnectorsRobAFIS_SendPieceColorEnvCN',
  'CT_SysADL_Behavior_DecideCommandEQ',
  'CT_SysADL_Behavior_ExtractDirEQ',
  'CT_SysADL_Behavior_ExtractGrabEQ',
  'EX_SysADL_Execution_DecideCommandEX',
  'EX_SysADL_Execution_ExtractDirEX',
  'EX_SysADL_Execution_ExtractGrabEX',
  'EX_SysADL_Boundary_Execution_TranslateDirectionToColorEX',
  'EX_SysADL_Boundary_Execution_PassParameterEX',
  'EX_ScenariosRobAFIS_Execution_PassPieceTypeEX',
  'EX_SysADL_Boundary_Execution_PassPresenceEX',
  'EX_ScenariosRobAFIS_Execution_PassMotorCommandEX',
  'EX_ScenariosRobAFIS_Execution_PassMissionParameterEX',
  'EX_ScenariosRobAFIS_Execution_PassNavColorEX',
  'EN_PieceType',
  'EN_MissionParameter',
  'EN_MotorCommand',
  'EN_Direction',
  'EN_NavColor',
  'DT_RobotCommands'
]
Found in module context: [class PT_SysADL_Ports_DirectionOPT extends SimplePort]
Final result for PT_SysADL_Ports_DirectionOPT: [class PT_SysADL_Ports_DirectionOPT extends SimplePort]
Resolved simple port class: [class PT_SysADL_Ports_DirectionOPT extends SimplePort]
PortClass type: function
PortClass constructor: [Function: Function]
Initializing participant directionIPT with portClass PT_SysADL_Ports_DirectionIPT
Resolving port class: PT_SysADL_Ports_DirectionIPT
Module context available: true
Module context keys: [
  'PT_SysADL_Ports_ParameterIPT',
  'PT_SysADL_Ports_ParameterOPT',
  'PT_SysADL_Ports_PieceTypeIPT',
  'PT_SysADL_Ports_PieceTypeOPT',
  'PT_SysADL_Ports_PresenceIPT',
  'PT_SysADL_Ports_PresenceOPT',
  'PT_SysADL_Ports_CommandIPT',
  'PT_SysADL_Ports_CommandOPT',
  'PT_SysADL_Ports_DirectionIPT',
  'PT_SysADL_Ports_DirectionOPT',
  'PT_EnvPortsRobAFIS_OutPieceColor',
  'PT_EnvPortsRobAFIS_InPieceColor',
  'PT_EnvPortsRobAFIS_OutNavColor',
  'PT_EnvPortsRobAFIS_InNavColor',
  'PT_EnvPortsRobAFIS_OutPresence',
  'PT_EnvPortsRobAFIS_InPresence',
  'PT_EnvPortsRobAFIS_OutParameter',
  'PT_EnvPortsRobAFIS_InParameter',
  'PT_EnvPortsRobAFIS_OutMotorCommand',
  'PT_EnvPortsRobAFIS_InMotorCommand',
  'CN_SysADL_Connectors_ParameterCN',
  'CN_SysADL_Connectors_PieceTypeCN',
  'CN_SysADL_Connectors_PresenceCN',
  'CN_SysADL_Connectors_CommandCN',
  'CN_SysADL_Connectors_DirectionCN',
  'CN_EnvConnectorsRobAFIS_DetectPieceColorEnvCN',
  'CN_EnvConnectorsRobAFIS_DetectParameterEnvCN',
  'CN_EnvConnectorsRobAFIS_ReadParameterEnvCN',
  'CN_EnvConnectorsRobAFIS_ReadPieceColorEnvCN',
  'CN_EnvConnectorsRobAFIS_ReadPresenceEnvCN',
  'CN_EnvConnectorsRobAFIS_SendMotorCommandEnvCN',
  'CN_EnvConnectorsRobAFIS_SendEnvironmentalDirectionEnvCN',
  'CN_EnvConnectorsRobAFIS_SendPieceColorEnvCN',
  'CT_SysADL_Behavior_DecideCommandEQ',
  'CT_SysADL_Behavior_ExtractDirEQ',
  'CT_SysADL_Behavior_ExtractGrabEQ',
  'EX_SysADL_Execution_DecideCommandEX',
  'EX_SysADL_Execution_ExtractDirEX',
  'EX_SysADL_Execution_ExtractGrabEX',
  'EX_SysADL_Boundary_Execution_TranslateDirectionToColorEX',
  'EX_SysADL_Boundary_Execution_PassParameterEX',
  'EX_ScenariosRobAFIS_Execution_PassPieceTypeEX',
  'EX_SysADL_Boundary_Execution_PassPresenceEX',
  'EX_ScenariosRobAFIS_Execution_PassMotorCommandEX',
  'EX_ScenariosRobAFIS_Execution_PassMissionParameterEX',
  'EX_ScenariosRobAFIS_Execution_PassNavColorEX',
  'EN_PieceType',
  'EN_MissionParameter',
  'EN_MotorCommand',
  'EN_Direction',
  'EN_NavColor',
  'DT_RobotCommands'
]
Found in module context: [class PT_SysADL_Ports_DirectionIPT extends SimplePort]
Final result for PT_SysADL_Ports_DirectionIPT: [class PT_SysADL_Ports_DirectionIPT extends SimplePort]
Resolved simple port class: [class PT_SysADL_Ports_DirectionIPT extends SimplePort]
PortClass type: function
PortClass constructor: [Function: Function]
[BIND TO] dirConn.directionOPT bindTo -> bindingType=Object, hasReceive=true
[MODEL]     - Initializing connector: grabConn
[CONNECTOR setModel] grabConn: model=SysADLModel, _needsInitialization=true
[CONNECTOR setModel]   - participantSchema keys: [ 'commandOPT', 'commandIPT' ]
[CONNECTOR setModel]   - _moduleContext set with keys: [
  'PT_SysADL_Ports_ParameterIPT',
  'PT_SysADL_Ports_ParameterOPT',
  'PT_SysADL_Ports_PieceTypeIPT',
  'PT_SysADL_Ports_PieceTypeOPT',
  'PT_SysADL_Ports_PresenceIPT'
]
[CONNECTOR setModel]   - Calling initializeInternalParticipants()
Initializing participant commandOPT with portClass PT_SysADL_Ports_CommandOPT
Resolving port class: PT_SysADL_Ports_CommandOPT
Module context available: true
Module context keys: [
  'PT_SysADL_Ports_ParameterIPT',
  'PT_SysADL_Ports_ParameterOPT',
  'PT_SysADL_Ports_PieceTypeIPT',
  'PT_SysADL_Ports_PieceTypeOPT',
  'PT_SysADL_Ports_PresenceIPT',
  'PT_SysADL_Ports_PresenceOPT',
  'PT_SysADL_Ports_CommandIPT',
  'PT_SysADL_Ports_CommandOPT',
  'PT_SysADL_Ports_DirectionIPT',
  'PT_SysADL_Ports_DirectionOPT',
  'PT_EnvPortsRobAFIS_OutPieceColor',
  'PT_EnvPortsRobAFIS_InPieceColor',
  'PT_EnvPortsRobAFIS_OutNavColor',
  'PT_EnvPortsRobAFIS_InNavColor',
  'PT_EnvPortsRobAFIS_OutPresence',
  'PT_EnvPortsRobAFIS_InPresence',
  'PT_EnvPortsRobAFIS_OutParameter',
  'PT_EnvPortsRobAFIS_InParameter',
  'PT_EnvPortsRobAFIS_OutMotorCommand',
  'PT_EnvPortsRobAFIS_InMotorCommand',
  'CN_SysADL_Connectors_ParameterCN',
  'CN_SysADL_Connectors_PieceTypeCN',
  'CN_SysADL_Connectors_PresenceCN',
  'CN_SysADL_Connectors_CommandCN',
  'CN_SysADL_Connectors_DirectionCN',
  'CN_EnvConnectorsRobAFIS_DetectPieceColorEnvCN',
  'CN_EnvConnectorsRobAFIS_DetectParameterEnvCN',
  'CN_EnvConnectorsRobAFIS_ReadParameterEnvCN',
  'CN_EnvConnectorsRobAFIS_ReadPieceColorEnvCN',
  'CN_EnvConnectorsRobAFIS_ReadPresenceEnvCN',
  'CN_EnvConnectorsRobAFIS_SendMotorCommandEnvCN',
  'CN_EnvConnectorsRobAFIS_SendEnvironmentalDirectionEnvCN',
  'CN_EnvConnectorsRobAFIS_SendPieceColorEnvCN',
  'CT_SysADL_Behavior_DecideCommandEQ',
  'CT_SysADL_Behavior_ExtractDirEQ',
  'CT_SysADL_Behavior_ExtractGrabEQ',
  'EX_SysADL_Execution_DecideCommandEX',
  'EX_SysADL_Execution_ExtractDirEX',
  'EX_SysADL_Execution_ExtractGrabEX',
  'EX_SysADL_Boundary_Execution_TranslateDirectionToColorEX',
  'EX_SysADL_Boundary_Execution_PassParameterEX',
  'EX_ScenariosRobAFIS_Execution_PassPieceTypeEX',
  'EX_SysADL_Boundary_Execution_PassPresenceEX',
  'EX_ScenariosRobAFIS_Execution_PassMotorCommandEX',
  'EX_ScenariosRobAFIS_Execution_PassMissionParameterEX',
  'EX_ScenariosRobAFIS_Execution_PassNavColorEX',
  'EN_PieceType',
  'EN_MissionParameter',
  'EN_MotorCommand',
  'EN_Direction',
  'EN_NavColor',
  'DT_RobotCommands'
]
Found in module context: [class PT_SysADL_Ports_CommandOPT extends SimplePort]
Final result for PT_SysADL_Ports_CommandOPT: [class PT_SysADL_Ports_CommandOPT extends SimplePort]
Resolved simple port class: [class PT_SysADL_Ports_CommandOPT extends SimplePort]
PortClass type: function
PortClass constructor: [Function: Function]
Initializing participant commandIPT with portClass PT_SysADL_Ports_CommandIPT
Resolving port class: PT_SysADL_Ports_CommandIPT
Module context available: true
Module context keys: [
  'PT_SysADL_Ports_ParameterIPT',
  'PT_SysADL_Ports_ParameterOPT',
  'PT_SysADL_Ports_PieceTypeIPT',
  'PT_SysADL_Ports_PieceTypeOPT',
  'PT_SysADL_Ports_PresenceIPT',
  'PT_SysADL_Ports_PresenceOPT',
  'PT_SysADL_Ports_CommandIPT',
  'PT_SysADL_Ports_CommandOPT',
  'PT_SysADL_Ports_DirectionIPT',
  'PT_SysADL_Ports_DirectionOPT',
  'PT_EnvPortsRobAFIS_OutPieceColor',
  'PT_EnvPortsRobAFIS_InPieceColor',
  'PT_EnvPortsRobAFIS_OutNavColor',
  'PT_EnvPortsRobAFIS_InNavColor',
  'PT_EnvPortsRobAFIS_OutPresence',
  'PT_EnvPortsRobAFIS_InPresence',
  'PT_EnvPortsRobAFIS_OutParameter',
  'PT_EnvPortsRobAFIS_InParameter',
  'PT_EnvPortsRobAFIS_OutMotorCommand',
  'PT_EnvPortsRobAFIS_InMotorCommand',
  'CN_SysADL_Connectors_ParameterCN',
  'CN_SysADL_Connectors_PieceTypeCN',
  'CN_SysADL_Connectors_PresenceCN',
  'CN_SysADL_Connectors_CommandCN',
  'CN_SysADL_Connectors_DirectionCN',
  'CN_EnvConnectorsRobAFIS_DetectPieceColorEnvCN',
  'CN_EnvConnectorsRobAFIS_DetectParameterEnvCN',
  'CN_EnvConnectorsRobAFIS_ReadParameterEnvCN',
  'CN_EnvConnectorsRobAFIS_ReadPieceColorEnvCN',
  'CN_EnvConnectorsRobAFIS_ReadPresenceEnvCN',
  'CN_EnvConnectorsRobAFIS_SendMotorCommandEnvCN',
  'CN_EnvConnectorsRobAFIS_SendEnvironmentalDirectionEnvCN',
  'CN_EnvConnectorsRobAFIS_SendPieceColorEnvCN',
  'CT_SysADL_Behavior_DecideCommandEQ',
  'CT_SysADL_Behavior_ExtractDirEQ',
  'CT_SysADL_Behavior_ExtractGrabEQ',
  'EX_SysADL_Execution_DecideCommandEX',
  'EX_SysADL_Execution_ExtractDirEX',
  'EX_SysADL_Execution_ExtractGrabEX',
  'EX_SysADL_Boundary_Execution_TranslateDirectionToColorEX',
  'EX_SysADL_Boundary_Execution_PassParameterEX',
  'EX_ScenariosRobAFIS_Execution_PassPieceTypeEX',
  'EX_SysADL_Boundary_Execution_PassPresenceEX',
  'EX_ScenariosRobAFIS_Execution_PassMotorCommandEX',
  'EX_ScenariosRobAFIS_Execution_PassMissionParameterEX',
  'EX_ScenariosRobAFIS_Execution_PassNavColorEX',
  'EN_PieceType',
  'EN_MissionParameter',
  'EN_MotorCommand',
  'EN_Direction',
  'EN_NavColor',
  'DT_RobotCommands'
]
Found in module context: [class PT_SysADL_Ports_CommandIPT extends SimplePort]
Final result for PT_SysADL_Ports_CommandIPT: [class PT_SysADL_Ports_CommandIPT extends SimplePort]
Resolved simple port class: [class PT_SysADL_Ports_CommandIPT extends SimplePort]
PortClass type: function
PortClass constructor: [Function: Function]
[BIND TO] grabConn.commandOPT bindTo -> bindingType=Object, hasReceive=true
[MODEL]   - Checking component: colorSens
[MODEL]   - Checking component: controller
[MODEL]   - Checking component: drive
[MODEL]   - Checking component: grabber
[MODEL]   - Checking component: pInput
[MODEL]   - Checking component: speSens
[MODEL]   - Checking component: tSens
🔧 Instantiating environment hierarchy, connectors and bridges...
🔌  Instantiated connector tPresenceC of type ReadPresenceEnvCN (transElevator.outPresence -> unit_tSens.inPresence)
🔌  Instantiated connector colorC of type ReadPieceColorEnvCN (transElevator.outPieceColor -> unit_colorSens.inColor)
🔌  Instantiated connector grabC of type SendMotorCommandEnvCN (unit_grabber.outCommand -> transElevator.inCommand)
🔌  Instantiated connector spePresenceC of type ReadPresenceEnvCN (entryStock.outPresence -> unit_speSens.inPresence)
🔌  Instantiated connector zoneC of type ReadPresenceEnvCN (machineZone.outPresence -> unit_zoneSens.inPresence)
🔌  Instantiated connector navLineC of type SendEnvironmentalDirectionEnvCN (unit_driveSys.outColor -> navLine.inColor)
🔌  Instantiated connector navPadC of type SendEnvironmentalDirectionEnvCN (unit_driveSys.outColor -> navPad.inColor)
🔌  Instantiated connector paColorC of type SendEnvironmentalDirectionEnvCN (unit_driveSys.outColor -> standbyPos.inColor)
🔌  Instantiated connector dropSA_CommandC of type SendMotorCommandEnvCN (unit_grabber.outCommand -> arrivalStock.inDropCommand)
🔌  Instantiated connector dropSPD_CommandC of type SendMotorCommandEnvCN (unit_grabber.outCommand -> departureStock.inDropCommand)
🔌  Instantiated connector dropSA_PieceC of type SendPieceColorEnvCN (unit_grabber.outPieceColor -> arrivalStock.inPieceColor)
🔌  Instantiated connector dropSPD_PieceC of type SendPieceColorEnvCN (unit_grabber.outPieceColor -> departureStock.inPieceColor)
🔌  Instantiated connector tPresenceC of type ReadPresenceEnvCN (transElevator.outPresence -> unit_tSens.inPresence)
🔌  Instantiated connector colorC of type ReadPieceColorEnvCN (transElevator.outPieceColor -> unit_colorSens.inColor)
🔌  Instantiated connector grabC of type SendMotorCommandEnvCN (unit_grabber.outCommand -> transElevator.inCommand)
🔌  Instantiated connector spePresenceC of type ReadPresenceEnvCN (entryStock.outPresence -> unit_speSens.inPresence)
🔌  Instantiated connector zoneC of type ReadPresenceEnvCN (machineZone.outPresence -> unit_zoneSens.inPresence)
🔌  Instantiated connector navLineC of type SendEnvironmentalDirectionEnvCN (unit_driveSys.outColor -> navLine.inColor)
🔌  Instantiated connector navPadC of type SendEnvironmentalDirectionEnvCN (unit_driveSys.outColor -> navPad.inColor)
🔌  Instantiated connector paColorC of type SendEnvironmentalDirectionEnvCN (unit_driveSys.outColor -> standbyPos.inColor)
🔌  Instantiated connector dropSA_CommandC of type SendMotorCommandEnvCN (unit_grabber.outCommand -> arrivalStock.inDropCommand)
🔌  Instantiated connector dropSPD_CommandC of type SendMotorCommandEnvCN (unit_grabber.outCommand -> departureStock.inDropCommand)
🔌  Instantiated connector dropSA_PieceC of type SendPieceColorEnvCN (unit_grabber.outPieceColor -> arrivalStock.inPieceColor)
🔌  Instantiated connector dropSPD_PieceC of type SendPieceColorEnvCN (unit_grabber.outPieceColor -> departureStock.inPieceColor)
🔌  Instantiated connector unit1ToUnit2TransferC of type DetectPieceColorEnvCN (unit1.outUnitTransferToSPE -> unit2.inUnitTransferFromSPD)
🔌  Instantiated connector unit2ToUnit1TransferC of type DetectPieceColorEnvCN (unit2.outUnitTransferToSPE -> unit1.inUnitTransferFromSPD)
🔌  Instantiated connector param1C of type ReadParameterEnvCN (operator1.outParam -> r1_pInput.inParam)
🔌  Instantiated connector param2C of type ReadParameterEnvCN (operator2.outParam -> r2_pInput.inParam)
🔌  Instantiated connector unit1MissionC of type DetectParameterEnvCN (operator1.outParam -> unit1.inOpParam)
🔌  Instantiated connector unit2MissionC of type DetectParameterEnvCN (operator2.outParam -> unit2.inOpParam)
[Boundary Extension] Applying SysADL.Components.ColorSensorCP to system component colorSens (CP_SysADL_Components_ColorSensorCP)
[Boundary Extension] Applying SysADL.Components.PresenceSensorCP to system component tSens (CP_SysADL_Components_PresenceSensorCP)
[Boundary Extension] Applying SysADL.Components.PresenceSensorCP to system component speSens (CP_SysADL_Components_PresenceSensorCP)
[Boundary Extension] Applying SysADL.Components.PresenceSensorCP to system component speSens (CP_SysADL_Components_PresenceSensorCP)
[Boundary Extension] Applying SysADL.Components.GrabberCP to system component grabber (CP_SysADL_Components_GrabberCP)
[Boundary Extension] Applying SysADL.Components.DriveSystemCP to system component drive (CP_SysADL_Components_DriveSystemCP)
[Boundary Extension] Applying SysADL.Components.ColorSensorCP to system component colorSens (CP_SysADL_Components_ColorSensorCP)
[Boundary Extension] Applying SysADL.Components.PresenceSensorCP to system component tSens (CP_SysADL_Components_PresenceSensorCP)
[Boundary Extension] Applying SysADL.Components.PresenceSensorCP to system component speSens (CP_SysADL_Components_PresenceSensorCP)
[Boundary Extension] Applying SysADL.Components.PresenceSensorCP to system component speSens (CP_SysADL_Components_PresenceSensorCP)
[Boundary Extension] Applying SysADL.Components.GrabberCP to system component grabber (CP_SysADL_Components_GrabberCP)
[Boundary Extension] Applying SysADL.Components.DriveSystemCP to system component drive (CP_SysADL_Components_DriveSystemCP)
[Boundary Extension] Applying SysADL.Components.ParameterInputCP to system component pInput (CP_SysADL_Components_ParameterInputCP)
[Boundary Extension] Applying SysADL.Components.ParameterInputCP to system component pInput (CP_SysADL_Components_ParameterInputCP)
[Simulator] Scanning executeAsync for target scenarios...
[Simulator] Eagerly registering target scenario: Scenario_ObstacleHandling_Unit1
[SET] ctx.activeScenarios =  (activeAction: )
🎬 [SCENARIO] Registered passive observer for scenario: Scenario_ObstacleHandling_Unit1
[Simulator] Eagerly registering target scenario: Scenario_ObstacleHandling_Unit2
[SET] ctx.activeScenarios = [object Object] (activeAction: )
🎬 [SCENARIO] Registered passive observer for scenario: Scenario_ObstacleHandling_Unit2
[Simulator] Eagerly registering target scenario: Scenario_PriorityResolution_Unit1
[SET] ctx.activeScenarios = [object Object],[object Object] (activeAction: )
🎬 [SCENARIO] Registered passive observer for scenario: Scenario_PriorityResolution_Unit1
[Simulator] Eagerly registering target scenario: Scenario_PriorityResolution_Unit2
[SET] ctx.activeScenarios = [object Object],[object Object],[object Object] (activeAction: )
🎬 [SCENARIO] Registered passive observer for scenario: Scenario_PriorityResolution_Unit2
[Simulator] Eagerly registering target scenario: Scenario_RoutingLogic_P1_Unit1
[SET] ctx.activeScenarios = [object Object],[object Object],[object Object],[object Object] (activeAction: )
🎬 [SCENARIO] Registered passive observer for scenario: Scenario_RoutingLogic_P1_Unit1
[Simulator] Eagerly registering target scenario: Scenario_RoutingLogic_P1_Unit2
[SET] ctx.activeScenarios = [object Object],[object Object],[object Object],[object Object],[object Object] (activeAction: )
🎬 [SCENARIO] Registered passive observer for scenario: Scenario_RoutingLogic_P1_Unit2
[Simulator] Eagerly registering target scenario: Scenario_EndMission_Unit1
[SET] ctx.activeScenarios = [object Object],[object Object],[object Object],[object Object],[object Object],[object Object] (activeAction: )
🎬 [SCENARIO] Registered passive observer for scenario: Scenario_EndMission_Unit1
[Simulator] Eagerly registering target scenario: Scenario_EndMission_Unit2
[SET] ctx.activeScenarios = [object Object],[object Object],[object Object],[object Object],[object Object],[object Object],[object Object] (activeAction: )
🎬 [SCENARIO] Registered passive observer for scenario: Scenario_EndMission_Unit2
DEBUG: EnvConnector.activate called for tPresenceC
DEBUG: EnvConnector tPresenceC resolved ports: source=outPresence, target=inPresence
DEBUG: EnvConnector tPresenceC transferring value: true
[CONNECT] 00:00.015 envconnector.activated: tPresenceC
DEBUG: SimulationLogger not available or disabled on EnvConnector model
🔗 EnvConnector tPresenceC activated: undefined.undefined → undefined.undefined
[CHANGE] 00:00.015 envport.value.changed: outPresence
[CHANGE] 00:00.015 envport.value.changed: outPresence
[CHANGE] 00:00.015 envport.value.changed: outUnitPieceColor
DEBUG: EnvConnector.activate called for colorC
DEBUG: EnvConnector colorC resolved ports: source=outPieceColor, target=inColor
DEBUG: EnvConnector colorC transferring value: P2
[CONNECT] 00:00.015 envconnector.activated: colorC
DEBUG: SimulationLogger not available or disabled on EnvConnector model
🔗 EnvConnector colorC activated: undefined.undefined → undefined.undefined
[CHANGE] 00:00.015 envport.value.changed: outPieceColor
[CHANGE] 00:00.015 envport.value.changed: outColor
[CHANGE] 00:00.015 envport.value.changed: outPresence
[CHANGE] 00:00.015 envport.value.changed: outUnitPieceColor
DEBUG: EnvConnector.activate called for colorC
DEBUG: EnvConnector colorC resolved ports: source=outPieceColor, target=inColor
DEBUG: EnvConnector colorC transferring value: P2
[CONNECT] 00:00.015 envconnector.activated: colorC
DEBUG: SimulationLogger not available or disabled on EnvConnector model
🔗 EnvConnector colorC activated: undefined.undefined → undefined.undefined
[CHANGE] 00:00.015 envport.value.changed: outPieceColor
[CHANGE] 00:00.015 envport.value.changed: outColor
[CHANGE] 00:00.015 envport.value.changed: outPresence
[CHANGE] 00:00.015 envport.value.changed: outUnitPieceColor
DEBUG: EnvConnector.activate called for colorC
DEBUG: EnvConnector colorC resolved ports: source=outPieceColor, target=inColor
DEBUG: EnvConnector colorC transferring value: P2
[CONNECT] 00:00.015 envconnector.activated: colorC
DEBUG: SimulationLogger not available or disabled on EnvConnector model
🔗 EnvConnector colorC activated: undefined.undefined → undefined.undefined
[CHANGE] 00:00.015 envport.value.changed: outPieceColor
[CHANGE] 00:00.015 envport.value.changed: outColor
DEBUG: EnvConnector.activate called for spePresenceC
DEBUG: EnvConnector spePresenceC resolved ports: source=outPresence, target=inPresence
DEBUG: EnvConnector spePresenceC transferring value: true
[CONNECT] 00:00.015 envconnector.activated: spePresenceC
DEBUG: SimulationLogger not available or disabled on EnvConnector model
🔗 EnvConnector spePresenceC activated: undefined.undefined → undefined.undefined
[CHANGE] 00:00.015 envport.value.changed: outPresence
[CHANGE] 00:00.015 envport.value.changed: outPresence
[CHANGE] 00:00.015 envport.value.changed: outPieceColor
[CHANGE] 00:00.015 envport.value.changed: outColor
DEBUG: EnvConnector.activate called for tPresenceC
DEBUG: EnvConnector tPresenceC resolved ports: source=outPresence, target=inPresence
DEBUG: EnvConnector tPresenceC transferring value: true
[CONNECT] 00:00.015 envconnector.activated: tPresenceC
DEBUG: SimulationLogger not available or disabled on EnvConnector model
🔗 EnvConnector tPresenceC activated: undefined.undefined → undefined.undefined
[CHANGE] 00:00.015 envport.value.changed: outPresence
[CHANGE] 00:00.015 envport.value.changed: outPresence
[CHANGE] 00:00.015 envport.value.changed: outUnitPieceColor
DEBUG: EnvConnector.activate called for colorC
DEBUG: EnvConnector colorC resolved ports: source=outPieceColor, target=inColor
DEBUG: EnvConnector colorC transferring value: P2
[CONNECT] 00:00.015 envconnector.activated: colorC
DEBUG: SimulationLogger not available or disabled on EnvConnector model
🔗 EnvConnector colorC activated: undefined.undefined → undefined.undefined
[CHANGE] 00:00.015 envport.value.changed: outPieceColor
[CHANGE] 00:00.015 envport.value.changed: outColor
[CHANGE] 00:00.015 envport.value.changed: outPresence
[CHANGE] 00:00.015 envport.value.changed: outUnitPieceColor
DEBUG: EnvConnector.activate called for colorC
DEBUG: EnvConnector colorC resolved ports: source=outPieceColor, target=inColor
DEBUG: EnvConnector colorC transferring value: P2
[CONNECT] 00:00.015 envconnector.activated: colorC
DEBUG: SimulationLogger not available or disabled on EnvConnector model
🔗 EnvConnector colorC activated: undefined.undefined → undefined.undefined
[CHANGE] 00:00.015 envport.value.changed: outPieceColor
[CHANGE] 00:00.015 envport.value.changed: outColor
DEBUG: EnvConnector.activate called for spePresenceC
DEBUG: EnvConnector spePresenceC resolved ports: source=outPresence, target=inPresence
DEBUG: EnvConnector spePresenceC transferring value: true
[CONNECT] 00:00.015 envconnector.activated: spePresenceC
DEBUG: SimulationLogger not available or disabled on EnvConnector model
🔗 EnvConnector spePresenceC activated: undefined.undefined → undefined.undefined
[CHANGE] 00:00.015 envport.value.changed: outPresence
[CHANGE] 00:00.015 envport.value.changed: outPresence
[CHANGE] 00:00.015 envport.value.changed: outPieceColor
[CHANGE] 00:00.016 envport.value.changed: outColor
⏱️  [SCHEDULER] Scheduled injection: ObstacleDetectedSig in 45ms
⏱️  [SCHEDULER] Scheduled injection: ObstacleRemovedSig in 50ms
📡 [SIGNAL] Handling signal: 'StartSimulationSig' from global
[SET] ctx.activeInstance = [object Object] (activeAction: )
   [HANDLER] Executing 'setMissionParametersOp' for instance 'operator1'
[SET] ctx.activeAction = setMissionParametersOp (activeAction: )
[SET] ctx.activeSignal = StartSimulationSig (activeAction: setMissionParametersOp)
[SET] ctx.activeActivity = OperatorEA (activeAction: setMissionParametersOp)
[SET] ctx.paramIn = P1 (activeAction: setMissionParametersOp)
DEBUG: EnvConnector.activate called for param1C
DEBUG: EnvConnector param1C resolved ports: source=outParam, target=inParam
DEBUG: EnvConnector param1C transferring value: P1
[CONNECT] 00:00.016 envconnector.activated: param1C
DEBUG: SimulationLogger not available or disabled on EnvConnector model
🔗 EnvConnector param1C activated: undefined.undefined → undefined.undefined
DEBUG: EnvConnector.activate called for unit1MissionC
DEBUG: EnvConnector unit1MissionC resolved ports: source=outParam, target=inOpParam
DEBUG: EnvConnector unit1MissionC transferring value: P1
[CHANGE] 00:00.016 envport.value.changed: inOpParam
[CONNECT] 00:00.016 envconnector.activated: unit1MissionC
DEBUG: SimulationLogger not available or disabled on EnvConnector model
🔗 EnvConnector unit1MissionC activated: undefined.undefined → undefined.undefined
[CHANGE] 00:00.016 envport.value.changed: outParam
[SET] ctx.activeAction = setMissionParametersOp (activeAction: setMissionParametersOp)
[SET] ctx.activeSignal = StartSimulationSig (activeAction: setMissionParametersOp)
[SET] ctx.activeActivity = OperatorEA (activeAction: setMissionParametersOp)
[SET] ctx.activeInstance = [object Object] (activeAction: setMissionParametersOp)
   [HANDLER] Executing 'setMissionParametersOp' for instance 'operator2'
[SET] ctx.activeAction = setMissionParametersOp (activeAction: setMissionParametersOp)
[SET] ctx.activeSignal = StartSimulationSig (activeAction: setMissionParametersOp)
[SET] ctx.activeActivity = OperatorEA (activeAction: setMissionParametersOp)
[SET] ctx.paramIn = P1 (activeAction: setMissionParametersOp)
DEBUG: EnvConnector.activate called for param2C
DEBUG: EnvConnector param2C resolved ports: source=outParam, target=inParam
DEBUG: EnvConnector param2C transferring value: P1
[CONNECT] 00:00.017 envconnector.activated: param2C
DEBUG: SimulationLogger not available or disabled on EnvConnector model
🔗 EnvConnector param2C activated: undefined.undefined → undefined.undefined
DEBUG: EnvConnector.activate called for unit2MissionC
DEBUG: EnvConnector unit2MissionC resolved ports: source=outParam, target=inOpParam
DEBUG: EnvConnector unit2MissionC transferring value: P1
[CHANGE] 00:00.017 envport.value.changed: inOpParam
[CONNECT] 00:00.017 envconnector.activated: unit2MissionC
DEBUG: SimulationLogger not available or disabled on EnvConnector model
🔗 EnvConnector unit2MissionC activated: undefined.undefined → undefined.undefined
[CHANGE] 00:00.017 envport.value.changed: outParam
[SET] ctx.activeAction = setMissionParametersOp (activeAction: setMissionParametersOp)
[SET] ctx.activeSignal = StartSimulationSig (activeAction: setMissionParametersOp)
[SET] ctx.activeActivity = OperatorEA (activeAction: setMissionParametersOp)
[SET] ctx.activeInstance = [object Object] (activeAction: setMissionParametersOp)
[SET] ctx.activeInstance = [object Object] (activeAction: setMissionParametersOp)
[SET] ctx.activeInstance = null (activeAction: setMissionParametersOp)
📡 [SIGNAL] Handling signal: 'SetMissionParamSig' from operator1
[SET] ctx.activeInstance = [object Object] (activeAction: setMissionParametersOp)
[SET] ctx.activeInstance = [object Object] (activeAction: setMissionParametersOp)
   [HANDLER] Executing 'leavePA' for instance 'unit1'
[SET] ctx.activeAction = leavePA (activeAction: setMissionParametersOp)
[SET] ctx.activeSignal = SetMissionParamSig (activeAction: leavePA)
[SET] ctx.activeActivity = UnitEA (activeAction: leavePA)
[SET] ctx.colorIn = Black (activeAction: leavePA)
[DEBUG SET] colorIn: activeComp=unit1, activeActName=UnitEA, activeAction=leavePA, delegate={"from":"outUnitNavLine","to":"leavePA"}
[DEBUG SET] colorIn: found port=outUnitNavLine, owner=unit1
[CHANGE] 00:00.018 envport.value.changed: outUnitNavLine
[DEBUG SET] colorIn: leaves found=navLine.outColor
[CHANGE] 00:00.018 envport.value.changed: outColor
[DEBUG SET] colorIn: set leafPort navLine.outColor to Black, now value=Black
[SET] ctx.activeAction = leavePA (activeAction: leavePA)
[SET] ctx.activeSignal = SetMissionParamSig (activeAction: leavePA)
[SET] ctx.activeActivity = UnitEA (activeAction: leavePA)
[SET] ctx.activeInstance = null (activeAction: leavePA)
📡 [SIGNAL] Handling signal: 'SetMissionParamSig' from operator2
♻️  [Simulator] Loop detected on signal 'SetMissionParamSig'. Committing pending replication increments.
[SET] ctx.activeInstance = [object Object] (activeAction: leavePA)
[SET] ctx.activeInstance = [object Object] (activeAction: leavePA)
   [HANDLER] Executing 'leavePA' for instance 'unit2'
[SET] ctx.activeAction = leavePA (activeAction: leavePA)
[SET] ctx.activeSignal = SetMissionParamSig (activeAction: leavePA)
[SET] ctx.activeActivity = UnitEA (activeAction: leavePA)
[SET] ctx.colorIn = Black (activeAction: leavePA)
[DEBUG SET] colorIn: activeComp=unit2, activeActName=UnitEA, activeAction=leavePA, delegate={"from":"outUnitNavLine","to":"leavePA"}
[DEBUG SET] colorIn: found port=outUnitNavLine, owner=unit2
[CHANGE] 00:00.018 envport.value.changed: outUnitNavLine
[DEBUG SET] colorIn: leaves found=navLine.outColor
[CHANGE] 00:00.018 envport.value.changed: outColor
[DEBUG SET] colorIn: set leafPort navLine.outColor to Black, now value=Black
[SET] ctx.activeAction = leavePA (activeAction: leavePA)
[SET] ctx.activeSignal = SetMissionParamSig (activeAction: leavePA)
[SET] ctx.activeActivity = UnitEA (activeAction: leavePA)
[SET] ctx.activeInstance = null (activeAction: leavePA)
📡 [SIGNAL] Handling signal: 'LeftPASig' from unit1
[SET] ctx.activeInstance = [object Object] (activeAction: leavePA)
[SET] ctx.activeInstance = [object Object] (activeAction: leavePA)
   [HANDLER] Executing 'detectGreenPad' for instance 'unit1'
[SET] ctx.activeAction = detectGreenPad (activeAction: leavePA)
[SET] ctx.activeSignal = LeftPASig (activeAction: detectGreenPad)
[SET] ctx.activeActivity = UnitEA (activeAction: detectGreenPad)
[SET] ctx.colorIn = Green (activeAction: detectGreenPad)
[DEBUG SET] colorIn: activeComp=unit1, activeActName=UnitEA, activeAction=detectGreenPad, delegate={"from":"outUnitNavPad","to":"detectGreenPad"}
[DEBUG SET] colorIn: found port=outUnitNavPad, owner=unit1
[CHANGE] 00:00.019 envport.value.changed: outUnitNavPad
[DEBUG SET] colorIn: leaves found=navPad.outColor
[CHANGE] 00:00.019 envport.value.changed: outColor
[DEBUG SET] colorIn: set leafPort navPad.outColor to Green, now value=Green
[SET] ctx.activeAction = detectGreenPad (activeAction: detectGreenPad)
[SET] ctx.activeSignal = LeftPASig (activeAction: detectGreenPad)
[SET] ctx.activeActivity = UnitEA (activeAction: detectGreenPad)
[SET] ctx.activeInstance = null (activeAction: detectGreenPad)
📡 [SIGNAL] Handling signal: 'LeftPASig' from unit2
♻️  [Simulator] Loop detected on signal 'LeftPASig'. Committing pending replication increments.
[SET] ctx.activeInstance = [object Object] (activeAction: detectGreenPad)
[SET] ctx.activeInstance = [object Object] (activeAction: detectGreenPad)
   [HANDLER] Executing 'detectGreenPad' for instance 'unit2'
[SET] ctx.activeAction = detectGreenPad (activeAction: detectGreenPad)
[SET] ctx.activeSignal = LeftPASig (activeAction: detectGreenPad)
[SET] ctx.activeActivity = UnitEA (activeAction: detectGreenPad)
[SET] ctx.colorIn = Green (activeAction: detectGreenPad)
[DEBUG SET] colorIn: activeComp=unit2, activeActName=UnitEA, activeAction=detectGreenPad, delegate={"from":"outUnitNavPad","to":"detectGreenPad"}
[DEBUG SET] colorIn: found port=outUnitNavPad, owner=unit2
[CHANGE] 00:00.020 envport.value.changed: outUnitNavPad
[DEBUG SET] colorIn: leaves found=navPad.outColor
[CHANGE] 00:00.020 envport.value.changed: outColor
[DEBUG SET] colorIn: set leafPort navPad.outColor to Green, now value=Green
[SET] ctx.activeAction = detectGreenPad (activeAction: detectGreenPad)
[SET] ctx.activeSignal = LeftPASig (activeAction: detectGreenPad)
[SET] ctx.activeActivity = UnitEA (activeAction: detectGreenPad)
[SET] ctx.activeInstance = null (activeAction: detectGreenPad)
📡 [SIGNAL] Handling signal: 'DetectedGreenPadSig' from unit1
[SET] ctx.activeInstance = [object Object] (activeAction: detectGreenPad)
[SET] ctx.activeInstance = [object Object] (activeAction: detectGreenPad)
   [HANDLER] Executing 'turnRight' for instance 'unit1'
[SET] ctx.activeAction = turnRight (activeAction: detectGreenPad)
[SET] ctx.activeSignal = DetectedGreenPadSig (activeAction: turnRight)
[SET] ctx.activeActivity = UnitEA (activeAction: turnRight)
[SET] ctx.colorIn = Black (activeAction: turnRight)
[DEBUG SET] colorIn: activeComp=unit1, activeActName=UnitEA, activeAction=turnRight, delegate={"from":"outUnitNavLine","to":"turnRight"}
[DEBUG SET] colorIn: found port=outUnitNavLine, owner=unit1
[DEBUG SET] colorIn: leaves found=navLine.outColor
[DEBUG SET] colorIn: set leafPort navLine.outColor to Black, now value=Black
[SET] ctx.activeAction = turnRight (activeAction: turnRight)
[SET] ctx.activeSignal = DetectedGreenPadSig (activeAction: turnRight)
[SET] ctx.activeActivity = UnitEA (activeAction: turnRight)
[SET] ctx.activeInstance = null (activeAction: turnRight)
📡 [SIGNAL] Handling signal: 'DetectedGreenPadSig' from unit2
♻️  [Simulator] Loop detected on signal 'DetectedGreenPadSig'. Committing pending replication increments.
[SET] ctx.activeInstance = [object Object] (activeAction: turnRight)
[SET] ctx.activeInstance = [object Object] (activeAction: turnRight)
   [HANDLER] Executing 'turnRight' for instance 'unit2'
[SET] ctx.activeAction = turnRight (activeAction: turnRight)
[SET] ctx.activeSignal = DetectedGreenPadSig (activeAction: turnRight)
[SET] ctx.activeActivity = UnitEA (activeAction: turnRight)
[SET] ctx.colorIn = Black (activeAction: turnRight)
[DEBUG SET] colorIn: activeComp=unit2, activeActName=UnitEA, activeAction=turnRight, delegate={"from":"outUnitNavLine","to":"turnRight"}
[DEBUG SET] colorIn: found port=outUnitNavLine, owner=unit2
[DEBUG SET] colorIn: leaves found=navLine.outColor
[DEBUG SET] colorIn: set leafPort navLine.outColor to Black, now value=Black
[SET] ctx.activeAction = turnRight (activeAction: turnRight)
[SET] ctx.activeSignal = DetectedGreenPadSig (activeAction: turnRight)
[SET] ctx.activeActivity = UnitEA (activeAction: turnRight)
[SET] ctx.activeInstance = null (activeAction: turnRight)
📡 [SIGNAL] Handling signal: 'TurnedRightSig' from unit1
[SET] ctx.activeInstance = [object Object] (activeAction: turnRight)
[SET] ctx.activeInstance = [object Object] (activeAction: turnRight)
   [HANDLER] Executing 'detectRedPad' for instance 'unit1'
[SET] ctx.activeAction = detectRedPad (activeAction: turnRight)
[SET] ctx.activeSignal = TurnedRightSig (activeAction: detectRedPad)
[SET] ctx.activeActivity = UnitEA (activeAction: detectRedPad)
[SET] ctx.colorIn = Red (activeAction: detectRedPad)
[DEBUG SET] colorIn: activeComp=unit1, activeActName=UnitEA, activeAction=detectRedPad, delegate={"from":"outUnitNavPad","to":"detectRedPad"}
[DEBUG SET] colorIn: found port=outUnitNavPad, owner=unit1
[CHANGE] 00:00.022 envport.value.changed: outUnitNavPad
[DEBUG SET] colorIn: leaves found=navPad.outColor
[CHANGE] 00:00.022 envport.value.changed: outColor
[DEBUG SET] colorIn: set leafPort navPad.outColor to Red, now value=Red
[SET] ctx.activeAction = detectRedPad (activeAction: detectRedPad)
[SET] ctx.activeSignal = TurnedRightSig (activeAction: detectRedPad)
[SET] ctx.activeActivity = UnitEA (activeAction: detectRedPad)
[SET] ctx.activeInstance = null (activeAction: detectRedPad)
📡 [SIGNAL] Handling signal: 'TurnedRightSig' from unit2
♻️  [Simulator] Loop detected on signal 'TurnedRightSig'. Committing pending replication increments.
[SET] ctx.activeInstance = [object Object] (activeAction: detectRedPad)
[SET] ctx.activeInstance = [object Object] (activeAction: detectRedPad)
   [HANDLER] Executing 'detectRedPad' for instance 'unit2'
[SET] ctx.activeAction = detectRedPad (activeAction: detectRedPad)
[SET] ctx.activeSignal = TurnedRightSig (activeAction: detectRedPad)
[SET] ctx.activeActivity = UnitEA (activeAction: detectRedPad)
[SET] ctx.colorIn = Red (activeAction: detectRedPad)
[DEBUG SET] colorIn: activeComp=unit2, activeActName=UnitEA, activeAction=detectRedPad, delegate={"from":"outUnitNavPad","to":"detectRedPad"}
[DEBUG SET] colorIn: found port=outUnitNavPad, owner=unit2
[CHANGE] 00:00.022 envport.value.changed: outUnitNavPad
[DEBUG SET] colorIn: leaves found=navPad.outColor
[CHANGE] 00:00.022 envport.value.changed: outColor
[DEBUG SET] colorIn: set leafPort navPad.outColor to Red, now value=Red
[SET] ctx.activeAction = detectRedPad (activeAction: detectRedPad)
[SET] ctx.activeSignal = TurnedRightSig (activeAction: detectRedPad)
[SET] ctx.activeActivity = UnitEA (activeAction: detectRedPad)
[SET] ctx.activeInstance = null (activeAction: detectRedPad)
📡 [SIGNAL] Handling signal: 'DetectedRedPadSig' from unit1
[SET] ctx.activeInstance = [object Object] (activeAction: detectRedPad)
[SET] ctx.activeInstance = [object Object] (activeAction: detectRedPad)
   [HANDLER] Executing 'stopAtT' for instance 'unit1'
[SET] ctx.activeAction = stopAtT (activeAction: detectRedPad)
[SET] ctx.activeSignal = DetectedRedPadSig (activeAction: stopAtT)
[SET] ctx.activeActivity = UnitEA (activeAction: stopAtT)
[SET] ctx.colorIn = None (activeAction: stopAtT)
[DEBUG SET] colorIn: activeComp=unit1, activeActName=UnitEA, activeAction=stopAtT, delegate={"from":"outUnitNavPad","to":"stopAtT"}
[DEBUG SET] colorIn: found port=outUnitNavPad, owner=unit1
[CHANGE] 00:00.023 envport.value.changed: outUnitNavPad
[DEBUG SET] colorIn: leaves found=navPad.outColor
[CHANGE] 00:00.023 envport.value.changed: outColor
[DEBUG SET] colorIn: set leafPort navPad.outColor to None, now value=None
[SET] ctx.activeAction = stopAtT (activeAction: stopAtT)
[SET] ctx.activeSignal = DetectedRedPadSig (activeAction: stopAtT)
[SET] ctx.activeActivity = UnitEA (activeAction: stopAtT)
[SET] ctx.activeInstance = null (activeAction: stopAtT)
📡 [SIGNAL] Handling signal: 'DetectedRedPadSig' from unit2
♻️  [Simulator] Loop detected on signal 'DetectedRedPadSig'. Committing pending replication increments.
[SET] ctx.activeInstance = [object Object] (activeAction: stopAtT)
[SET] ctx.activeInstance = [object Object] (activeAction: stopAtT)
   [HANDLER] Executing 'stopAtT' for instance 'unit2'
[SET] ctx.activeAction = stopAtT (activeAction: stopAtT)
[SET] ctx.activeSignal = DetectedRedPadSig (activeAction: stopAtT)
[SET] ctx.activeActivity = UnitEA (activeAction: stopAtT)
[SET] ctx.colorIn = None (activeAction: stopAtT)
[DEBUG SET] colorIn: activeComp=unit2, activeActName=UnitEA, activeAction=stopAtT, delegate={"from":"outUnitNavPad","to":"stopAtT"}
[DEBUG SET] colorIn: found port=outUnitNavPad, owner=unit2
[CHANGE] 00:00.023 envport.value.changed: outUnitNavPad
[DEBUG SET] colorIn: leaves found=navPad.outColor
[CHANGE] 00:00.023 envport.value.changed: outColor
[DEBUG SET] colorIn: set leafPort navPad.outColor to None, now value=None
[SET] ctx.activeAction = stopAtT (activeAction: stopAtT)
[SET] ctx.activeSignal = DetectedRedPadSig (activeAction: stopAtT)
[SET] ctx.activeActivity = UnitEA (activeAction: stopAtT)
[SET] ctx.activeInstance = null (activeAction: stopAtT)
📡 [SIGNAL] Handling signal: 'UnitArrivedAtTSig' from unit1
[SET] ctx.activeInstance = [object Object] (activeAction: stopAtT)
[SET] ctx.activeInstance = [object Object] (activeAction: stopAtT)
   [HANDLER] Executing 'exposePieceT' for instance 'unit1'
[SET] ctx.activeAction = exposePieceT (activeAction: stopAtT)
[SET] ctx.activeSignal = UnitArrivedAtTSig (activeAction: exposePieceT)
[SET] ctx.activeActivity = UnitEA (activeAction: exposePieceT)
[SET] ctx.pieceIn = P2 (activeAction: exposePieceT)
[SET] ctx.activeAction = exposePieceT (activeAction: exposePieceT)
[SET] ctx.activeSignal = UnitArrivedAtTSig (activeAction: exposePieceT)
[SET] ctx.activeActivity = UnitEA (activeAction: exposePieceT)
[SET] ctx.activeInstance = null (activeAction: exposePieceT)
📡 [SIGNAL] Handling signal: 'UnitArrivedAtTSig' from unit2
♻️  [Simulator] Loop detected on signal 'UnitArrivedAtTSig'. Committing pending replication increments.
[SET] ctx.activeInstance = [object Object] (activeAction: exposePieceT)
[SET] ctx.activeInstance = [object Object] (activeAction: exposePieceT)
   [HANDLER] Executing 'exposePieceT' for instance 'unit2'
[SET] ctx.activeAction = exposePieceT (activeAction: exposePieceT)
[SET] ctx.activeSignal = UnitArrivedAtTSig (activeAction: exposePieceT)
[SET] ctx.activeActivity = UnitEA (activeAction: exposePieceT)
[SET] ctx.pieceIn = P2 (activeAction: exposePieceT)
[SET] ctx.activeAction = exposePieceT (activeAction: exposePieceT)
[SET] ctx.activeSignal = UnitArrivedAtTSig (activeAction: exposePieceT)
[SET] ctx.activeActivity = UnitEA (activeAction: exposePieceT)
[SET] ctx.activeInstance = null (activeAction: exposePieceT)
📡 [SIGNAL] Handling signal: 'GrabPieceTSig' from unit1
[SET] ctx.activeInstance = [object Object] (activeAction: exposePieceT)
[SET] ctx.activeInstance = [object Object] (activeAction: exposePieceT)
   [HANDLER] Executing 'extractPieceT' for instance 'unit1'
[SET] ctx.activeAction = extractPieceT (activeAction: exposePieceT)
[SET] ctx.activeSignal = GrabPieceTSig (activeAction: extractPieceT)
[SET] ctx.activeActivity = UnitEA (activeAction: extractPieceT)
[SET] ctx.activeScenarioName = Scenario_RoutingLogic_P1_Unit1 (activeAction: extractPieceT)
[SET] ctx.activeSceneName = SCN_MatrixDecision_SA_P1_Unit1 (activeAction: extractPieceT)
[DEBUG PRE] SCN_MatrixDecision_SA_P1_Unit1: unit1.navLine.outColor = Black, NavColor.Black = Black, unit1.transElevator.outPieceColor = P2, operator1.outParam = P1
🎬 [SCENARIO] [Scenario_RoutingLogic_P1_Unit1] Precondition validation for scene SCN_MatrixDecision_SA_P1_Unit1: ✅ PASS
[SET] ctx.pieceIn = P2 (activeAction: extractPieceT)
[CHANGE] 00:00.026 envport.value.changed: outColor
[CHANGE] 00:00.026 envport.value.changed: outColor
[SET] ctx.activeAction = extractPieceT (activeAction: extractPieceT)
[SET] ctx.activeSignal = GrabPieceTSig (activeAction: extractPieceT)
[SET] ctx.activeActivity = UnitEA (activeAction: extractPieceT)
[SET] ctx.activeInstance = null (activeAction: extractPieceT)
📡 [SIGNAL] Handling signal: 'GrabPieceTSig' from unit2
♻️  [Simulator] Loop detected on signal 'GrabPieceTSig'. Committing pending replication increments.
[SET] ctx.activeInstance = [object Object] (activeAction: extractPieceT)
[SET] ctx.activeInstance = [object Object] (activeAction: extractPieceT)
   [HANDLER] Executing 'extractPieceT' for instance 'unit2'
[SET] ctx.activeAction = extractPieceT (activeAction: extractPieceT)
[SET] ctx.activeSignal = GrabPieceTSig (activeAction: extractPieceT)
[SET] ctx.activeActivity = UnitEA (activeAction: extractPieceT)
[SET] ctx.activeScenarioName = Scenario_RoutingLogic_P1_Unit2 (activeAction: extractPieceT)
[SET] ctx.activeSceneName = SCN_MatrixDecision_SA_P1_Unit2 (activeAction: extractPieceT)
[DEBUG PRE] SCN_MatrixDecision_SA_P1_Unit2: unit2.navLine.outColor = Black, NavColor.Black = Black, unit2.transElevator.outPieceColor = P2, operator2.outParam = P1
🎬 [SCENARIO] [Scenario_RoutingLogic_P1_Unit2] Precondition validation for scene SCN_MatrixDecision_SA_P1_Unit2: ✅ PASS
[SET] ctx.pieceIn = P2 (activeAction: extractPieceT)
[CHANGE] 00:00.027 envport.value.changed: outUnitPieceColor
DEBUG: EnvConnector.activate called for colorC
DEBUG: EnvConnector colorC resolved ports: source=outPieceColor, target=inColor
DEBUG: EnvConnector colorC transferring value: P2
[CONNECT] 00:00.027 envconnector.activated: colorC
DEBUG: SimulationLogger not available or disabled on EnvConnector model
🔗 EnvConnector colorC activated: undefined.undefined → undefined.undefined
[CHANGE] 00:00.027 envport.value.changed: outPieceColor
[CHANGE] 00:00.027 envport.value.changed: outColor
[CHANGE] 00:00.027 envport.value.changed: outColor
[CHANGE] 00:00.027 envport.value.changed: outColor
[SET] ctx.activeAction = extractPieceT (activeAction: extractPieceT)
[SET] ctx.activeSignal = GrabPieceTSig (activeAction: extractPieceT)
[SET] ctx.activeActivity = UnitEA (activeAction: extractPieceT)
[SET] ctx.activeInstance = null (activeAction: extractPieceT)
📡 [SIGNAL] Handling signal: 'ExtractedPieceTSig' from unit1
[SET] ctx.activeInstance = [object Object] (activeAction: extractPieceT)
[SET] ctx.activeInstance = [object Object] (activeAction: extractPieceT)
   [HANDLER] Executing 'routeToSA' for instance 'unit1'
[SET] ctx.activeAction = routeToSA (activeAction: extractPieceT)
[SET] ctx.activeSignal = ExtractedPieceTSig (activeAction: routeToSA)
[SET] ctx.activeActivity = UnitEA (activeAction: routeToSA)
[SET] ctx.colorIn = Green (activeAction: routeToSA)
[DEBUG SET] colorIn: activeComp=unit1, activeActName=UnitEA, activeAction=routeToSA, delegate={"from":"outUnitNavPad","to":"routeToSA"}
[DEBUG SET] colorIn: found port=outUnitNavPad, owner=unit1
[CHANGE] 00:00.027 envport.value.changed: outUnitNavPad
[DEBUG SET] colorIn: leaves found=navPad.outColor
[CHANGE] 00:00.027 envport.value.changed: outColor
[DEBUG SET] colorIn: set leafPort navPad.outColor to Green, now value=Green
[SET] ctx.activeScenarioName = Scenario_RoutingLogic_P1_Unit1 (activeAction: routeToSA)
[SET] ctx.activeSceneName = SCN_MatrixDecision_SA_P1_Unit1 (activeAction: routeToSA)
[DEBUG POST] SCN_MatrixDecision_SA_P1_Unit1: unit1.navLine.outColor = Black, NavColor.None = None, unit1.navPad.outColor = Green, NavColor.Green = Green
🧐 [SCENARIO] [Scenario_RoutingLogic_P1_Unit1] Postcondition validation result for scene SCN_MatrixDecision_SA_P1_Unit1: ✅ PASS
[SET] ctx.activeAction = routeToSA (activeAction: routeToSA)
[SET] ctx.activeSignal = ExtractedPieceTSig (activeAction: routeToSA)
[SET] ctx.activeActivity = UnitEA (activeAction: routeToSA)
[SET] ctx.activeInstance = null (activeAction: routeToSA)
📡 [SIGNAL] Handling signal: 'ExtractedPieceTSig' from unit2
♻️  [Simulator] Loop detected on signal 'ExtractedPieceTSig'. Committing pending replication increments.
[SET] ctx.activeInstance = [object Object] (activeAction: routeToSA)
[SET] ctx.activeInstance = [object Object] (activeAction: routeToSA)
   [HANDLER] Executing 'routeToSA' for instance 'unit2'
[SET] ctx.activeAction = routeToSA (activeAction: routeToSA)
[SET] ctx.activeSignal = ExtractedPieceTSig (activeAction: routeToSA)
[SET] ctx.activeActivity = UnitEA (activeAction: routeToSA)
[SET] ctx.colorIn = Green (activeAction: routeToSA)
[DEBUG SET] colorIn: activeComp=unit2, activeActName=UnitEA, activeAction=routeToSA, delegate={"from":"outUnitNavPad","to":"routeToSA"}
[DEBUG SET] colorIn: found port=outUnitNavPad, owner=unit2
[CHANGE] 00:00.028 envport.value.changed: outUnitNavPad
[DEBUG SET] colorIn: leaves found=navPad.outColor
[CHANGE] 00:00.028 envport.value.changed: outColor
[DEBUG SET] colorIn: set leafPort navPad.outColor to Green, now value=Green
[SET] ctx.activeScenarioName = Scenario_RoutingLogic_P1_Unit2 (activeAction: routeToSA)
[SET] ctx.activeSceneName = SCN_MatrixDecision_SA_P1_Unit2 (activeAction: routeToSA)
[DEBUG POST] SCN_MatrixDecision_SA_P1_Unit2: unit2.navLine.outColor = Black, NavColor.None = None, unit2.navPad.outColor = Green, NavColor.Green = Green
🧐 [SCENARIO] [Scenario_RoutingLogic_P1_Unit2] Postcondition validation result for scene SCN_MatrixDecision_SA_P1_Unit2: ✅ PASS
[SET] ctx.activeAction = routeToSA (activeAction: routeToSA)
[SET] ctx.activeSignal = ExtractedPieceTSig (activeAction: routeToSA)
[SET] ctx.activeActivity = UnitEA (activeAction: routeToSA)
[SET] ctx.activeInstance = null (activeAction: routeToSA)
📡 [SIGNAL] Handling signal: 'RoutedToSASig' from unit1
[SET] ctx.activeInstance = [object Object] (activeAction: routeToSA)
[SET] ctx.activeInstance = [object Object] (activeAction: routeToSA)
   [HANDLER] Executing 'stopAtSPE' for instance 'unit1'
[SET] ctx.activeAction = stopAtSPE (activeAction: routeToSA)
[SET] ctx.activeSignal = RoutedToSASig (activeAction: stopAtSPE)
[SET] ctx.activeActivity = UnitEA (activeAction: stopAtSPE)
[SET] ctx.activeScenarioName = Scenario_PriorityResolution_Unit1 (activeAction: stopAtSPE)
[SET] ctx.activeSceneName = SCN_SPEArrival_Unit1 (activeAction: stopAtSPE)
🎬 [SCENARIO] [Scenario_PriorityResolution_Unit1] Precondition validation for scene SCN_SPEArrival_Unit1: ✅ PASS
[SET] ctx.colorIn = None (activeAction: stopAtSPE)
[DEBUG SET] colorIn: activeComp=unit1, activeActName=UnitEA, activeAction=stopAtSPE, delegate={"from":"outUnitNavPad","to":"stopAtSPE"}
[DEBUG SET] colorIn: found port=outUnitNavPad, owner=unit1
[CHANGE] 00:00.029 envport.value.changed: outUnitNavPad
[DEBUG SET] colorIn: leaves found=navPad.outColor
[CHANGE] 00:00.029 envport.value.changed: outColor
[DEBUG SET] colorIn: set leafPort navPad.outColor to None, now value=None
[SET] ctx.activeAction = stopAtSPE (activeAction: stopAtSPE)
[SET] ctx.activeSignal = RoutedToSASig (activeAction: stopAtSPE)
[SET] ctx.activeActivity = UnitEA (activeAction: stopAtSPE)
[SET] ctx.activeInstance = null (activeAction: stopAtSPE)
📡 [SIGNAL] Handling signal: 'RoutedToSASig' from unit2
♻️  [Simulator] Loop detected on signal 'RoutedToSASig'. Committing pending replication increments.
[SET] ctx.activeInstance = [object Object] (activeAction: stopAtSPE)
[SET] ctx.activeInstance = [object Object] (activeAction: stopAtSPE)
   [HANDLER] Executing 'stopAtSPE' for instance 'unit2'
[SET] ctx.activeAction = stopAtSPE (activeAction: stopAtSPE)
[SET] ctx.activeSignal = RoutedToSASig (activeAction: stopAtSPE)
[SET] ctx.activeActivity = UnitEA (activeAction: stopAtSPE)
[SET] ctx.activeScenarioName = Scenario_PriorityResolution_Unit2 (activeAction: stopAtSPE)
[SET] ctx.activeSceneName = SCN_SPEArrival_Unit2 (activeAction: stopAtSPE)
🎬 [SCENARIO] [Scenario_PriorityResolution_Unit2] Precondition validation for scene SCN_SPEArrival_Unit2: ✅ PASS
[SET] ctx.colorIn = None (activeAction: stopAtSPE)
[DEBUG SET] colorIn: activeComp=unit2, activeActName=UnitEA, activeAction=stopAtSPE, delegate={"from":"outUnitNavPad","to":"stopAtSPE"}
[DEBUG SET] colorIn: found port=outUnitNavPad, owner=unit2
[CHANGE] 00:00.029 envport.value.changed: outUnitNavPad
[DEBUG SET] colorIn: leaves found=navPad.outColor
[CHANGE] 00:00.029 envport.value.changed: outColor
[DEBUG SET] colorIn: set leafPort navPad.outColor to None, now value=None
[SET] ctx.activeAction = stopAtSPE (activeAction: stopAtSPE)
[SET] ctx.activeSignal = RoutedToSASig (activeAction: stopAtSPE)
[SET] ctx.activeActivity = UnitEA (activeAction: stopAtSPE)
[SET] ctx.activeInstance = null (activeAction: stopAtSPE)
📡 [SIGNAL] Handling signal: 'UnitArrivedAtSPESig' from unit1
[SET] ctx.activeInstance = [object Object] (activeAction: stopAtSPE)
[SET] ctx.activeInstance = [object Object] (activeAction: stopAtSPE)
   [HANDLER] Executing 'exposePieceSPE' for instance 'unit1'
[SET] ctx.activeAction = exposePieceSPE (activeAction: stopAtSPE)
[SET] ctx.activeSignal = UnitArrivedAtSPESig (activeAction: exposePieceSPE)
[SET] ctx.activeActivity = UnitEA (activeAction: exposePieceSPE)
[SET] ctx.pieceIn = P2 (activeAction: exposePieceSPE)
[SET] ctx.activeAction = exposePieceSPE (activeAction: exposePieceSPE)
[SET] ctx.activeSignal = UnitArrivedAtSPESig (activeAction: exposePieceSPE)
[SET] ctx.activeActivity = UnitEA (activeAction: exposePieceSPE)
[SET] ctx.activeInstance = null (activeAction: exposePieceSPE)
📡 [SIGNAL] Handling signal: 'UnitArrivedAtSPESig' from unit2
♻️  [Simulator] Loop detected on signal 'UnitArrivedAtSPESig'. Committing pending replication increments.
[SET] ctx.activeInstance = [object Object] (activeAction: exposePieceSPE)
[SET] ctx.activeInstance = [object Object] (activeAction: exposePieceSPE)
   [HANDLER] Executing 'exposePieceSPE' for instance 'unit2'
[SET] ctx.activeAction = exposePieceSPE (activeAction: exposePieceSPE)
[SET] ctx.activeSignal = UnitArrivedAtSPESig (activeAction: exposePieceSPE)
[SET] ctx.activeActivity = UnitEA (activeAction: exposePieceSPE)
[SET] ctx.pieceIn = P2 (activeAction: exposePieceSPE)
[SET] ctx.activeAction = exposePieceSPE (activeAction: exposePieceSPE)
[SET] ctx.activeSignal = UnitArrivedAtSPESig (activeAction: exposePieceSPE)
[SET] ctx.activeActivity = UnitEA (activeAction: exposePieceSPE)
[SET] ctx.activeInstance = null (activeAction: exposePieceSPE)
📡 [SIGNAL] Handling signal: 'GrabPieceSPESig' from unit1
[SET] ctx.activeInstance = [object Object] (activeAction: exposePieceSPE)
[SET] ctx.activeInstance = [object Object] (activeAction: exposePieceSPE)
   [HANDLER] Executing 'extractPieceSPE' for instance 'unit1'
[SET] ctx.activeAction = extractPieceSPE (activeAction: exposePieceSPE)
[SET] ctx.activeSignal = GrabPieceSPESig (activeAction: extractPieceSPE)
[SET] ctx.activeActivity = UnitEA (activeAction: extractPieceSPE)
[SET] ctx.pieceIn = P2 (activeAction: extractPieceSPE)
[SET] ctx.activeScenarioName = Scenario_PriorityResolution_Unit1 (activeAction: extractPieceSPE)
[SET] ctx.activeSceneName = SCN_SPEArrival_Unit1 (activeAction: extractPieceSPE)
🧐 [SCENARIO] [Scenario_PriorityResolution_Unit1] Postcondition validation result for scene SCN_SPEArrival_Unit1: ✅ PASS
🏁 [SCENARIO] All scenes completed for scenario Scenario_PriorityResolution_Unit1
[SET] ctx.activeAction = extractPieceSPE (activeAction: extractPieceSPE)
[SET] ctx.activeSignal = GrabPieceSPESig (activeAction: extractPieceSPE)
[SET] ctx.activeActivity = UnitEA (activeAction: extractPieceSPE)
[SET] ctx.activeInstance = null (activeAction: extractPieceSPE)
📡 [SIGNAL] Handling signal: 'GrabPieceSPESig' from unit2
♻️  [Simulator] Loop detected on signal 'GrabPieceSPESig'. Committing pending replication increments.
[SET] ctx.activeInstance = [object Object] (activeAction: extractPieceSPE)
[SET] ctx.activeInstance = [object Object] (activeAction: extractPieceSPE)
   [HANDLER] Executing 'extractPieceSPE' for instance 'unit2'
[SET] ctx.activeAction = extractPieceSPE (activeAction: extractPieceSPE)
[SET] ctx.activeSignal = GrabPieceSPESig (activeAction: extractPieceSPE)
[SET] ctx.activeActivity = UnitEA (activeAction: extractPieceSPE)
[SET] ctx.pieceIn = P2 (activeAction: extractPieceSPE)
[SET] ctx.activeScenarioName = Scenario_PriorityResolution_Unit2 (activeAction: extractPieceSPE)
[SET] ctx.activeSceneName = SCN_SPEArrival_Unit2 (activeAction: extractPieceSPE)
🧐 [SCENARIO] [Scenario_PriorityResolution_Unit2] Postcondition validation result for scene SCN_SPEArrival_Unit2: ✅ PASS
🏁 [SCENARIO] All scenes completed for scenario Scenario_PriorityResolution_Unit2
[SET] ctx.activeAction = extractPieceSPE (activeAction: extractPieceSPE)
[SET] ctx.activeSignal = GrabPieceSPESig (activeAction: extractPieceSPE)
[SET] ctx.activeActivity = UnitEA (activeAction: extractPieceSPE)
[SET] ctx.activeInstance = null (activeAction: extractPieceSPE)
📡 [SIGNAL] Handling signal: 'ExtractedPieceSPESig' from unit1
[SET] ctx.activeInstance = [object Object] (activeAction: extractPieceSPE)
[SET] ctx.activeInstance = [object Object] (activeAction: extractPieceSPE)
   [HANDLER] Executing 'arriveAtTargetStock' for instance 'unit1'
[SET] ctx.activeAction = arriveAtTargetStock (activeAction: extractPieceSPE)
[SET] ctx.activeSignal = ExtractedPieceSPESig (activeAction: arriveAtTargetStock)
[SET] ctx.activeActivity = UnitEA (activeAction: arriveAtTargetStock)
[SET] ctx.colorIn = Red (activeAction: arriveAtTargetStock)
[DEBUG SET] colorIn: activeComp=unit1, activeActName=UnitEA, activeAction=arriveAtTargetStock, delegate={"from":"outUnitNavPad","to":"arriveAtTargetStock"}
[DEBUG SET] colorIn: found port=outUnitNavPad, owner=unit1
[CHANGE] 00:00.033 envport.value.changed: outUnitNavPad
[DEBUG SET] colorIn: leaves found=navPad.outColor
[CHANGE] 00:00.033 envport.value.changed: outColor
[DEBUG SET] colorIn: set leafPort navPad.outColor to Red, now value=Red
[SET] ctx.activeAction = arriveAtTargetStock (activeAction: arriveAtTargetStock)
[SET] ctx.activeSignal = ExtractedPieceSPESig (activeAction: arriveAtTargetStock)
[SET] ctx.activeActivity = UnitEA (activeAction: arriveAtTargetStock)
[SET] ctx.activeInstance = null (activeAction: arriveAtTargetStock)
📡 [SIGNAL] Handling signal: 'ExtractedPieceSPESig' from unit2
♻️  [Simulator] Loop detected on signal 'ExtractedPieceSPESig'. Committing pending replication increments.
[SET] ctx.activeInstance = [object Object] (activeAction: arriveAtTargetStock)
[SET] ctx.activeInstance = [object Object] (activeAction: arriveAtTargetStock)
   [HANDLER] Executing 'arriveAtTargetStock' for instance 'unit2'
[SET] ctx.activeAction = arriveAtTargetStock (activeAction: arriveAtTargetStock)
[SET] ctx.activeSignal = ExtractedPieceSPESig (activeAction: arriveAtTargetStock)
[SET] ctx.activeActivity = UnitEA (activeAction: arriveAtTargetStock)
[SET] ctx.colorIn = Red (activeAction: arriveAtTargetStock)
[DEBUG SET] colorIn: activeComp=unit2, activeActName=UnitEA, activeAction=arriveAtTargetStock, delegate={"from":"outUnitNavPad","to":"arriveAtTargetStock"}
[DEBUG SET] colorIn: found port=outUnitNavPad, owner=unit2
[CHANGE] 00:00.034 envport.value.changed: outUnitNavPad
[DEBUG SET] colorIn: leaves found=navPad.outColor
[CHANGE] 00:00.034 envport.value.changed: outColor
[DEBUG SET] colorIn: set leafPort navPad.outColor to Red, now value=Red
[SET] ctx.activeAction = arriveAtTargetStock (activeAction: arriveAtTargetStock)
[SET] ctx.activeSignal = ExtractedPieceSPESig (activeAction: arriveAtTargetStock)
[SET] ctx.activeActivity = UnitEA (activeAction: arriveAtTargetStock)
[SET] ctx.activeInstance = null (activeAction: arriveAtTargetStock)
📡 [SIGNAL] Handling signal: 'UnitArrivedAtTargetStockSig' from unit1
[SET] ctx.activeInstance = [object Object] (activeAction: arriveAtTargetStock)
[SET] ctx.activeInstance = [object Object] (activeAction: arriveAtTargetStock)
   [HANDLER] Executing 'acknowledgeTarget' for instance 'unit1'
[SET] ctx.activeAction = acknowledgeTarget (activeAction: arriveAtTargetStock)
[SET] ctx.activeSignal = UnitArrivedAtTargetStockSig (activeAction: acknowledgeTarget)
[SET] ctx.activeActivity = UnitEA (activeAction: acknowledgeTarget)
[SET] ctx.colorIn = Red (activeAction: acknowledgeTarget)
[DEBUG SET] colorIn: activeComp=unit1, activeActName=UnitEA, activeAction=acknowledgeTarget, delegate=undefined
[SET] ctx.activeAction = acknowledgeTarget (activeAction: acknowledgeTarget)
[SET] ctx.activeSignal = UnitArrivedAtTargetStockSig (activeAction: acknowledgeTarget)
[SET] ctx.activeActivity = UnitEA (activeAction: acknowledgeTarget)
[SET] ctx.activeInstance = null (activeAction: acknowledgeTarget)
📡 [SIGNAL] Handling signal: 'UnitArrivedAtTargetStockSig' from unit2
♻️  [Simulator] Loop detected on signal 'UnitArrivedAtTargetStockSig'. Committing pending replication increments.
[SET] ctx.activeInstance = [object Object] (activeAction: acknowledgeTarget)
[SET] ctx.activeInstance = [object Object] (activeAction: acknowledgeTarget)
   [HANDLER] Executing 'acknowledgeTarget' for instance 'unit2'
[SET] ctx.activeAction = acknowledgeTarget (activeAction: acknowledgeTarget)
[SET] ctx.activeSignal = UnitArrivedAtTargetStockSig (activeAction: acknowledgeTarget)
[SET] ctx.activeActivity = UnitEA (activeAction: acknowledgeTarget)
[SET] ctx.colorIn = Red (activeAction: acknowledgeTarget)
[DEBUG SET] colorIn: activeComp=unit2, activeActName=UnitEA, activeAction=acknowledgeTarget, delegate=undefined
[SET] ctx.activeAction = acknowledgeTarget (activeAction: acknowledgeTarget)
[SET] ctx.activeSignal = UnitArrivedAtTargetStockSig (activeAction: acknowledgeTarget)
[SET] ctx.activeActivity = UnitEA (activeAction: acknowledgeTarget)
[SET] ctx.activeInstance = null (activeAction: acknowledgeTarget)
📡 [SIGNAL] Handling signal: 'DropPieceSig' from unit1
[SET] ctx.activeInstance = [object Object] (activeAction: acknowledgeTarget)
[SET] ctx.activeInstance = [object Object] (activeAction: acknowledgeTarget)
   [HANDLER] Executing 'insertPieceSPD' for instance 'unit1'
[SET] ctx.activeAction = insertPieceSPD (activeAction: acknowledgeTarget)
[SET] ctx.activeSignal = DropPieceSig (activeAction: insertPieceSPD)
[SET] ctx.activeActivity = UnitEA (activeAction: insertPieceSPD)
[SET] ctx.pieceIn = P2 (activeAction: insertPieceSPD)
[CHANGE] 00:00.035 envport.value.changed: outSPDPieceColor
[SET] ctx.activeAction = insertPieceSPD (activeAction: insertPieceSPD)
[SET] ctx.activeSignal = DropPieceSig (activeAction: insertPieceSPD)
[SET] ctx.activeActivity = UnitEA (activeAction: insertPieceSPD)
[SET] ctx.activeInstance = null (activeAction: insertPieceSPD)
📡 [SIGNAL] Handling signal: 'DropPieceSig' from unit2
♻️  [Simulator] Loop detected on signal 'DropPieceSig'. Committing pending replication increments.
[SET] ctx.activeInstance = [object Object] (activeAction: insertPieceSPD)
[SET] ctx.activeInstance = [object Object] (activeAction: insertPieceSPD)
   [HANDLER] Executing 'insertPieceSPD' for instance 'unit2'
[SET] ctx.activeAction = insertPieceSPD (activeAction: insertPieceSPD)
[SET] ctx.activeSignal = DropPieceSig (activeAction: insertPieceSPD)
[SET] ctx.activeActivity = UnitEA (activeAction: insertPieceSPD)
[SET] ctx.pieceIn = P2 (activeAction: insertPieceSPD)
[CHANGE] 00:00.035 envport.value.changed: outSPDPieceColor
[SET] ctx.activeAction = insertPieceSPD (activeAction: insertPieceSPD)
[SET] ctx.activeSignal = DropPieceSig (activeAction: insertPieceSPD)
[SET] ctx.activeActivity = UnitEA (activeAction: insertPieceSPD)
[SET] ctx.activeInstance = null (activeAction: insertPieceSPD)
📡 [SIGNAL] Handling signal: 'InsertedPieceSPDSig' from unit1
[SET] ctx.activeInstance = [object Object] (activeAction: insertPieceSPD)
[SET] ctx.activeInstance = [object Object] (activeAction: insertPieceSPD)
   [HANDLER] Executing 'returnJourney' for instance 'unit1'
[SET] ctx.activeAction = returnJourney (activeAction: insertPieceSPD)
[SET] ctx.activeSignal = InsertedPieceSPDSig (activeAction: returnJourney)
[SET] ctx.activeActivity = UnitEA (activeAction: returnJourney)
[SET] ctx.activeScenarioName = Scenario_EndMission_Unit1 (activeAction: returnJourney)
[SET] ctx.activeSceneName = SCN_ReturnToPA_Unit1 (activeAction: returnJourney)
[DEBUG PRE] SCN_ReturnToPA_Unit1: unit1.navLine.outColor = Black, NavColor.Black = Black, unit1.transElevator.outPieceColor = P2, operator1.outParam = P1
🎬 [SCENARIO] [Scenario_EndMission_Unit1] Precondition validation for scene SCN_ReturnToPA_Unit1: ✅ PASS
[SET] ctx.colorIn = Black (activeAction: returnJourney)
[DEBUG SET] colorIn: activeComp=unit1, activeActName=UnitEA, activeAction=returnJourney, delegate={"from":"outUnitNavLine","to":"returnJourney"}
[DEBUG SET] colorIn: found port=outUnitNavLine, owner=unit1
[DEBUG SET] colorIn: leaves found=navLine.outColor
[DEBUG SET] colorIn: set leafPort navLine.outColor to Black, now value=Black
[SET] ctx.activeAction = returnJourney (activeAction: returnJourney)
[SET] ctx.activeSignal = InsertedPieceSPDSig (activeAction: returnJourney)
[SET] ctx.activeActivity = UnitEA (activeAction: returnJourney)
[SET] ctx.activeInstance = null (activeAction: returnJourney)
📡 [SIGNAL] Handling signal: 'InsertedPieceSPDSig' from unit2
♻️  [Simulator] Loop detected on signal 'InsertedPieceSPDSig'. Committing pending replication increments.
[SET] ctx.activeInstance = [object Object] (activeAction: returnJourney)
[SET] ctx.activeInstance = [object Object] (activeAction: returnJourney)
   [HANDLER] Executing 'returnJourney' for instance 'unit2'
[SET] ctx.activeAction = returnJourney (activeAction: returnJourney)
[SET] ctx.activeSignal = InsertedPieceSPDSig (activeAction: returnJourney)
[SET] ctx.activeActivity = UnitEA (activeAction: returnJourney)
[SET] ctx.activeScenarioName = Scenario_EndMission_Unit2 (activeAction: returnJourney)
[SET] ctx.activeSceneName = SCN_ReturnToPA_Unit2 (activeAction: returnJourney)
[DEBUG PRE] SCN_ReturnToPA_Unit2: unit2.navLine.outColor = Black, NavColor.Black = Black, unit2.transElevator.outPieceColor = P2, operator2.outParam = P1
🎬 [SCENARIO] [Scenario_EndMission_Unit2] Precondition validation for scene SCN_ReturnToPA_Unit2: ✅ PASS
[SET] ctx.colorIn = Black (activeAction: returnJourney)
[DEBUG SET] colorIn: activeComp=unit2, activeActName=UnitEA, activeAction=returnJourney, delegate={"from":"outUnitNavLine","to":"returnJourney"}
[DEBUG SET] colorIn: found port=outUnitNavLine, owner=unit2
[DEBUG SET] colorIn: leaves found=navLine.outColor
[DEBUG SET] colorIn: set leafPort navLine.outColor to Black, now value=Black
[SET] ctx.activeAction = returnJourney (activeAction: returnJourney)
[SET] ctx.activeSignal = InsertedPieceSPDSig (activeAction: returnJourney)
[SET] ctx.activeActivity = UnitEA (activeAction: returnJourney)
[SET] ctx.activeInstance = null (activeAction: returnJourney)
📡 [SIGNAL] Handling signal: 'ReturnJourneyStartedSig' from unit1
[SET] ctx.activeInstance = [object Object] (activeAction: returnJourney)
[SET] ctx.activeInstance = [object Object] (activeAction: returnJourney)
   [HANDLER] Executing 'obstacleDetected' for instance 'unit1'
[SET] ctx.activeAction = obstacleDetected (activeAction: returnJourney)
[SET] ctx.activeSignal = ReturnJourneyStartedSig (activeAction: obstacleDetected)
[SET] ctx.activeActivity = UnitEA (activeAction: obstacleDetected)
[SET] ctx.activeScenarioName = Scenario_ObstacleHandling_Unit1 (activeAction: obstacleDetected)
[SET] ctx.activeSceneName = SCN_ObstacleStop_Unit1 (activeAction: obstacleDetected)
[DEBUG PRE] SCN_ObstacleStop_Unit1: unit1.navLine.outColor = Black, NavColor.Black = Black, unit1.transElevator.outPieceColor = P2, operator1.outParam = P1
🎬 [SCENARIO] [Scenario_ObstacleHandling_Unit1] Precondition validation for scene SCN_ObstacleStop_Unit1: ✅ PASS
[SET] ctx.colorIn = None (activeAction: obstacleDetected)
[DEBUG SET] colorIn: activeComp=unit1, activeActName=UnitEA, activeAction=obstacleDetected, delegate={"from":"outUnitNavLine","to":"obstacleDetected"}
[DEBUG SET] colorIn: found port=outUnitNavLine, owner=unit1
[CHANGE] 00:00.038 envport.value.changed: outUnitNavLine
[DEBUG SET] colorIn: leaves found=navLine.outColor
[CHANGE] 00:00.038 envport.value.changed: outColor
[DEBUG SET] colorIn: set leafPort navLine.outColor to None, now value=None
[SET] ctx.activeScenarioName = Scenario_ObstacleHandling_Unit1 (activeAction: obstacleDetected)
[SET] ctx.activeSceneName = SCN_ObstacleStop_Unit1 (activeAction: obstacleDetected)
[DEBUG POST] SCN_ObstacleStop_Unit1: unit1.navLine.outColor = None, NavColor.None = None, unit1.navPad.outColor = Red, NavColor.Green = Green
🧐 [SCENARIO] [Scenario_ObstacleHandling_Unit1] Postcondition validation result for scene SCN_ObstacleStop_Unit1: ✅ PASS
[SET] ctx.activeAction = obstacleDetected (activeAction: obstacleDetected)
[SET] ctx.activeSignal = ReturnJourneyStartedSig (activeAction: obstacleDetected)
[SET] ctx.activeActivity = UnitEA (activeAction: obstacleDetected)
[SET] ctx.activeInstance = null (activeAction: obstacleDetected)
📡 [SIGNAL] Handling signal: 'ReturnJourneyStartedSig' from unit2
♻️  [Simulator] Loop detected on signal 'ReturnJourneyStartedSig'. Committing pending replication increments.
[SET] ctx.activeInstance = [object Object] (activeAction: obstacleDetected)
[SET] ctx.activeInstance = [object Object] (activeAction: obstacleDetected)
   [HANDLER] Executing 'obstacleDetected' for instance 'unit2'
[SET] ctx.activeAction = obstacleDetected (activeAction: obstacleDetected)
[SET] ctx.activeSignal = ReturnJourneyStartedSig (activeAction: obstacleDetected)
[SET] ctx.activeActivity = UnitEA (activeAction: obstacleDetected)
[SET] ctx.activeScenarioName = Scenario_ObstacleHandling_Unit2 (activeAction: obstacleDetected)
[SET] ctx.activeSceneName = SCN_ObstacleStop_Unit2 (activeAction: obstacleDetected)
[DEBUG PRE] SCN_ObstacleStop_Unit2: unit2.navLine.outColor = Black, NavColor.Black = Black, unit2.transElevator.outPieceColor = P2, operator2.outParam = P1
🎬 [SCENARIO] [Scenario_ObstacleHandling_Unit2] Precondition validation for scene SCN_ObstacleStop_Unit2: ✅ PASS
[SET] ctx.colorIn = None (activeAction: obstacleDetected)
[DEBUG SET] colorIn: activeComp=unit2, activeActName=UnitEA, activeAction=obstacleDetected, delegate={"from":"outUnitNavLine","to":"obstacleDetected"}
[DEBUG SET] colorIn: found port=outUnitNavLine, owner=unit2
[CHANGE] 00:00.038 envport.value.changed: outUnitNavLine
[DEBUG SET] colorIn: leaves found=navLine.outColor
[CHANGE] 00:00.038 envport.value.changed: outColor
[DEBUG SET] colorIn: set leafPort navLine.outColor to None, now value=None
[SET] ctx.activeScenarioName = Scenario_ObstacleHandling_Unit2 (activeAction: obstacleDetected)
[SET] ctx.activeSceneName = SCN_ObstacleStop_Unit2 (activeAction: obstacleDetected)
[DEBUG POST] SCN_ObstacleStop_Unit2: unit2.navLine.outColor = None, NavColor.None = None, unit2.navPad.outColor = Red, NavColor.Green = Green
🧐 [SCENARIO] [Scenario_ObstacleHandling_Unit2] Postcondition validation result for scene SCN_ObstacleStop_Unit2: ✅ PASS
[SET] ctx.activeAction = obstacleDetected (activeAction: obstacleDetected)
[SET] ctx.activeSignal = ReturnJourneyStartedSig (activeAction: obstacleDetected)
[SET] ctx.activeActivity = UnitEA (activeAction: obstacleDetected)
[SET] ctx.activeInstance = null (activeAction: obstacleDetected)
📡 [SIGNAL] Handling signal: 'ObstacleDetectedSig' from unit1
[SET] ctx.activeInstance = [object Object] (activeAction: obstacleDetected)
[SET] ctx.activeInstance = [object Object] (activeAction: obstacleDetected)
   [HANDLER] Executing 'obstacleRemoved' for instance 'unit1'
[SET] ctx.activeAction = obstacleRemoved (activeAction: obstacleDetected)
[SET] ctx.activeSignal = ObstacleDetectedSig (activeAction: obstacleRemoved)
[SET] ctx.activeActivity = UnitEA (activeAction: obstacleRemoved)
[SET] ctx.activeScenarioName = Scenario_ObstacleHandling_Unit1 (activeAction: obstacleRemoved)
[SET] ctx.activeSceneName = SCN_ObstacleResume_Unit1 (activeAction: obstacleRemoved)
[DEBUG PRE] SCN_ObstacleResume_Unit1: unit1.navLine.outColor = None, NavColor.Black = Black, unit1.transElevator.outPieceColor = P2, operator1.outParam = P1
🎬 [SCENARIO] [Scenario_ObstacleHandling_Unit1] Precondition validation for scene SCN_ObstacleResume_Unit1: ✅ PASS
[SET] ctx.colorIn = Black (activeAction: obstacleRemoved)
[DEBUG SET] colorIn: activeComp=unit1, activeActName=UnitEA, activeAction=obstacleRemoved, delegate={"from":"outUnitNavLine","to":"obstacleRemoved"}
[DEBUG SET] colorIn: found port=outUnitNavLine, owner=unit1
[CHANGE] 00:00.039 envport.value.changed: outUnitNavLine
[DEBUG SET] colorIn: leaves found=navLine.outColor
[CHANGE] 00:00.039 envport.value.changed: outColor
[DEBUG SET] colorIn: set leafPort navLine.outColor to Black, now value=Black
[SET] ctx.activeScenarioName = Scenario_ObstacleHandling_Unit1 (activeAction: obstacleRemoved)
[SET] ctx.activeSceneName = SCN_ObstacleResume_Unit1 (activeAction: obstacleRemoved)
[DEBUG POST] SCN_ObstacleResume_Unit1: unit1.navLine.outColor = Black, NavColor.None = None, unit1.navPad.outColor = Red, NavColor.Green = Green
🧐 [SCENARIO] [Scenario_ObstacleHandling_Unit1] Postcondition validation result for scene SCN_ObstacleResume_Unit1: ✅ PASS
🏁 [SCENARIO] All scenes completed for scenario Scenario_ObstacleHandling_Unit1
[SET] ctx.activeAction = obstacleRemoved (activeAction: obstacleRemoved)
[SET] ctx.activeSignal = ObstacleDetectedSig (activeAction: obstacleRemoved)
[SET] ctx.activeActivity = UnitEA (activeAction: obstacleRemoved)
[SET] ctx.activeInstance = null (activeAction: obstacleRemoved)
📡 [SIGNAL] Handling signal: 'ObstacleDetectedSig' from unit2
♻️  [Simulator] Loop detected on signal 'ObstacleDetectedSig'. Committing pending replication increments.
[SET] ctx.activeInstance = [object Object] (activeAction: obstacleRemoved)
[SET] ctx.activeInstance = [object Object] (activeAction: obstacleRemoved)
   [HANDLER] Executing 'obstacleRemoved' for instance 'unit2'
[SET] ctx.activeAction = obstacleRemoved (activeAction: obstacleRemoved)
[SET] ctx.activeSignal = ObstacleDetectedSig (activeAction: obstacleRemoved)
[SET] ctx.activeActivity = UnitEA (activeAction: obstacleRemoved)
[SET] ctx.activeScenarioName = Scenario_ObstacleHandling_Unit2 (activeAction: obstacleRemoved)
[SET] ctx.activeSceneName = SCN_ObstacleResume_Unit2 (activeAction: obstacleRemoved)
[DEBUG PRE] SCN_ObstacleResume_Unit2: unit2.navLine.outColor = None, NavColor.Black = Black, unit2.transElevator.outPieceColor = P2, operator2.outParam = P1
🎬 [SCENARIO] [Scenario_ObstacleHandling_Unit2] Precondition validation for scene SCN_ObstacleResume_Unit2: ✅ PASS
[SET] ctx.colorIn = Black (activeAction: obstacleRemoved)
[DEBUG SET] colorIn: activeComp=unit2, activeActName=UnitEA, activeAction=obstacleRemoved, delegate={"from":"outUnitNavLine","to":"obstacleRemoved"}
[DEBUG SET] colorIn: found port=outUnitNavLine, owner=unit2
[CHANGE] 00:00.039 envport.value.changed: outUnitNavLine
[DEBUG SET] colorIn: leaves found=navLine.outColor
[CHANGE] 00:00.039 envport.value.changed: outColor
[DEBUG SET] colorIn: set leafPort navLine.outColor to Black, now value=Black
[SET] ctx.activeScenarioName = Scenario_ObstacleHandling_Unit2 (activeAction: obstacleRemoved)
[SET] ctx.activeSceneName = SCN_ObstacleResume_Unit2 (activeAction: obstacleRemoved)
[DEBUG POST] SCN_ObstacleResume_Unit2: unit2.navLine.outColor = Black, NavColor.None = None, unit2.navPad.outColor = Red, NavColor.Green = Green
🧐 [SCENARIO] [Scenario_ObstacleHandling_Unit2] Postcondition validation result for scene SCN_ObstacleResume_Unit2: ✅ PASS
🏁 [SCENARIO] All scenes completed for scenario Scenario_ObstacleHandling_Unit2
[SET] ctx.activeAction = obstacleRemoved (activeAction: obstacleRemoved)
[SET] ctx.activeSignal = ObstacleDetectedSig (activeAction: obstacleRemoved)
[SET] ctx.activeActivity = UnitEA (activeAction: obstacleRemoved)
[SET] ctx.activeInstance = null (activeAction: obstacleRemoved)
📡 [SIGNAL] Handling signal: 'ObstacleRemovedSig' from unit1
[SET] ctx.activeInstance = [object Object] (activeAction: obstacleRemoved)
[SET] ctx.activeInstance = [object Object] (activeAction: obstacleRemoved)
   [HANDLER] Executing 'arriveAtPA' for instance 'unit1'
[SET] ctx.activeAction = arriveAtPA (activeAction: obstacleRemoved)
[SET] ctx.activeSignal = ObstacleRemovedSig (activeAction: arriveAtPA)
[SET] ctx.activeActivity = UnitEA (activeAction: arriveAtPA)
[SET] ctx.colorIn = Black (activeAction: arriveAtPA)
[DEBUG SET] colorIn: activeComp=unit1, activeActName=UnitEA, activeAction=arriveAtPA, delegate={"from":"outUnitPAColor","to":"arriveAtPA"}
[DEBUG SET] colorIn: found port=outUnitPAColor, owner=unit1
[CHANGE] 00:00.040 envport.value.changed: outUnitPAColor
[DEBUG SET] colorIn: leaves found=standbyPos.outColor
[CHANGE] 00:00.040 envport.value.changed: outColor
[DEBUG SET] colorIn: set leafPort standbyPos.outColor to Black, now value=Black
[SET] ctx.activeScenarioName = Scenario_EndMission_Unit1 (activeAction: arriveAtPA)
[SET] ctx.activeSceneName = SCN_ReturnToPA_Unit1 (activeAction: arriveAtPA)
[DEBUG POST] SCN_ReturnToPA_Unit1: unit1.navLine.outColor = Black, NavColor.None = None, unit1.navPad.outColor = Red, NavColor.Green = Green
🧐 [SCENARIO] [Scenario_EndMission_Unit1] Postcondition validation result for scene SCN_ReturnToPA_Unit1: ✅ PASS
🏁 [SCENARIO] All scenes completed for scenario Scenario_EndMission_Unit1
[SET] ctx.activeInstance = null (activeAction: arriveAtPA)
📡 [SIGNAL] Handling signal: 'ObstacleRemovedSig' from unit2
♻️  [Simulator] Loop detected on signal 'ObstacleRemovedSig'. Committing pending replication increments.
[SET] ctx.activeInstance = [object Object] (activeAction: arriveAtPA)
[SET] ctx.activeInstance = [object Object] (activeAction: arriveAtPA)
   [HANDLER] Executing 'arriveAtPA' for instance 'unit2'
[SET] ctx.activeAction = arriveAtPA (activeAction: arriveAtPA)
[SET] ctx.activeSignal = ObstacleRemovedSig (activeAction: arriveAtPA)
[SET] ctx.activeActivity = UnitEA (activeAction: arriveAtPA)
[SET] ctx.colorIn = Black (activeAction: arriveAtPA)
[DEBUG SET] colorIn: activeComp=unit2, activeActName=UnitEA, activeAction=arriveAtPA, delegate={"from":"outUnitPAColor","to":"arriveAtPA"}
[DEBUG SET] colorIn: found port=outUnitPAColor, owner=unit2
[CHANGE] 00:00.040 envport.value.changed: outUnitPAColor
[DEBUG SET] colorIn: leaves found=standbyPos.outColor
[CHANGE] 00:00.040 envport.value.changed: outColor
[DEBUG SET] colorIn: set leafPort standbyPos.outColor to Black, now value=Black
[SET] ctx.activeScenarioName = Scenario_EndMission_Unit2 (activeAction: arriveAtPA)
[SET] ctx.activeSceneName = SCN_ReturnToPA_Unit2 (activeAction: arriveAtPA)
[DEBUG POST] SCN_ReturnToPA_Unit2: unit2.navLine.outColor = Black, NavColor.None = None, unit2.navPad.outColor = Red, NavColor.Green = Green
🧐 [SCENARIO] [Scenario_EndMission_Unit2] Postcondition validation result for scene SCN_ReturnToPA_Unit2: ✅ PASS
🏁 [SCENARIO] All scenes completed for scenario Scenario_EndMission_Unit2
[SET] ctx.activeInstance = null (activeAction: arriveAtPA)
[SET] ctx.activeScenarios = [object Object],[object Object],[object Object],[object Object],[object Object],[object Object],[object Object],[object Object] (activeAction: arriveAtPA)
🎬 [SCENARIO] Reusing already registered passive observer for scenario: Scenario_RoutingLogic_P1_Unit1
[SET] ctx.activeScenarios = [object Object],[object Object],[object Object],[object Object],[object Object],[object Object],[object Object],[object Object] (activeAction: arriveAtPA)
🎬 [SCENARIO] Reusing already registered passive observer for scenario: Scenario_ObstacleHandling_Unit1
[SET] ctx.activeScenarios = [object Object],[object Object],[object Object],[object Object],[object Object],[object Object],[object Object],[object Object] (activeAction: arriveAtPA)
🎬 [SCENARIO] Reusing already registered passive observer for scenario: Scenario_PriorityResolution_Unit1
[SET] ctx.activeScenarios = [object Object],[object Object],[object Object],[object Object],[object Object],[object Object],[object Object],[object Object] (activeAction: arriveAtPA)
🎬 [SCENARIO] Reusing already registered passive observer for scenario: Scenario_EndMission_Unit1
[SET] ctx.activeScenarios = [object Object],[object Object],[object Object],[object Object],[object Object],[object Object],[object Object],[object Object] (activeAction: arriveAtPA)
🎬 [SCENARIO] Reusing already registered passive observer for scenario: Scenario_RoutingLogic_P1_Unit2
[SET] ctx.activeScenarios = [object Object],[object Object],[object Object],[object Object],[object Object],[object Object],[object Object],[object Object] (activeAction: arriveAtPA)
🎬 [SCENARIO] Reusing already registered passive observer for scenario: Scenario_ObstacleHandling_Unit2
[SET] ctx.activeScenarios = [object Object],[object Object],[object Object],[object Object],[object Object],[object Object],[object Object],[object Object] (activeAction: arriveAtPA)
🎬 [SCENARIO] Reusing already registered passive observer for scenario: Scenario_PriorityResolution_Unit2
[SET] ctx.activeScenarios = [object Object],[object Object],[object Object],[object Object],[object Object],[object Object],[object Object],[object Object] (activeAction: arriveAtPA)
🎬 [SCENARIO] Reusing already registered passive observer for scenario: Scenario_EndMission_Unit2
⚡ [SCHEDULER] Injecting signal: ObstacleDetectedSig
📡 [SIGNAL] Handling signal: 'ObstacleDetectedSig' from global
[SET] ctx.activeInstance = [object Object] (activeAction: arriveAtPA)
[SET] ctx.activeInstance = [object Object] (activeAction: arriveAtPA)
[SET] ctx.activeInstance = [object Object] (activeAction: arriveAtPA)
   [HANDLER] Executing 'obstacleRemoved' for instance 'unit1'
[SET] ctx.activeAction = obstacleRemoved (activeAction: arriveAtPA)
[SET] ctx.activeSignal = ObstacleDetectedSig (activeAction: obstacleRemoved)
[SET] ctx.activeActivity = UnitEA (activeAction: obstacleRemoved)
[SET] ctx.colorIn = Black (activeAction: obstacleRemoved)
[DEBUG SET] colorIn: activeComp=unit1, activeActName=UnitEA, activeAction=obstacleRemoved, delegate={"from":"outUnitNavLine","to":"obstacleRemoved"}
[DEBUG SET] colorIn: found port=outUnitNavLine, owner=unit1
[DEBUG SET] colorIn: leaves found=navLine.outColor
[DEBUG SET] colorIn: set leafPort navLine.outColor to Black, now value=Black
[SET] ctx.activeAction = obstacleRemoved (activeAction: obstacleRemoved)
[SET] ctx.activeSignal = ObstacleDetectedSig (activeAction: obstacleRemoved)
[SET] ctx.activeActivity = UnitEA (activeAction: obstacleRemoved)
[SET] ctx.activeInstance = [object Object] (activeAction: obstacleRemoved)
   [HANDLER] Executing 'obstacleRemoved' for instance 'unit2'
[SET] ctx.activeAction = obstacleRemoved (activeAction: obstacleRemoved)
[SET] ctx.activeSignal = ObstacleDetectedSig (activeAction: obstacleRemoved)
[SET] ctx.activeActivity = UnitEA (activeAction: obstacleRemoved)
[SET] ctx.colorIn = Black (activeAction: obstacleRemoved)
[DEBUG SET] colorIn: activeComp=unit2, activeActName=UnitEA, activeAction=obstacleRemoved, delegate={"from":"outUnitNavLine","to":"obstacleRemoved"}
[DEBUG SET] colorIn: found port=outUnitNavLine, owner=unit2
[DEBUG SET] colorIn: leaves found=navLine.outColor
[DEBUG SET] colorIn: set leafPort navLine.outColor to Black, now value=Black
[SET] ctx.activeAction = obstacleRemoved (activeAction: obstacleRemoved)
[SET] ctx.activeSignal = ObstacleDetectedSig (activeAction: obstacleRemoved)
[SET] ctx.activeActivity = UnitEA (activeAction: obstacleRemoved)
[SET] ctx.activeInstance = null (activeAction: obstacleRemoved)
📡 [SIGNAL] Handling signal: 'ObstacleRemovedSig' from unit1
[SET] ctx.activeInstance = [object Object] (activeAction: obstacleRemoved)
[SET] ctx.activeInstance = [object Object] (activeAction: obstacleRemoved)
   [HANDLER] Executing 'arriveAtPA' for instance 'unit1'
[SET] ctx.activeAction = arriveAtPA (activeAction: obstacleRemoved)
[SET] ctx.activeSignal = ObstacleRemovedSig (activeAction: arriveAtPA)
[SET] ctx.activeActivity = UnitEA (activeAction: arriveAtPA)
[SET] ctx.colorIn = Black (activeAction: arriveAtPA)
[DEBUG SET] colorIn: activeComp=unit1, activeActName=UnitEA, activeAction=arriveAtPA, delegate={"from":"outUnitPAColor","to":"arriveAtPA"}
[DEBUG SET] colorIn: found port=outUnitPAColor, owner=unit1
[DEBUG SET] colorIn: leaves found=standbyPos.outColor
[DEBUG SET] colorIn: set leafPort standbyPos.outColor to Black, now value=Black
[SET] ctx.activeInstance = null (activeAction: arriveAtPA)
📡 [SIGNAL] Handling signal: 'ObstacleRemovedSig' from unit2
♻️  [Simulator] Loop detected on signal 'ObstacleRemovedSig'. Committing pending replication increments.
[SET] ctx.activeInstance = [object Object] (activeAction: arriveAtPA)
[SET] ctx.activeInstance = [object Object] (activeAction: arriveAtPA)
   [HANDLER] Executing 'arriveAtPA' for instance 'unit2'
[SET] ctx.activeAction = arriveAtPA (activeAction: arriveAtPA)
[SET] ctx.activeSignal = ObstacleRemovedSig (activeAction: arriveAtPA)
[SET] ctx.activeActivity = UnitEA (activeAction: arriveAtPA)
[SET] ctx.colorIn = Black (activeAction: arriveAtPA)
[DEBUG SET] colorIn: activeComp=unit2, activeActName=UnitEA, activeAction=arriveAtPA, delegate={"from":"outUnitPAColor","to":"arriveAtPA"}
[DEBUG SET] colorIn: found port=outUnitPAColor, owner=unit2
[DEBUG SET] colorIn: leaves found=standbyPos.outColor
[DEBUG SET] colorIn: set leafPort standbyPos.outColor to Black, now value=Black
[SET] ctx.activeInstance = null (activeAction: arriveAtPA)
⚡ [SCHEDULER] Injecting signal: ObstacleRemovedSig
📡 [SIGNAL] Handling signal: 'ObstacleRemovedSig' from global
[SET] ctx.activeInstance = [object Object] (activeAction: arriveAtPA)
[SET] ctx.activeInstance = [object Object] (activeAction: arriveAtPA)
[SET] ctx.activeInstance = [object Object] (activeAction: arriveAtPA)
   [HANDLER] Executing 'arriveAtPA' for instance 'unit1'
[SET] ctx.activeAction = arriveAtPA (activeAction: arriveAtPA)
[SET] ctx.activeSignal = ObstacleRemovedSig (activeAction: arriveAtPA)
[SET] ctx.activeActivity = UnitEA (activeAction: arriveAtPA)
[SET] ctx.colorIn = Black (activeAction: arriveAtPA)
[DEBUG SET] colorIn: activeComp=unit1, activeActName=UnitEA, activeAction=arriveAtPA, delegate={"from":"outUnitPAColor","to":"arriveAtPA"}
[DEBUG SET] colorIn: found port=outUnitPAColor, owner=unit1
[DEBUG SET] colorIn: leaves found=standbyPos.outColor
[DEBUG SET] colorIn: set leafPort standbyPos.outColor to Black, now value=Black
[SET] ctx.activeInstance = [object Object] (activeAction: arriveAtPA)
   [HANDLER] Executing 'arriveAtPA' for instance 'unit2'
[SET] ctx.activeAction = arriveAtPA (activeAction: arriveAtPA)
[SET] ctx.activeSignal = ObstacleRemovedSig (activeAction: arriveAtPA)
[SET] ctx.activeActivity = UnitEA (activeAction: arriveAtPA)
[SET] ctx.colorIn = Black (activeAction: arriveAtPA)
[DEBUG SET] colorIn: activeComp=unit2, activeActName=UnitEA, activeAction=arriveAtPA, delegate={"from":"outUnitPAColor","to":"arriveAtPA"}
[DEBUG SET] colorIn: found port=outUnitPAColor, owner=unit2
[DEBUG SET] colorIn: leaves found=standbyPos.outColor
[DEBUG SET] colorIn: set leafPort standbyPos.outColor to Black, now value=Black
[SET] ctx.activeInstance = null (activeAction: arriveAtPA)
⏳ [SCENARIO] Timeout reached for scenario Scenario_RoutingLogic_P1_Unit1. Resolving pending scenes.
⏳ [SCENARIO] Timeout reached for scenario Scenario_RoutingLogic_P1_Unit2. Resolving pending scenes.
[SET] ctx.parallelResults = [object Object],[object Object],[object Object],[object Object],[object Object],[object Object],[object Object],[object Object] (activeAction: arriveAtPA)

============================================================
╔═══════════════════════════════════════════════════════╗
║      SysADL Scenario Execution: RobAFIS_Validation_Run_P1 ║
║      Mode: once                                       ║
╚═══════════════════════════════════════════════════════╝

▶ RobAFIS_Validation_Run_P1
  ├── [PARALLEL]
  │   ├── Scenario_RoutingLogic_P1_Unit1
  │   │   ├── SCN_MatrixDecision_SA_P1_Unit1 [✅ PASS]
  │   │   │   ├── Preconditions:  [✅ PASS]
  │   │   │   └── Postconditions: [✅ PASS]
  │   │   ├── SCN_MatrixDecision_SPD_P1_Unit1 [❌ FAIL]
  │   │   Result: [❌ FAIL] (1/2 scenes)
  │   │
  │   ├── Scenario_ObstacleHandling_Unit1
  │   │   ├── SCN_ObstacleStop_Unit1 [✅ PASS]
  │   │   │   ├── Preconditions:  [✅ PASS]
  │   │   │   └── Postconditions: [✅ PASS]
  │   │   ├── SCN_ObstacleResume_Unit1 [✅ PASS]
  │   │   │   ├── Preconditions:  [✅ PASS]
  │   │   │   └── Postconditions: [✅ PASS]
  │   │   Result: [✅ PASS] (2/2 scenes)
  │   │
  │   ├── Scenario_PriorityResolution_Unit1
  │   │   ├── SCN_SPEArrival_Unit1 [✅ PASS]
  │   │   │   ├── Preconditions:  [✅ PASS]
  │   │   │   └── Postconditions: [✅ PASS]
  │   │   Result: [✅ PASS] (1/1 scenes)
  │   │
  │   ├── Scenario_EndMission_Unit1
  │   │   ├── SCN_ReturnToPA_Unit1 [✅ PASS]
  │   │   │   ├── Preconditions:  [✅ PASS]
  │   │   │   └── Postconditions: [✅ PASS]
  │   │   Result: [✅ PASS] (1/1 scenes)
  │   │
  │   ├── Scenario_RoutingLogic_P1_Unit2
  │   │   ├── SCN_MatrixDecision_SA_P1_Unit2 [✅ PASS]
  │   │   │   ├── Preconditions:  [✅ PASS]
  │   │   │   └── Postconditions: [✅ PASS]
  │   │   ├── SCN_MatrixDecision_SPD_P1_Unit2 [❌ FAIL]
  │   │   Result: [❌ FAIL] (1/2 scenes)
  │   │
  │   ├── Scenario_ObstacleHandling_Unit2
  │   │   ├── SCN_ObstacleStop_Unit2 [✅ PASS]
  │   │   │   ├── Preconditions:  [✅ PASS]
  │   │   │   └── Postconditions: [✅ PASS]
  │   │   ├── SCN_ObstacleResume_Unit2 [✅ PASS]
  │   │   │   ├── Preconditions:  [✅ PASS]
  │   │   │   └── Postconditions: [✅ PASS]
  │   │   Result: [✅ PASS] (2/2 scenes)
  │   │
  │   ├── Scenario_PriorityResolution_Unit2
  │   │   ├── SCN_SPEArrival_Unit2 [✅ PASS]
  │   │   │   ├── Preconditions:  [✅ PASS]
  │   │   │   └── Postconditions: [✅ PASS]
  │   │   Result: [✅ PASS] (1/1 scenes)
  │   │
  │   ├── Scenario_EndMission_Unit2
  │   │   ├── SCN_ReturnToPA_Unit2 [✅ PASS]
  │   │   │   ├── Preconditions:  [✅ PASS]
  │   │   │   └── Postconditions: [✅ PASS]
  │   │   Result: [✅ PASS] (1/1 scenes)
  │   │
  Result: [❌ FAIL] (6/8 scenarios)
============================================================
Summary: 6 passed, 2 failed (8 total scenarios)
============================================================
💾 JSON log saved to: logs/simulation-RobAFIS_Validation_Run_P1-1781269796366.jsonl

[INFO] Simulation completed successfully!
